tree
version=v4
num_class=1
num_tree_per_iteration=1
label_index=0
max_feature_idx=11
objective=regression
feature_names=capacity hour_sin hour_cos dow_sin dow_cos lag_15m lag_30m lag_60m rolling_mean_60m neighbor_avg_bikes_ratio forecast_temp_c forecast_precip_mm
feature_infos=[4:55] [-0.99999048072073449:0.99999048072073449] [-0.99999048072073449:0.99999048072073449] [-0.97492791218182362:0.97492791218182362] [-0.90096886790241903:1] [0:54] [0:54] [0:54] [0:53.428571428571431] [0.3445572429323599:0.43678657644686625] [15.9:32.600000000000001] [0:6.7999999999999998]
tree_sizes=2885 2984 2987 2975 2985 2990 2996 2983 2999 2989 2998 2990 2995 2980 2968 3001 2992 2976 3000 2972 2991 3004 3007 2997 2993 2997 2966 2993 3001 3005 2986 2992 3006 2972 2995 3017 3011 3000 3032 3018 2986 2997 2989 2986 3014 3025 3003 3033 3007 3032 3024 3018 3007 3018 3050 3020 3027 3018 3033 2993 3033 3007 3039 3016 3014 2987 3042 3042 3001 3032 3012 3010 2986 3018 3011 3043 3019 3044 3008 3048 2999 3056 3011 3006 2998 3043 3030 2998 3029 3022 3029 3020 3011 2997 2992 3059 3002 3006 3034 2986 3006 2975 3023 3024 3010 3003 3024 3059 3022 3031 3016 3036 3055 3030 3062 2977 3009 3061 3030 3007 3001 3016 3006 3019 3009 2971 3036 2981 3001 3038 2982 2993 3014 3049 3001 3053 3001 2991 2968 3006 3020 3022 3046 3027 2995 3023 3004 2990 3005 3024 2886 3015 2968 2999 3024 2973 2970 3020 2997 3015 2908 2982 2994 3040 3011 2995 2969 2979 2972 2957 2980 2986 3036 2974 2968 2909 2994 3018 3039 2986 2990 2970 3027 2967 2949 2979 2964 2981 2957 3021 2911 2935 2957 3013 3080 3002 2930 3025 3061 2985

Tree=0
num_leaves=31
num_cat=0
split_feature=8 8 8 5 5 8 5 5 5 8 8 8 8 8 8 5 5 5 5 8 8 8 2 8 7 7 7 2 7 7
split_gain=1.65211e+07 3.53038e+06 2.59151e+06 892093 832733 440796 247435 142482 134159 117622 87424.1 70179.9 38893.2 32234.3 30145.5 28640.3 24709.2 22905.8 20775.9 18231.7 15544.5 15314.1 12038.8 10898 10429.6 9545.99 8848.35 8332.74 8226.81 8101.49
threshold=8.4642857142857171 16.937500000000004 4.0625000000000009 25.500000000000004 12.500000000000002 2.0625000000000004 6.5000000000000009 10.500000000000002 33.500000000000007 19.928571428571434 1.0714285714285716 14.845238095238097 5.154761904761906 3.0625000000000004 1.0000000180025095e-35 7.5000000000000009 9.5000000000000018 40.500000000000007 29.500000000000004 21.845238095238098 13.928571428571431 11.866071428571431 0.49999524036036719 17.928571428571434 17.500000000000004 2.5000000000000004 3.5000000000000004 -0.95990363414299973 4.5000000000000009 1.5000000000000002
decision_type=2 2 2 10 10 2 10 8 10 2 2 2 2 2 2 10 10 10 10 2 2 2 2 2 10 8 8 2 8 8
left_child=2 4 5 9 7 10 12 16 18 23 14 20 26 29 -1 -8 -2 22 -5 -11 -6 -9 -10 -3 -13 -15 27 -4 -14 -7
right_child=1 3 6 8 11 13 15 21 17 19 -12 24 28 25 -16 -17 -18 -19 -20 -21 -22 -23 -24 -25 -26 -27 -28 -29 -30 -31
leaf_value=6.58446735494707 7.0157926383381151 7.3964374560205215 7.1127972878819703 7.8629129655990395 7.2093650509684553 6.7934173479604789 6.9213410286660704 7.1140766652005771 8.3498050709486957 7.558164887329573 6.6780184189565279 7.3309573876747498 6.9472298000355854 6.8438340466507244 6.631461338941139 6.9723933822241184 7.0649228241568434 8.6422001697934974 8.0528225577911741 7.6671082084155273 7.262090436591496 7.1632043348300263 8.0544387132693576 7.4635156407253724 7.2186516441656527 6.7676751732836671 6.8138484628230955 6.8662603455946902 6.8674543282505311 6.7206852993674584
leaf_weight=58679 54713 10061 375 3855 34102 4059 57676 44424 1547 7736 77320 29875 3392 4386 81554 52458 48082 575 2299 7626 23690 24673 444 15208 2221 66476 64059 3984 68390 67485
leaf_count=58679 54713 10061 375 3855 34102 4059 57676 44424 1547 7736 77320 29875 3392 4386 81554 52458 48082 575 2299 7626 23690 24673 444 15208 2221 66476 64059 3984 68390 67485
internal_value=6.91719 7.21371 6.76602 7.60162 7.14058 6.6801 6.88957 7.0761 8.0605 7.50314 6.63533 7.2639 6.84551 6.74849 6.6118 6.94566 7.03877 8.36422 7.93386 7.61225 7.23098 7.13162 8.28394 7.43681 7.32319 6.77239 6.81854 6.88747 6.87122 6.72481
internal_weight=921424 311131 610293 49351 261780 359959 250334 171892 8720 40631 217553 89888 140200 142406 140233 110134 102795 2566 6154 15362 57792 69097 1991 25269 32096 70862 68418 4359 71782 71544
internal_count=921424 311131 610293 49351 261780 359959 250334 171892 8720 40631 217553 89888 140200 142406 140233 110134 102795 2566 6154 15362 57792 69097 1991 25269 32096 70862 68418 4359 71782 71544
is_linear=0
shrinkage=1


Tree=1
num_leaves=31
num_cat=0
split_feature=5 5 8 5 5 8 8 8 5 8 8 8 5 8 5 8 5 8 5 8 8 8 8 8 2 6 7 7 7 7
split_gain=1.49123e+07 3.16624e+06 2.35433e+06 856883 684136 397815 226063 124515 121271 118958 78900.2 56639.5 32938 29089.4 28142.7 27206.3 20672.5 19415.2 18875.1 16204.9 16112.2 15808.9 15292.1 13470.6 10893.3 8956.03 8731.61 8622.49 7409.24 7321.48
threshold=8.5000000000000018 16.500000000000004 4.0625000000000009 25.500000000000004 11.500000000000002 2.0625000000000004 6.0625000000000009 19.928571428571434 33.500000000000007 13.928571428571431 1.0714285714285716 9.8660714285714306 7.5000000000000009 3.0625000000000004 5.5000000000000009 1.0000000180025095e-35 40.500000000000007 13.928571428571431 29.500000000000004 12.928571428571431 17.928571428571434 22.773809523809529 14.866071428571431 10.866071428571431 0.46368156678007261 5.5000000000000009 13.500000000000002 2.5000000000000004 3.5000000000000004 1.5000000000000002
decision_type=10 10 2 10 10 2 2 2 10 2 2 2 8 2 8 2 10 2 10 2 2 2 2 2 2 8 10 8 8 8
left_child=2 4 5 7 11 10 14 20 18 19 15 -2 25 29 28 -1 24 -14 -5 26 -3 -9 -11 -13 -10 -8 -6 -15 -4 -7
right_child=1 3 6 8 9 13 12 21 16 22 -12 23 17 27 -16 -17 -18 -19 -20 -21 -22 -23 -24 -25 -26 -27 -28 -29 -30 -31
leaf_value=-0.31608664358761679 0.09954930408222723 0.446285263710682 -0.024163577021363302 0.89796164131121303 0.23933219032521613 -0.11752942167699867 0.1272062447743699 0.62708625085551861 1.3638751499728352 0.3265788329482936 -0.22721313581747507 0.14645331622323463 0.050995061371955641 -0.069616948229024131 -0.043921374052058149 -0.27144234704083176 1.6387595417810523 0.51339817704600199 1.0788998017221145 0.28418059832086562 0.52031395422285787 0.7386641476711 0.38092099344876496 0.18896283727696381 1.0894721001312138 -0.0020521926467604447 0.14146105352893326 -0.14203701239039729 -0.094885624801104296 -0.18667959347454507
leaf_weight=58679 62402 14427 3903 3858 36200 4058 1367 10801 1516 24482 77320 46341 52127 4381 53297 81554 575 228 2301 26081 14984 4496 27474 31172 475 68106 2432 66475 72427 67485
leaf_count=58679 62402 14427 3903 3858 36200 4058 1367 10801 1516 24482 77320 46341 52127 4381 53297 81554 575 228 2301 26081 14984 4496 27474 31172 475 68106 2432 66475 72427 67485
internal_value=6.90309e-10 0.282478 -0.143232 0.632632 0.209559 -0.225238 -0.0258419 0.544179 1.08588 0.298968 -0.267765 0.135005 0.0230604 -0.160267 -0.0718019 -0.290123 1.37468 0.0530088 0.96556 0.253729 0.484001 0.659881 0.355315 0.163549 1.29841 0.000491188 0.233171 -0.137559 -0.0912694 -0.182757
internal_weight=921424 310017 611407 53433 256584 359952 251455 44708 8725 116669 217553 139915 121828 142399 129627 140233 2566 52355 6159 64713 29411 15297 51956 77513 1991 69473 38632 70856 76330 71543
internal_count=921424 310017 611407 53433 256584 359952 251455 44708 8725 116669 217553 139915 121828 142399 129627 140233 2566 52355 6159 64713 29411 15297 51956 77513 1991 69473 38632 70856 76330 71543
is_linear=0
shrinkage=0.05


Tree=2
num_leaves=31
num_cat=0
split_feature=8 8 8 5 5 8 5 5 5 8 8 5 8 8 8 5 5 5 8 8 8 8 2 8 5 7 2 7 7 7
split_gain=1.34607e+07 2.86148e+06 2.13317e+06 726065 669999 359026 207397 113114 109266 96014.1 71207.5 57433.7 31818.5 26254.1 24553.7 23672.2 19288.6 18656.9 17169.1 16629.9 12431.9 10204.4 9848.76 9037.35 8400.86 7855.64 9508.36 7772.35 7749.56 7566.44
threshold=8.5357142857142865 16.937500000000004 4.0625000000000009 25.500000000000004 12.500000000000002 2.0625000000000004 6.5000000000000009 10.500000000000002 33.500000000000007 20.773809523809529 1.0714285714285716 14.500000000000002 5.154761904761906 3.0625000000000004 1.0000000180025095e-35 7.5000000000000009 9.5000000000000018 40.500000000000007 28.690476190476193 18.845238095238098 11.866071428571431 13.928571428571431 0.49999524036036719 23.690476190476193 15.500000000000002 5.5000000000000009 -0.9404343180211393 2.5000000000000004 19.500000000000004 11.500000000000002
decision_type=2 2 2 10 10 2 10 8 10 2 2 10 2 2 2 10 10 10 2 2 2 2 2 2 10 8 2 8 10 10
left_child=2 4 5 9 7 10 12 16 18 19 14 21 -4 -7 -1 -8 29 22 -5 28 -9 -6 -10 -11 -13 26 -17 -15 -3 -2
right_child=1 3 6 8 11 13 15 20 17 23 -12 24 -14 27 -16 25 -18 -19 -20 -21 -22 -23 -24 -25 -26 -27 -28 -29 -30 -31
leaf_value=-0.30028230519966087 0.094331743587675862 0.46047046667323255 -0.089237102705101823 0.84369424996649978 0.26174345299560675 -0.17362183924238697 0.0041767136664261099 0.17771635679018255 1.2930653881394794 0.62721594740710396 -0.21585246861017607 0.33906462939051807 -0.041589014942668062 -0.066217077775220054 -0.25787024857481788 0.35461742832013377 0.13346311577635697 1.5568215611913931 1.01198588748087 0.53109352465223347 0.22198355273140058 0.30736959119364915 1.0259125504256772 0.73590043549442952 0.38658704337666588 0.04514120800008084 0.093282002814904064 -0.13493754678740996 0.33185832831017958 0.012462995348038013
leaf_weight=58679 50023 17360 68418 3453 32441 71544 57771 44405 1547 9359 77320 21151 71813 4386 81554 391 48006 575 2701 10252 24673 19694 444 2404 16597 50571 3169 66476 1256 2991
leaf_count=58679 50023 17360 68418 3453 32441 71544 57771 44405 1547 9359 77320 21151 71813 4386 81554 391 48006 575 2701 10252 24673 19694 444 2404 16597 50571 3169 66476 1256 2991
internal_value=1.15465e-10 0.268825 -0.135856 0.617865 0.202568 -0.213976 -0.0243271 0.14422 1.03185 0.529019 -0.254376 0.312988 -0.0648363 -0.152256 -0.275617 0.0264374 0.110504 1.30594 0.917558 0.479955 0.193528 0.278979 1.23349 0.649428 0.359959 0.0501949 0.121985 -0.130684 0.451793 0.0897128
internal_weight=921424 309332 612092 49351 259981 359959 252133 170098 8720 40631 217553 89883 140231 142406 140233 111902 101020 2566 6154 28868 69078 52135 1991 11763 37748 54131 3560 70862 18616 53014
internal_count=921424 309332 612092 49351 259981 359959 252133 170098 8720 40631 217553 89883 140231 142406 140233 111902 101020 2566 6154 28868 69078 52135 1991 11763 37748 54131 3560 70862 18616 53014
is_linear=0
shrinkage=0.05


Tree=3
num_leaves=31
num_cat=0
split_feature=8 8 8 5 8 5 8 5 8 5 8 5 8 8 8 5 5 5 5 5 7 7 8 2 8 8 7 7 7 6
split_gain=1.21503e+07 2.63744e+06 1.85319e+06 655274 636783 316861 175439 98612.2 94837.3 87040.8 64134 55379.4 26546.4 25944 22159.7 17978 17064 16908.7 15614.1 15365.8 14649.3 13358.4 12792.1 12531.3 11032.2 10498.3 10107.2 9019.09 8884.2 8160.22
threshold=8.2083333333333339 16.937500000000004 3.2083333333333335 25.500000000000004 11.866071428571431 5.5000000000000009 1.0714285714285716 33.500000000000007 13.928571428571431 20.500000000000004 9.8660714285714306 6.5000000000000009 2.0625000000000004 4.3095238095238102 1.0000000180025095e-35 7.5000000000000009 43.500000000000007 15.500000000000002 29.500000000000004 10.500000000000002 14.500000000000002 6.5000000000000009 18.845238095238098 0.49999524036036719 12.928571428571431 22.773809523809529 10.500000000000002 6.5000000000000009 16.500000000000004 3.5000000000000004
decision_type=2 2 2 10 2 8 2 10 2 8 2 10 2 2 2 10 10 8 10 8 10 8 2 2 2 2 10 8 10 8
left_child=2 4 6 9 10 13 14 18 20 22 21 -7 -8 -4 -1 -13 23 28 -5 -12 24 -2 -3 -9 -6 -11 -23 -21 -10 -15
right_child=1 3 5 7 8 11 12 16 17 25 19 15 -14 29 -16 -17 -18 -19 -20 27 -22 26 -24 -25 -26 -27 -28 -29 -30 -31
leaf_value=-0.28526820455265611 0.20466440724738147 0.42783203587040664 -0.12183822358881649 0.81017524152337028 0.21965842503971511 -0.036958024015150248 -0.20505985511263544 1.252194445176797 0.31396972998801914 0.57600443235171439 0.12956997088429578 0.0037053302220718346 -0.16343365839571519 0.068184621569513312 -0.24497671653977832 0.04521491772062463 1.561903101607655 0.36813546788101809 0.9748115998952479 0.33795188046083674 0.13778059457705052 0.088101318471882295 0.50039692818962489 0.96494599805047143 0.26539865901743925 0.67007575440161593 0.014144619030475165 0.16895242863095114 0.21973755173954845 -0.081362869304687113
leaf_weight=58679 2316 18366 72128 3855 29201 62142 77320 1723 37310 8688 40991 57389 75898 924 81554 47820 356 16251 2299 804 3728 60893 9074 487 24032 4503 4999 43666 2681 71347
leaf_count=58679 2316 18366 72128 3855 29201 62142 77320 1723 37310 8688 40991 57389 75898 924 81554 47820 356 16251 2299 804 3728 60893 9074 487 24032 4503 4999 43666 2681 71347
internal_value=-3.30925e-10 0.251181 -0.131245 0.586972 0.189086 -0.0463569 -0.221426 0.980254 0.279073 0.502568 0.122795 0.000467144 -0.18444 -0.100624 -0.261836 0.0225724 1.24065 0.325129 0.87168 0.151653 0.233598 0.0866389 0.451828 1.1889 0.240308 0.608117 0.0824905 0.172008 0.307652 -0.0794509
internal_weight=921424 316223 605201 49351 266872 311750 293451 8720 113203 40631 153669 167351 153218 144399 140233 105209 2566 56242 6154 85461 56961 68208 27440 2210 53233 13191 65892 44470 39991 72271
internal_count=921424 316223 605201 49351 266872 311750 293451 8720 113203 40631 153669 167351 153218 144399 140233 105209 2566 56242 6154 85461 56961 68208 27440 2210 53233 13191 65892 44470 39991 72271
is_linear=0
shrinkage=0.05


Tree=4
num_leaves=31
num_cat=0
split_feature=5 5 8 5 5 8 8 8 5 5 8 8 5 8 8 8 8 8 5 8 8 8 8 7 8 6 7 2 7 2
split_gain=1.09686e+07 2.3297e+06 1.72971e+06 629221 503067 292137 167508 92128.7 89136.9 86857.8 57998.9 41577 25424 21447.4 19999.1 19648.7 17263.7 16750.2 15741.9 14374.2 12458.9 12342.6 10131.6 9112.67 8875.53 7100.44 7097.38 6906.96 6869.24 7294.71
threshold=8.5000000000000018 16.500000000000004 4.0625000000000009 25.500000000000004 11.500000000000002 2.0625000000000004 6.4642857142857153 19.928571428571434 33.500000000000007 13.500000000000002 1.0714285714285716 9.8660714285714306 5.5000000000000009 3.0625000000000004 1.0000000180025095e-35 7.7321428571428585 14.866071428571431 12.845238095238097 38.500000000000007 28.690476190476193 21.845238095238098 17.928571428571434 10.866071428571431 5.5000000000000009 12.928571428571431 2.5000000000000004 13.500000000000002 0.49999524036036719 3.5000000000000004 -0.9404343180211393
decision_type=10 10 2 10 10 2 2 2 10 10 2 2 8 2 2 2 2 2 10 2 2 2 2 8 2 8 10 2 8 2
left_child=2 4 5 7 11 10 12 21 19 24 14 -2 28 -7 -1 23 -11 -17 -10 -5 -9 -3 -13 -8 -6 -15 -24 -20 29 -4
right_child=1 3 6 8 9 13 15 20 18 16 -12 22 -14 25 -16 17 -18 -19 27 -21 -22 -23 26 -25 -26 -27 -28 -29 -30 -31
leaf_value=-0.271004789262976 0.085405796157024649 0.38204896560011997 0.19515012604179521 0.76035508082101222 0.19809538729842724 -0.15676667843633488 0.091351201939788074 0.52161862901984068 1.0885227775887205 0.2740432212314251 -0.19480685512021675 0.12541291973233268 -0.034993124291140119 -0.021953315892616908 -0.23272788968143426 0.045036165229385056 0.32837256572923695 0.42107092417376557 1.4112149694924421 0.91429169883179873 0.61186980168065974 0.44684163509799468 0.16843903820904096 0.0010488840368647644 0.23882104398670079 -0.12056664186514493 0.069870821085569176 1.0370413071400411 -0.081514061911398261 -0.035887211398162581
leaf_weight=58679 62402 14427 378 3458 36845 71543 2926 7716 1678 31617 77320 46341 61535 1875 81554 47580 27202 298 740 2701 7581 14984 29224 61812 21005 68981 1948 148 73373 3553
leaf_count=58679 62402 14427 378 3458 36845 71543 2926 7716 1678 31617 77320 46341 61535 1875 81554 47580 27202 298 740 2701 7581 14984 29224 61812 21005 68981 1948 148 73373 3553
internal_value=-4.46143e-10 0.242263 -0.122841 0.54262 0.179715 -0.193132 -0.0222209 0.466822 0.931018 0.256384 -0.229575 0.115783 -0.0589746 -0.137456 -0.248744 0.0230911 0.299169 0.0473767 1.17861 0.827863 0.566346 0.415059 0.140239 0.00513033 0.212883 -0.117957 0.162279 1.34885 -0.0780642 -0.013671
internal_weight=921424 310017 611407 53433 256584 359952 251455 44708 8725 116669 217553 139915 138839 142399 140233 112616 58819 47878 2566 6159 15297 29411 77513 64738 57850 70856 31172 888 77304 3931
internal_count=921424 310017 611407 53433 256584 359952 251455 44708 8725 116669 217553 139915 138839 142399 140233 112616 58819 47878 2566 6159 15297 29411 77513 64738 57850 70856 31172 888 77304 3931
is_linear=0
shrinkage=0.05


Tree=5
num_leaves=31
num_cat=0
split_feature=8 8 8 5 5 8 5 5 8 8 8 5 8 8 5 8 5 5 5 5 2 7 7 2 8 7 8 8 7 2
split_gain=9.90134e+06 2.07052e+06 1.61619e+06 533336 474247 263644 162151 80315.9 76672.4 71411.3 52344 43046.5 24120.8 19355.1 19055.5 18049.2 15092.4 14572.1 13004.2 12611.5 10928.6 9762.78 8121.72 9763.71 7759.67 7433.5 7301.88 7281.37 6817.02 7024.77
threshold=8.7321428571428594 16.937500000000004 4.0625000000000009 25.500000000000004 12.500000000000002 2.0625000000000004 6.5000000000000009 33.500000000000007 10.866071428571431 20.773809523809529 1.0714285714285716 14.500000000000002 5.154761904761906 3.0625000000000004 7.5000000000000009 1.0000000180025095e-35 9.5000000000000018 43.500000000000007 29.500000000000004 18.500000000000004 0.49999524036036719 14.500000000000002 5.5000000000000009 -0.9404343180211393 11.866071428571431 4.5000000000000009 13.598214285714286 23.690476190476193 2.5000000000000004 -0.97222182374902033
decision_type=2 2 2 10 10 2 10 10 2 2 2 10 2 2 10 2 10 10 10 8 2 10 8 2 2 8 2 2 8 2
left_child=2 4 5 9 8 10 12 18 16 19 15 26 -4 -7 -8 -1 -2 20 -5 -3 -9 24 23 -16 -10 -14 -6 -11 29 -15
right_child=1 3 6 7 11 13 14 17 21 27 -12 -13 25 28 22 -17 -18 -19 -20 -21 -22 -23 -24 -25 -26 -27 -28 -29 -30 -31
leaf_value=-0.25745453259056683 0.079027577128285731 0.38199771168595054 -0.076851324846225866 0.73057055104722002 0.22221388376457074 -0.14893090322738267 0.0037691484639969146 1.1309727711243056 0.15960596818707889 0.53763556309674865 -0.18506651183221234 0.30914275860272505 0.03686365628694073 0.15865156676743059 0.34303156672553586 -0.22109149109717341 0.11724906647137348 1.4165579779764241 0.88081846549756992 0.44854116357365587 0.86272183106389877 0.074908140542901416 0.039294650128268632 0.086738562987162648 0.19682317412916794 -0.038954507772319791 0.25985696201976094 0.63519147768455519 -0.11604730323427997 -0.070724863257057222
leaf_weight=58679 48028 16105 68418 3855 28843 71544 57959 1723 35362 9359 77320 37739 3393 364 418 81554 55875 356 2299 12763 487 2577 55187 3348 23190 68496 23281 2404 66476 4022
leaf_count=58679 48028 16105 68418 3855 28843 71544 57959 1723 35362 9359 77320 37739 3393 364 418 81554 55875 356 2299 12763 487 2577 55187 3348 23190 68496 23281 2404 66476 4022
internal_value=9.00945e-10 0.233443 -0.115079 0.529878 0.176049 -0.183475 -0.0193624 0.884685 0.125722 0.453731 -0.218096 0.268473 -0.0556007 -0.130586 0.0241275 -0.236307 0.0995816 1.11968 0.7867 0.411418 1.07186 0.170154 0.0441427 0.115185 0.174346 -0.0353761 0.239027 0.557573 -0.112064 -0.0516886
internal_weight=921424 304246 617178 49351 254895 359959 257219 8720 165032 40631 217553 89863 140307 142406 116912 140233 103903 2566 6154 28868 2210 61129 58953 3766 58552 71889 52124 11763 70862 4386
internal_count=921424 304246 617178 49351 254895 359959 257219 8720 165032 40631 217553 89863 140307 142406 116912 140233 103903 2566 6154 28868 2210 61129 58953 3766 58552 71889 52124 11763 70862 4386
is_linear=0
shrinkage=0.05


Tree=6
num_leaves=31
num_cat=0
split_feature=8 8 8 8 5 8 8 5 5 5 8 8 8 5 5 8 8 7 6 7 5 8 7 8 7 7 2 5 7 8
split_gain=8.93661e+06 1.96802e+06 1.33665e+06 566077 391684 217326 135203 84611.2 83499.7 54296.3 42681.7 38035.7 21480.2 20307 18347 16289.4 13560.4 13133.3 10819.4 10495.6 9920.52 9642.37 9465.52 10228.9 9454.23 8869.42 8918.86 8774.67 7903.51 7780.77
threshold=8.071428571428573 15.937500000000002 3.3541666666666674 24.535714285714288 11.500000000000002 5.5357142857142865 1.0714285714285716 31.500000000000004 19.500000000000004 13.500000000000002 9.8452380952380967 6.8660714285714297 2.0625000000000004 38.500000000000007 4.5000000000000009 1.0000000180025095e-35 17.690476190476193 4.5000000000000009 6.5000000000000009 10.500000000000002 21.500000000000004 7.7321428571428585 13.500000000000002 10.866071428571431 18.500000000000004 1.5000000000000002 -0.96591663137137795 27.500000000000004 6.5000000000000009 12.928571428571431
decision_type=2 2 2 2 8 2 2 8 8 10 2 2 2 10 10 2 2 8 8 10 10 2 10 2 10 8 2 10 8 2
left_child=2 4 6 8 10 14 15 27 16 29 19 17 -8 -9 -4 -1 24 -7 -13 28 -10 -20 23 -12 -3 26 -14 -5 -2 -6
right_child=1 3 5 7 9 11 12 13 20 -11 22 18 25 -15 -16 -17 -18 -19 21 -21 -22 -23 -24 -25 -26 -27 -28 -29 -30 -31
leaf_value=-0.24458181236814927 0.16772851068458497 0.34184868873075791 -0.10229262623213152 0.65325687801803856 0.17825154817967029 0.064232773143862748 -0.17581319120029867 0.94332031100270797 0.45684158719342333 0.26261844501877768 0.11452174879523697 0.13010868992269328 0.15761808384912576 1.2197252420721152 -0.0661653622335623 -0.21003692574727983 0.39494403032012099 -0.032635338208453483 0.0046618677699538664 0.0010219984925159092 0.53507822384997605 0.038153551545176009 0.035012786643614395 0.15211311737887967 0.21031794074864041 -0.14304052478752427 -0.092918201090489469 0.77264085596719312 0.073899987833735456 0.21629599426553281
leaf_weight=58679 2328 18679 74189 3456 37091 3689 77320 2658 8056 51258 47423 2218 387 886 66772 81554 15060 67965 52736 4851 8152 36272 2784 29263 1474 75586 4327 2775 62460 21076
leaf_count=58679 2328 18679 74189 3456 37091 3689 77320 2658 8056 51258 47423 2218 387 886 66772 81554 15060 67965 52736 4851 8152 36272 2784 29263 1474 75586 4327 2775 62460 21076
internal_value=-5.00432e-10 0.213611 -0.113509 0.468581 0.153258 -0.0397239 -0.188778 0.817366 0.402278 0.225099 0.100537 -0.000385383 -0.157003 1.01242 -0.0851795 -0.224492 0.359051 -0.0276482 0.0210284 0.07196 0.496192 0.0183102 0.125579 0.128866 0.332228 -0.138891 -0.0723502 0.706425 0.0772715 0.192036
internal_weight=921424 319730 601694 61196 258534 303841 297853 9775 51421 109425 149109 162880 157620 3544 140961 140233 35213 71654 91226 69639 16208 89008 79470 76686 20153 80300 4714 6231 64788 58167
internal_count=921424 319730 601694 61196 258534 303841 297853 9775 51421 109425 149109 162880 157620 3544 140961 140233 35213 71654 91226 69639 16208 89008 79470 76686 20153 80300 4714 6231 64788 58167
is_linear=0
shrinkage=0.05


Tree=7
num_leaves=31
num_cat=0
split_feature=8 8 8 5 5 8 8 8 5 5 8 8 5 8 5 8 8 8 2 8 5 7 7 8 7 2 8 7 7 10
split_gain=8.0693e+06 1.68754e+06 1.31644e+06 435212 385722 214317 132257 72491.4 62339.4 51762.9 42634.5 36372.2 19209.6 15850.2 15374.3 14701.2 12644.2 10868.3 10518.2 10380.2 9774.49 9058.42 8964.69 8629.05 8087.77 7876.63 7542.11 7539.48 6865.53 6746.34
threshold=8.7321428571428594 16.937500000000004 4.0625000000000009 26.500000000000004 12.500000000000002 2.0625000000000004 6.0625000000000009 20.773809523809529 10.500000000000002 33.500000000000007 1.0714285714285716 14.845238095238097 7.5000000000000009 3.0625000000000004 5.5000000000000009 1.0000000180025095e-35 44.690476190476197 23.690476190476193 0.49999524036036719 18.845238095238098 9.5000000000000018 15.500000000000002 17.500000000000004 13.598214285714286 4.5000000000000009 -0.9404343180211393 11.866071428571431 5.5000000000000009 19.500000000000004 29.250000000000004
decision_type=2 2 2 10 10 2 2 2 8 10 2 2 8 2 8 2 2 2 2 2 10 10 10 2 8 2 2 8 10 2
left_child=2 4 5 7 8 10 14 19 20 29 15 21 27 -7 -4 -1 18 -9 -11 28 -2 23 -13 -6 25 -14 -10 -8 -3 -5
right_child=1 3 6 9 11 13 12 17 26 16 -12 22 24 -15 -16 -17 -18 -19 -20 -21 -22 -23 -24 -25 -26 -27 -28 -29 -30 -31
leaf_value=-0.23235272731542544 0.071667914869728899 0.35739980712328601 -0.067429797147899387 0.76118781120261536 0.2041755669789089 -0.13453264521183092 0.071948305892347353 0.48549491834213987 0.13746322481595424 1.0315355745282875 -0.16702253125203256 0.29216072368699136 0.41336738086349345 -0.10117014499075959 -0.032465376823875229 -0.1995350661842975 1.3416477006057215 0.58784923099435327 0.77458462533541028 0.41187627157675871 0.10357061027380098 0.12269649397918991 0.18804053663433803 0.24372496058468465 0.036335371545696563 0.10321290661982441 0.17195497479946789 -0.0030948026515415861 0.23634564869971886 0.60502769952681656
leaf_weight=58679 48395 17361 76330 4075 29512 71544 3528 9426 44316 1793 77320 29875 234 70862 53460 81554 261 3578 512 10256 47648 2363 2221 25892 56781 1635 24673 65251 1256 833
leaf_count=58679 48395 17361 76330 4075 29512 71544 3528 9426 44316 1793 77320 29875 234 70862 53460 81554 261 3578 512 10256 47648 2363 2221 25892 56781 1635 24673 65251 1256 833
internal_value=-1.34431e-11 0.210742 -0.103888 0.478361 0.158927 -0.165617 -0.0175025 0.415633 0.11354 0.829827 -0.196832 0.24228 0.0186813 -0.117931 -0.0530281 -0.213267 1.01181 0.513657 0.97446 0.371484 0.0874952 0.218569 0.284956 0.222658 0.039704 0.142044 0.149799 0.000754513 0.349233 0.734684
internal_weight=921424 304246 617178 49351 254895 359959 257219 41877 165032 7474 217553 89863 127429 142406 129790 140233 2566 13004 2305 28873 96043 57767 32096 55404 58650 1869 68989 68779 18617 4908
internal_count=921424 304246 617178 49351 254895 359959 257219 41877 165032 7474 217553 89863 127429 142406 129790 140233 2566 13004 2305 28873 96043 57767 32096 55404 58650 1869 68989 68779 18617 4908
is_linear=0
shrinkage=0.05


Tree=8
num_leaves=31
num_cat=0
split_feature=5 5 8 5 8 8 8 5 5 8 8 5 8 5 8 8 8 7 5 8 7 2 8 7 6 5 2 8 1 2
split_gain=7.28423e+06 1.55126e+06 1.1484e+06 417720 332690 190181 114946 72654.6 49931.5 49083.7 34550 32480.5 19033.8 17006.3 16347.7 13267.8 12190.8 11367.4 10548.8 10408.6 8848.24 8657.55 8340.89 8244.31 8660.75 7759.84 7499.74 7343.62 7310.53 7128.09
threshold=8.5000000000000018 16.500000000000004 3.535714285714286 24.500000000000004 11.866071428571431 6.0625000000000009 1.0714285714285716 31.500000000000004 19.500000000000004 13.928571428571431 5.0714285714285721 10.500000000000002 2.0625000000000004 36.500000000000007 7.366666666666668 1.0000000180025095e-35 12.845238095238097 14.500000000000002 4.5000000000000009 9.3541666666666696 1.5000000000000002 -0.96591663137137795 14.866071428571431 8.5000000000000018 5.5000000000000009 27.500000000000004 0.424593500821079 21.845238095238098 0.49999524036036719 -0.93186591997002521
decision_type=10 10 2 10 2 2 2 10 10 2 2 10 2 10 2 2 2 10 10 2 8 2 2 10 8 10 2 2 2 2
left_child=2 4 6 8 11 10 15 25 28 17 18 19 -8 -9 23 -1 -16 -6 -4 -2 21 -14 -11 24 -7 -5 -15 -10 -3 -19
right_child=1 3 5 7 9 14 12 13 27 22 -12 -13 20 26 16 -17 -18 29 -20 -21 -22 -23 -24 -25 -26 -27 -28 -29 -30 -31
leaf_value=-0.22073509063690475 0.065867287811283176 0.31239337056354544 -0.092252561635796093 0.58652217820306973 0.18646685776308689 0.12645176417378839 -0.15867140517201503 0.82724122427536606 0.41845586636754606 0.22662992654346287 -0.033697659079464516 0.13223177662963168 0.1623158986836967 1.1107137521394639 0.034344239711349832 -0.18955831981287374 0.35499650783830594 -0.065490272893395041 -0.063032973859622574 0.097895414064468084 -0.12837527922161723 -0.079199734518938456 0.26671861344535086 -0.077146408769511052 0.00058300376855055611 0.69695488595513211 0.82473614121236194 0.48797204215880108 0.364494194322182 0.1256470919865724
leaf_weight=58679 51276 15779 69111 3685 53016 1398 77320 2134 9612 24556 62653 46346 404 1109 55828 81554 298 579 55850 50203 79457 4551 27512 3347 60957 2799 289 6282 11744 3096
leaf_count=58679 51276 15779 69111 3685 53016 1398 77320 2134 9612 24556 62653 46346 404 1109 55828 81554 298 579 55850 50203 79457 4551 27512 3347 60957 2799 289 6282 11744 3096
internal_value=3.74037e-10 0.197426 -0.100106 0.442518 0.146386 -0.0324133 -0.169475 0.733584 0.375372 0.212763 -0.0640001 0.0975509 -0.140749 0.916043 0.01623 -0.202604 0.0360467 0.180572 -0.0791932 0.081712 -0.124333 -0.059508 0.247812 -0.000698477 0.00340498 0.634194 1.0516 0.445932 0.334625 0.0955332
internal_weight=921424 310017 611407 53433 256584 309442 301965 10016 43417 108759 187614 147825 161732 3532 121828 140233 56126 56691 124961 101479 84412 4955 52068 65702 62355 6484 1398 15894 27523 3675
internal_count=921424 310017 611407 53433 256584 309442 301965 10016 43417 108759 187614 147825 161732 3532 121828 140233 56126 56691 124961 101479 84412 4955 52068 65702 62355 6484 1398 15894 27523 3675
is_linear=0
shrinkage=0.05


Tree=9
num_leaves=31
num_cat=0
split_feature=8 8 8 5 5 8 5 5 8 5 8 5 8 8 8 8 7 8 7 8 8 2 7 8 2 7 2 7 10 2
split_gain=6.57446e+06 1.36798e+06 1.08436e+06 354789 311498 174297 110833 53873.6 49303.4 47960.6 34726.1 29214.7 15654.3 13356.7 13105.5 11974.2 11628.7 11007.4 10529.9 10667.3 9514.34 8947.68 8035.32 7392.29 7159.82 6487.44 6922.15 6384.56 6320.71 7811.72
threshold=8.8452380952380967 16.937500000000004 4.0625000000000009 25.500000000000004 12.500000000000002 2.0625000000000004 6.5000000000000009 33.500000000000007 10.866071428571431 20.500000000000004 1.0714285714285716 14.500000000000002 5.154761904761906 7.0714285714285721 3.0625000000000004 1.0000000180025095e-35 6.5000000000000009 44.690476190476197 11.500000000000002 9.3541666666666696 29.845238095238098 0.49999524036036719 13.500000000000002 18.845238095238098 -0.97222182374902033 3.5000000000000004 -0.95990363414299973 4.5000000000000009 29.550000000000001 0.40466461168876017
decision_type=2 2 2 10 10 2 8 10 2 8 2 10 2 2 2 2 8 2 10 2 2 2 10 2 2 8 2 8 2 2
left_child=2 4 5 9 8 10 12 20 18 23 15 -6 25 -8 -7 -1 24 21 19 -2 -5 -9 -10 -3 -15 26 -4 -14 -11 -30
right_child=1 3 6 7 11 14 13 17 22 28 -12 -13 27 16 -16 -17 -18 -19 -20 -21 -22 -23 -24 -25 -26 -27 -28 -29 29 -31
leaf_value=-0.20969833697648227 0.066543932354252724 0.31388180725656617 0.20171313926962517 0.59875136271961027 0.19462173669854077 -0.12158288322055884 0.00069153971702197925 0.93153949157525495 0.14364274153729364 0.46090473001283017 -0.15073782760808915 0.25238577685731717 0.03773616005628401 0.30433201846185232 -0.091246175341390345 -0.18008040438277836 0.028428859337020947 1.2214949300919455 0.011893643155354289 0.099986447029351555 0.73245056975852574 0.69454643078497613 0.074936859101456338 0.36904442192675457 0.088059587726164429 -0.066702439013625853 -0.022989805383480579 -0.032538091576095905 0.4425940681810196 0.2143027513420572
leaf_weight=58679 42323 18366 375 4208 52120 71544 50953 1793 56527 11611 77320 37738 3393 414 70862 81554 62833 261 5132 54616 1946 512 4602 9074 5059 63908 3984 68137 969 611
leaf_count=58679 42323 18366 375 4208 52120 71544 50953 1793 56527 11611 77320 37738 3393 414 70862 81554 62833 261 5132 54616 1946 512 4602 9074 5059 63908 3984 68137 969 611
internal_value=2.34031e-10 0.191084 -0.0933506 0.431894 0.144121 -0.149491 -0.0153433 0.72128 0.102958 0.369788 -0.17764 0.218881 -0.0455502 0.0200655 -0.106487 -0.192474 0.0345176 0.913744 0.0816906 0.0853856 0.641029 0.878897 0.13847 0.332123 0.104419 -0.062677 -0.00365886 -0.0292047 0.448137 0.354312
internal_weight=921424 302409 619015 49351 253058 359959 259056 8720 163200 40631 217553 89858 139797 119259 142406 140233 68306 2566 102071 96939 6154 2305 61129 27440 5473 68267 4359 71530 13191 1580
internal_count=921424 302409 619015 49351 253058 359959 259056 8720 163200 40631 217553 89858 139797 119259 142406 140233 68306 2566 102071 96939 6154 2305 61129 27440 5473 68267 4359 71530 13191 1580
is_linear=0
shrinkage=0.05


Tree=10
num_leaves=31
num_cat=0
split_feature=5 8 8 5 5 8 8 5 5 5 8 8 8 5 6 8 8 6 8 8 7 7 2 7 7 2 10 8 7 5
split_gain=5.9346e+06 1.26591e+06 935592 376859 237825 152965 95587.5 58879.5 51979.8 35599.9 27297.4 22269.2 16199.7 14664.9 13608.4 13093 10806.7 9731 9524.95 9343.91 8466.47 7870.18 7659.03 7403.43 6970.75 6712.06 6520.69 6792.35 6391.91 6284.9
threshold=8.5000000000000018 15.937500000000002 3.5857142857142863 24.500000000000004 11.500000000000002 6.0625000000000009 1.0714285714285716 31.500000000000004 19.500000000000004 13.500000000000002 5.0714285714285721 9.8660714285714306 2.1547619047619051 38.500000000000007 5.5000000000000009 7.4642857142857153 1.0000000180025095e-35 3.5000000000000004 17.928571428571434 4.6190476190476195 1.5000000000000002 18.500000000000004 -0.96591663137137795 16.500000000000004 8.5000000000000018 -0.96591663137137795 30.500000000000004 27.690476190476193 3.5000000000000004 21.500000000000004
decision_type=10 2 2 10 10 2 2 10 10 10 2 2 2 10 10 2 2 8 2 2 8 10 2 10 10 2 2 2 8 10
left_child=2 4 6 8 11 10 16 26 18 -6 17 -2 -8 -9 -7 24 -1 25 21 -19 22 -3 -14 -11 -16 -4 27 -5 -12 -10
right_child=1 3 5 7 9 14 12 13 29 23 28 -13 20 -15 15 -17 -18 19 -20 -21 -22 -23 -24 -25 -26 -27 -28 -29 -30 -31
leaf_value=-0.19921342560372274 0.062783723936740615 0.28179459668206913 0.20673656734555321 0.54721471878941264 0.1566023770203471 0.12489365740372052 -0.14282415170720184 0.76794316852067102 0.37107587993502555 0.21788121075453623 0.063126298455271929 0.10291530861889929 0.16689528005639304 1.0028002754676046 0.00097067364054764609 0.030469017094735176 -0.1710763836984564 -0.086396047057091141 0.32617660611509336 -0.058050119594196904 -0.11518348770834817 0.17212815164550263 -0.065141308816030113 0.12452965463486475 -0.07245500257022984 -0.018252416096301845 0.42104517059415347 0.6580731021448053 -0.033287815471069127 0.43405469867415447
leaf_weight=58679 62402 19840 358 3601 57782 2738 79375 2643 7961 49053 1769 77498 388 888 62059 53621 81554 66291 13584 51783 79758 1783 4263 2220 3410 4477 635 2242 60884 7885
leaf_count=58679 62402 19840 358 3601 57782 2738 79375 2643 7961 49053 1769 77498 388 888 62059 53621 81554 66291 13584 51783 79758 1783 4263 2220 3410 4477 635 2242 60884 7885
internal_value=-3.95677e-10 0.1782 -0.0903574 0.382211 0.128162 -0.0288465 -0.152551 0.662748 0.327212 0.183513 -0.0574257 0.0850147 -0.126608 0.827007 0.0146839 0.01215 -0.18285 -0.0711176 0.293365 -0.0739645 -0.11136 0.272752 -0.0457841 0.213839 -0.00285376 -0.00159346 0.573215 0.589752 -0.0305656 0.402414
internal_weight=921424 310017 611407 61062 248955 307390 304017 10009 51053 109055 185562 139900 163784 3531 121828 119090 140233 122909 35207 118074 84409 21623 4651 51273 65469 4835 6478 5843 62653 15846
internal_count=921424 310017 611407 61062 248955 307390 304017 10009 51053 109055 185562 139900 163784 3531 121828 119090 140233 122909 35207 118074 84409 21623 4651 51273 65469 4835 6478 5843 62653 15846
is_linear=0
shrinkage=0.05


Tree=11
num_leaves=31
num_cat=0
split_feature=8 5 8 8 5 8 5 5 5 5 8 8 8 8 8 7 5 7 8 7 7 7 7 2 2 8 5 2 2 7
split_gain=5.35695e+06 1.11749e+06 883480 290371 260029 141779 90272.9 47180.1 37031.3 36055.5 28256.4 27315.3 13019 10836.6 10747.9 10613.3 10406.5 10375.9 9753.08 9117.4 7930.32 7571.93 7442.23 7975.05 7022.67 6942.69 6585.22 7334.26 6512.78 6239.06
threshold=8.8452380952380967 17.500000000000004 4.0625000000000009 12.928571428571431 26.500000000000004 2.0625000000000004 6.5000000000000009 10.500000000000002 21.500000000000004 36.500000000000007 1.0714285714285716 14.866071428571431 5.4642857142857153 3.0625000000000004 7.0714285714285721 15.500000000000002 30.500000000000004 6.5000000000000009 1.0000000180025095e-35 13.500000000000002 6.5000000000000009 13.500000000000002 3.5000000000000004 -0.9404343180211393 -0.96591663137137795 9.4642857142857171 47.500000000000007 0.53913703985740891 -0.9404343180211393 19.500000000000004
decision_type=2 10 2 2 10 2 10 10 10 10 2 2 2 2 2 10 10 8 2 10 8 10 8 2 2 2 10 2 2 10
left_child=2 3 5 7 8 10 12 21 -3 16 18 15 22 -7 -8 -5 -6 28 -1 20 -9 25 23 -4 -17 -2 27 -11 -16 -13
right_child=1 4 6 11 9 13 14 19 -10 26 -12 29 -14 -15 17 24 -18 -19 -20 -21 -22 -23 -24 -25 -26 -27 -28 -29 -30 -31
leaf_value=-0.18925275165100031 0.059001866977902662 0.31928163181430347 0.19826517087543227 0.18834744087645422 0.56316794405141979 -0.10988068638565121 0.00076328706236548514 0.2418903506430875 0.43142681308333519 0.92732557008174676 -0.13605973061530688 0.24243502252631266 -0.024463006421184 -0.082294787951649129 0.25765087930814118 -0.12370693741825019 0.69432443076002914 0.025424894617254758 -0.16252256854034794 0.046221561991363416 0.12590234045412027 -0.031689489889599458 -0.059124607189787848 -0.016390991814992772 0.11859372914212769 0.086414434027141565 1.3295719170293143 0.59499425960847974 0.07866834554989445 0.12987999267250394
leaf_weight=58679 43763 25007 480 48276 3255 71544 50552 1505 10432 1117 77320 36650 64383 70862 567 337 2825 62710 81554 3548 70826 1744 71067 4391 2655 48914 86 195 4906 1274
leaf_count=58679 43763 25007 480 48276 3255 71544 50552 1505 10432 1117 77320 36650 64383 70862 567 337 2825 62710 81554 3548 70826 1744 71067 4391 2655 48914 86 195 4906 1274
internal_value=-7.77657e-11 0.172485 -0.0842647 0.133397 0.408828 -0.134939 -0.0138526 0.0951198 0.352293 0.676754 -0.160327 0.206482 -0.0410032 -0.0961538 0.018234 0.182684 0.624108 0.0311871 -0.173708 0.124477 0.128316 0.0715276 -0.0550267 0.00476174 0.0913025 0.0734699 0.905715 0.877932 0.0972108 0.238654
internal_weight=921424 302409 619015 259492 42917 359959 259056 170300 35439 7478 217553 89192 140321 142406 118735 51268 6080 68183 140233 75879 72331 94421 75938 4871 2992 92677 1398 1312 5473 37924
internal_count=921424 302409 619015 259492 42917 359959 259056 170300 35439 7478 217553 89192 140321 142406 118735 51268 6080 68183 140233 75879 72331 94421 75938 4871 2992 92677 1398 1312 5473 37924
is_linear=0
shrinkage=0.05


Tree=12
num_leaves=31
num_cat=0
split_feature=8 8 8 8 5 5 8 5 5 8 8 8 8 8 7 8 7 8 8 1 6 7 2 7 7 7 7 2 7 0
split_gain=4.83641e+06 1.07339e+06 722764 308549 212940 122502 69062.2 46244.4 44649.5 29157.6 22547.5 21406.6 10568.6 10220.7 9488.67 9205.42 9058.66 8976.33 8802.15 7584.22 7533.86 7395.1 9617.79 7310.75 7296.76 7251.87 7167.03 6652.8 6439.99 6437.94
threshold=8.071428571428573 15.937500000000002 3.2083333333333335 24.535714285714288 11.500000000000002 5.5000000000000009 1.0714285714285716 33.500000000000007 19.500000000000004 13.690476190476192 9.8660714285714306 6.8452380952380958 4.6190476190476195 2.0625000000000004 16.500000000000004 28.690476190476193 10.500000000000002 40.619047619047628 1.0000000180025095e-35 0.55364818547156358 6.5000000000000009 3.5000000000000004 -0.95990363414299973 2.5000000000000004 13.500000000000002 7.5000000000000009 12.500000000000002 -0.96591663137137795 35.500000000000007 51.500000000000007
decision_type=2 2 2 2 8 8 2 8 8 2 2 2 2 2 10 2 10 2 2 2 8 8 2 8 8 8 10 2 10 2
left_child=2 4 6 8 10 12 18 15 19 24 16 21 23 -8 -11 -5 25 -9 -1 -3 -13 22 -7 -4 -6 -2 29 -28 -17 -12
right_child=1 3 5 7 9 11 13 17 -10 14 26 20 -14 -15 -16 28 -18 -19 -20 -21 -22 -23 -24 -25 -26 -27 27 -29 -30 -31
leaf_value=-0.17979010909533691 0.114915878016542 0.24555606679770584 -0.010150985871066595 0.49387583802189416 0.14941332575114472 0.31108256834305281 -0.1292567431415054 0.73750629188334282 0.36516997082322572 0.20055883169000596 0.096095486245527384 0.1020401279352081 -0.048517213815548341 -0.10342795921257263 0.10435670890187541 0.62883359657380666 -0.010151728096484977 0.96933832319865698 -0.15439644264637903 0.29274201501314201 0.013070686655058375 -0.024654221166437288 0.023664712406010348 -0.079215537394064617 0.097338688097953388 0.053489641363866351 -0.12704647385791373 0.05502178313274933 0.28520980386270417 1.5145724594593049
leaf_weight=58679 5218 20788 4035 4485 54307 321 77320 2055 16208 44721 72942 2444 64297 75898 2719 2567 5207 524 81554 14425 90084 67892 3121 76049 7678 60688 565 4481 144 7.9999999999999991
leaf_count=58679 5218 20788 4035 4485 54307 321 77320 2055 16208 44721 72942 2444 64297 75898 2719 2567 5207 524 81554 14425 90084 67892 3121 76049 7678 60688 565 4481 144 8
internal_value=1.04454e-10 0.157144 -0.0835037 0.345446 0.112572 -0.0300347 -0.139668 0.602949 0.296496 0.165543 0.0736993 -0.000447105 -0.0636146 -0.116462 0.195045 0.537843 0.0533369 0.78461 -0.165022 0.264886 0.0154207 -0.0210294 0.0504692 -0.0757357 0.142963 0.058353 0.0922648 0.0346356 0.610581 0.096251
internal_weight=921424 319730 601694 61196 258534 308243 293451 9775 51421 109425 149109 163862 144381 153218 47440 7196 71113 2579 140233 35213 92528 71334 3442 80084 61985 65906 77996 5046 2711 72950
internal_count=921424 319730 601694 61196 258534 308243 293451 9775 51421 109425 149109 163862 144381 153218 47440 7196 71113 2579 140233 35213 92528 71334 3442 80084 61985 65906 77996 5046 2711 72950
is_linear=0
shrinkage=0.05


Tree=13
num_leaves=31
num_cat=0
split_feature=8 8 8 8 5 8 8 8 5 5 5 8 7 5 7 7 8 2 8 8 7 7 8 7 2 2 8 7 6 2
split_gain=4.36682e+06 910000 726491 244022 202851 115261 74951.8 38117.6 30091 27500.2 23981.7 23015 13707.8 10540.3 10184.1 10074.9 10048.5 9577.72 8818.06 8816.52 8003.37 7979.78 7943.94 7351.1 6905.85 6726.68 6513.01 6086.64 5917.58 5810.45
threshold=8.8660714285714306 17.690476190476193 4.0625000000000009 12.928571428571431 26.500000000000004 2.0625000000000004 6.4642857142857153 10.866071428571431 36.500000000000007 21.500000000000004 15.500000000000002 1.0714285714285716 5.5000000000000009 5.5000000000000009 13.500000000000002 8.5000000000000018 7.9285714285714297 -0.92387073784400886 30.535714285714288 3.0625000000000004 9.5000000000000018 12.500000000000002 1.0000000180025095e-35 16.500000000000004 -0.9474464830022985 -0.9404343180211393 14.690476190476192 12.500000000000002 2.5000000000000004 0.424593500821079
decision_type=2 2 2 2 8 2 2 2 10 10 8 2 8 10 10 8 2 2 2 2 8 10 2 10 2 2 2 8 8 2
left_child=2 3 5 7 9 11 13 15 18 -3 23 22 17 -4 20 25 -14 -8 -6 -7 -9 -17 -1 26 -25 -2 -5 -12 -21 -10
right_child=1 4 6 10 8 19 12 14 29 -11 27 -13 16 -15 -16 21 -18 -19 -20 28 -22 -23 -24 24 -26 -27 -28 -29 -30 -31
leaf_value=-0.17080060784963705 0.28682008168307499 0.29213111566705713 -0.049527933451813777 0.16626431016742282 0.5093299055957784 -0.099215256194821716 0.28670726998751689 0.20151292283614075 0.87130186183695546 0.39022391924968025 0.32058309042693545 -0.12279390677308642 6.4597057568645453e-05 -0.021817230349344695 0.038939099850960335 0.064823196553850784 0.029650018166746391 0.072279867967762854 0.62997790243754059 0.013214319372056979 0.11633625138971826 -0.02969029424008179 -0.1466766163189604 -0.087720136640367111 0.12733898595379736 0.11010014145603471 0.20277549634650477 0.22284340441441977 -0.07671767904917387 0.61958417808927058
leaf_weight=58679 589 22877 77589 46380 3451 71544 591 2889 1109 10390 1710 77320 65648 61529 4104 91745 50994 4382 2699 1879 60753 2289 81554 428 2920 6278 16581 23251 68983 289
leaf_count=58679 589 22877 77589 46380 3451 71544 591 2889 1109 10390 1710 77320 65648 61529 4104 91745 50994 4382 2699 1879 60753 2289 81554 428 2920 6278 16581 23251 68983 289
internal_value=-5.04346e-10 0.156376 -0.075766 0.12191 0.375863 -0.121804 -0.0122072 0.0862698 0.609876 0.322768 0.187766 -0.144695 0.016465 -0.0372721 0.11528 0.0667921 0.0129989 0.0977628 0.562278 -0.0868337 0.120203 0.0625225 -0.156771 0.172041 0.0998464 0.125258 0.17588 0.229539 -0.074333 0.819266
internal_weight=921424 300732 620692 259917 40815 359959 260733 168647 7548 33267 91270 217553 121615 139118 67746 100901 116642 4973 6150 142406 63642 94034 140233 66309 3348 6867 62961 24961 70862 1398
internal_count=921424 300732 620692 259917 40815 359959 260733 168647 7548 33267 91270 217553 121615 139118 67746 100901 116642 4973 6150 142406 63642 94034 140233 66309 3348 6867 62961 24961 70862 1398
is_linear=0
shrinkage=0.05


Tree=14
num_leaves=31
num_cat=0
split_feature=8 8 8 8 8 8 5 5 8 8 8 5 8 7 8 7 7 8 10 2 8 8 8 7 7 8 6 2 7 7
split_gain=3.94105e+06 821422 655658 214693 185543 104023 67892.4 37651.6 30580.3 24440.9 20771 14790.8 9567.48 9063.36 8794.87 9017.19 8617.35 8367.15 8025.19 13443.1 7956.91 7846.81 7497.82 7485.27 7303.03 7169.4 6877.26 6784.27 6250.88 6184.3
threshold=8.8660714285714306 16.937500000000004 4.0625000000000009 24.535714285714288 11.866071428571431 2.0625000000000004 6.5000000000000009 33.500000000000007 13.928571428571431 19.928571428571434 1.0714285714285716 10.500000000000002 5.5857142857142863 15.500000000000002 7.0714285714285721 6.5000000000000009 17.500000000000004 15.535714285714286 29.250000000000004 0.424593500821079 3.0625000000000004 44.690476190476197 28.690476190476193 25.500000000000004 10.500000000000002 1.0000000180025095e-35 3.5000000000000004 0.46368156678007261 22.500000000000004 6.5000000000000009
decision_type=2 2 2 2 2 2 8 8 2 2 2 10 2 10 2 8 10 2 2 2 2 2 2 10 8 2 8 2 10 8
left_child=2 4 5 9 11 10 12 18 13 28 25 -2 26 24 -8 -16 17 -10 22 -20 -7 27 -5 -11 -6 -1 -4 -9 -3 -13
right_child=1 3 6 7 8 20 14 21 16 23 -12 29 -14 -15 15 -17 -18 -19 19 -21 -22 -23 -24 -25 -26 -27 -28 -29 -30 -31
leaf_value=-0.16226057378212799 0.061546118647216201 0.256847514200227 0.049804874019064485 0.46681417232974642 0.21759635298004376 -0.094254492523492744 3.6550573554335557e-05 0.72822597622148044 0.17852329377607951 0.34254816960101747 -0.11665421196027813 0.20422215483967188 -0.020327288992753847 0.016822656333711772 0.08827133204566473 0.02205704267543248 0.098025186366629061 0.22416303195947218 0.49091201863257716 0.13692621940286881 -0.070616360944046719 0.96872816926218097 0.58245959229344835 0.15018622191321285 0.13289425739458902 -0.139342788525877 -0.048974611781239713 0.52923024104911398 0.058339849342973371 0.093170382161616674
leaf_weight=58679 92387 24878 1803 3796 2674 71544 50953 1751 40175 13770 77320 1290 60400 1615 5588 64380 2678 13389 765 413 70862 261 2222 525 52672 81554 77609 567 403 44501
leaf_count=58679 92387 24878 1803 3796 2674 71544 50953 1751 40175 13770 77320 1290 60400 1615 5588 64380 2678 13389 765 413 70862 261 2222 525 52672 81554 77609 567 403 44501
internal_value=-4.16615e-10 0.148558 -0.0719777 0.335059 0.111944 -0.115714 -0.0115969 0.544899 0.159402 0.28323 -0.137461 0.0730629 -0.0353249 0.13358 0.0158381 0.0273453 0.185555 0.189932 0.486152 0.366807 -0.082492 0.708816 0.509513 0.335483 0.136987 -0.148932 -0.0467319 0.67955 0.253683 0.0962989
internal_weight=921424 300732 620692 49351 251381 359959 260733 9775 113203 39576 217553 138178 139812 56961 120921 69968 56242 53564 7196 1178 142406 2579 6018 14295 55346 140233 79412 2318 25281 45791
internal_count=921424 300732 620692 49351 251381 359959 260733 9775 113203 39576 217553 138178 139812 56961 120921 69968 56242 53564 7196 1178 142406 2579 6018 14295 55346 140233 79412 2318 25281 45791
is_linear=0
shrinkage=0.05


Tree=15
num_leaves=31
num_cat=0
split_feature=5 5 8 5 8 8 8 5 8 8 8 8 6 5 7 8 8 6 7 7 2 7 7 7 2 2 8 2 7 2
split_gain=3.55788e+06 764266 560979 206466 165682 91910.4 56983.9 35347.4 24336.3 23422.7 16840.9 16224.7 11124.4 9663.74 9496.64 9174.01 8754.13 8413.54 8002.74 7638.66 7664.53 7433.38 7156.67 6900.19 6897.12 6738 6718.63 6058.27 5806.19 7141.11
threshold=8.5000000000000018 16.500000000000004 3.5857142857142863 24.500000000000004 11.866071428571431 6.0625000000000009 1.1547619047619049 31.500000000000004 19.928571428571434 13.928571428571431 4.8452380952380958 9.8452380952380967 5.5000000000000009 39.500000000000007 8.5000000000000018 2.1547619047619051 7.7321428571428585 3.5000000000000004 14.500000000000002 3.5000000000000004 -0.98101942973744338 1.5000000000000002 12.500000000000002 8.5000000000000018 -0.96591663137137795 -0.92387073784400886 1.0000000180025095e-35 -0.9404343180211393 5.5000000000000009 -0.9404343180211393
decision_type=10 10 2 10 2 2 2 10 2 2 2 2 10 10 8 2 2 8 10 8 2 8 10 10 2 2 2 2 8 2
left_child=2 4 6 8 11 10 26 -5 -3 18 17 28 -7 -9 25 -8 23 -4 -6 20 -12 24 -16 -14 -17 -13 -1 -20 29 -2
right_child=1 3 5 7 9 12 15 13 -10 -11 19 14 16 -15 22 21 -18 -19 27 -21 -22 -23 -24 -25 -26 -27 -28 -29 -30 -31
leaf_value=-0.15414754710908046 0.34557523249239208 0.23696313696280125 0.0030568880328103762 0.4453159905979801 0.13170287377980355 0.11105536731490791 -0.11025638567368304 0.60178051583570547 0.31703408836408969 0.17320607165102719 0.38221817925033802 0.36634172671224163 0.0022872279256341845 0.81237085330926906 0.081870022425356265 0.17686574634202978 0.025893368132240115 -0.066528387445179846 -0.098774744050911356 -0.033848057707280797 0.03084400450400774 -0.089985588683696938 0.015889285349512516 -0.059909017193995009 -0.043327198710066246 0.13993531282154367 -0.1320857681632725 0.082135032366864077 0.044904935495182097 0.0906595799336265
leaf_weight=58679 314 29406 4621 6484 53016 2738 77146 2859 14011 52068 166 372 67262 673 78767 388 47052 72452 543 105938 2385 79758 4336 4776 4263 2818 83783 3132 59021 2197
leaf_count=58679 314 29406 4621 6484 53016 2738 77146 2859 14011 52068 166 372 67262 673 78767 388 47052 72452 543 105938 2385 79758 4336 4776 4263 2818 83783 3132 59021 2197
internal_value=-4.62319e-10 0.137978 -0.0699622 0.31001 0.102152 -0.0223321 -0.118121 0.514641 0.262803 0.148994 -0.0444853 0.0676894 0.0114105 0.641907 0.0816772 -0.0977933 0.0091196 -0.0623563 0.126757 -0.0317893 0.0537088 -0.0864025 0.0784274 -0.00183628 -0.0249581 0.166338 -0.141173 0.0554047 0.0480729 0.122537
internal_weight=921424 310017 611407 53433 256584 307390 304017 10016 43417 108759 185562 147825 121828 3532 86293 161555 119090 77073 56691 108489 2551 84409 83103 72038 4651 3190 142462 3675 61532 2511
internal_count=921424 310017 611407 53433 256584 307390 304017 10016 43417 108759 185562 147825 121828 3532 86293 161555 119090 77073 56691 108489 2551 84409 83103 72038 4651 3190 142462 3675 61532 2511
is_linear=0
shrinkage=0.05


Tree=16
num_leaves=31
num_cat=0
split_feature=8 8 8 8 5 8 8 8 5 8 8 8 7 7 2 7 8 7 7 7 2 7 8 6 6 7 2 0 10 8
split_gain=3.21191e+06 673203 534088 180812 150074 84582.2 55366.7 28516.4 22734.6 20739.3 17776.6 16931.6 11504.9 9897.64 11987.4 9151.09 9090.44 8540.96 8508.36 8012.96 7717.76 7662.03 8082.28 7428.87 7203.36 7183.54 7937 7114.32 7520.18 7004.61
threshold=8.8660714285714306 17.690476190476193 4.0625000000000009 12.928571428571431 26.500000000000004 2.0625000000000004 6.5357142857142865 10.845238095238097 36.500000000000007 21.845238095238098 14.866071428571431 1.0714285714285716 4.5000000000000009 3.5000000000000004 -0.95990363414299973 13.500000000000002 5.7321428571428585 18.500000000000004 15.500000000000002 11.500000000000002 -0.96759678964602525 9.5000000000000018 7.366666666666668 8.5000000000000018 10.500000000000002 1.5000000000000002 -0.96591663137137795 34.000000000000007 29.250000000000004 3.2083333333333335
decision_type=2 2 2 2 8 2 2 2 10 2 2 2 8 8 2 10 2 10 10 10 2 10 2 8 8 8 2 2 2 2
left_child=2 3 5 7 9 11 13 19 27 -3 18 -1 20 14 -4 24 -15 -12 -5 23 -8 22 -14 -2 -9 26 -7 -6 -29 -27
right_child=1 4 6 10 8 25 12 15 -10 -11 17 -13 21 16 -16 -17 -18 -19 -20 -21 -22 -23 -24 -25 -26 29 -28 28 -30 -31
leaf_value=-0.13442000089018916 0.15293740234257175 0.25350030889471858 0.23771899201003377 0.14678530878464455 0.41373156010895934 0.17948405699978165 0.41646567784004579 0.19684285999451689 0.70618080039147568 0.3429165381389892 0.19135717714172246 -0.10527721716964063 0.0012338261673709137 -0.045634893575060065 0.0061681862099394573 0.026668794072734966 -0.019216792290814629 0.08226305789241134 0.060037651761179957 -0.0066391807334561723 0.096442230851416136 -0.04130606376789428 0.028241751395868861 0.057724630662109103 0.10010544970990283 -0.087597203805052398 -0.03695804433618545 0.55327962747026438 0.35303365491139932 -0.0649398176887208
leaf_weight=140233 2095 24440 614 48389 2321 461 207 1985 1398 8827 37996 77320 52803 78642 6234 4172 55574 1883 3002 4762 2096 6294 58269 92640 62993 71475 5215 3282 547 65255
leaf_count=140233 2095 24440 614 48389 2321 461 207 1985 1398 8827 37996 77320 52803 78642 6234 4172 55574 1883 3002 4762 2096 6294 58269 92640 62993 71475 5215 3282 547 65255
internal_value=-1.12262e-10 0.134113 -0.0649791 0.104468 0.322895 -0.104453 -0.0104828 0.0737893 0.524177 0.277226 0.161156 -0.124062 0.0145329 -0.0317045 0.0269293 0.0984517 -0.0346961 0.186206 0.141718 0.0566489 0.125207 0.0123612 0.0154023 0.0598302 0.103061 -0.0744958 -0.0193788 0.482804 0.524673 -0.0767839
internal_weight=921424 300732 620692 259917 40815 359959 260733 168647 7548 33267 91270 217553 119669 141064 6848 69150 134216 39879 51391 99497 2303 117366 111072 94735 64978 142406 5676 6150 3829 136730
internal_count=921424 300732 620692 259917 40815 359959 260733 168647 7548 33267 91270 217553 119669 141064 6848 69150 134216 39879 51391 99497 2303 117366 111072 94735 64978 142406 5676 6150 3829 136730
is_linear=0
shrinkage=0.05


Tree=17
num_leaves=31
num_cat=0
split_feature=8 8 5 8 8 8 8 8 8 8 5 8 2 9 0 7 7 7 7 0 7 6 8 2 5 6 7 7 7 8
split_gain=2.90041e+06 648477 433200 186129 128619 69272.1 45035.2 33948 23515.6 16519.5 14872.8 11393.5 10511.1 13864.6 11019 8183.74 7976.69 7918.04 7300.71 7418.42 7296.73 7255.53 7043.95 7003 6952 6915.67 6834.67 6710.75 6535.36 6052.47
threshold=8.071428571428573 15.937500000000002 3.5000000000000004 23.690476190476193 11.845238095238097 5.8452380952380958 1.1547619047619049 30.535714285714288 18.845238095238098 9.8452380952380967 13.500000000000002 7.0714285714285721 0.38267978949462689 0.39667026523047005 40.500000000000007 8.5000000000000018 7.5000000000000009 19.500000000000004 31.500000000000004 37.000000000000007 12.500000000000002 5.5000000000000009 2.3095238095238098 -0.9404343180211393 4.5000000000000009 1.5000000000000002 25.500000000000004 11.500000000000002 15.500000000000002 1.0000000180025095e-35
decision_type=2 2 8 2 2 2 2 2 2 2 8 2 2 2 2 8 8 10 10 2 10 8 2 2 10 8 10 10 10 2
left_child=2 4 6 8 9 24 29 18 17 16 28 21 14 -14 -9 -11 23 -3 19 -5 -17 -7 -8 -2 -4 -24 -10 -18 -6 -1
right_child=1 3 5 7 10 11 22 12 26 15 -12 -13 13 -15 -16 20 27 -19 -20 -21 -22 -23 25 -25 -26 -27 -28 -29 -30 -31
leaf_value=-0.13974342376380297 0.2842001059224552 0.20559271912281454 -0.058235847682598998 0.3703473582467115 0.11532153309737525 0.072725547267174964 -0.099062627883280879 0.54865985080503499 0.27386304102112174 0.15170121102007172 0.14970706787883523 0.020021446744186683 0.17993158491328359 0.55180178560645643 0.75412917423615644 0.073631782742368868 0.038593316234342062 0.089876711838496118 0.12192834414948944 0.50256418524805191 0.0069972749668254265 -0.010780161539330459 0.049595694423234221 0.081178314650075065 -0.036328054316426231 -0.079773073621870527 0.058906885856065898 -0.049773526382873239 0.025994727192080343 -0.11878670345198686
leaf_weight=58574 464 28909 70294 5339 49478 2671 81039 1857 19342 3194 50943 52698 350 883 1006 78259 62477 1558 251 1324 4336 99568 1047 5022 74687 77453 377 2225 2136 83663
leaf_count=58574 464 28909 70294 5339 49478 2671 81039 1857 19342 3194 50943 52698 350 883 1006 78259 62477 1558 251 1324 4336 99568 1047 5022 74687 77453 377 2225 2136 83663
internal_value=-1.74207e-10 0.121693 -0.0646657 0.268053 0.0870491 -0.022109 -0.10696 0.454225 0.22721 0.0584523 0.130541 0.00113582 0.568294 0.446243 0.620858 0.0731705 0.0404627 0.199675 0.386648 0.39662 0.0701337 -0.00859857 -0.0887223 0.0983497 -0.04695 -0.0780476 0.269753 0.0355545 0.111625 -0.127417
internal_weight=921424 319730 601694 61196 258534 299918 301776 11010 50186 155977 102557 154937 4096 1233 2863 85789 70188 30467 6914 6663 82595 102239 159539 5486 144981 78500 19719 64702 51614 142237
internal_count=921424 319730 601694 61196 258534 299918 301776 11010 50186 155977 102557 154937 4096 1233 2863 85789 70188 30467 6914 6663 82595 102239 159539 5486 144981 78500 19719 64702 51614 142237
is_linear=0
shrinkage=0.05


Tree=18
num_leaves=31
num_cat=0
split_feature=8 5 8 8 5 8 8 8 5 5 8 8 7 2 7 7 7 7 2 7 2 7 2 8 7 2 10 8 6 7
split_gain=2.61833e+06 556364 425970 145413 127492 71482.2 41561.8 20470.9 18924.3 18830.1 16468.9 13996.3 9668.04 10539.5 9572.18 8547.97 7606.1 7341.96 7140.06 6863.33 7352.91 6823.19 6741.8 6677.86 6579.2 6159.22 6137.71 6062.99 6037.63 5822.91
threshold=8.7321428571428594 17.500000000000004 4.1833333333333345 12.35416666666667 26.500000000000004 2.0625000000000004 6.5857142857142863 10.845238095238097 21.500000000000004 36.500000000000007 14.866071428571431 0.20833333333333334 3.5000000000000004 -0.98101942973744338 5.5000000000000009 15.500000000000002 13.500000000000002 7.5000000000000009 -0.9404343180211393 1.5000000000000002 -0.97676355679130589 9.5000000000000018 -0.93186591997002521 5.7321428571428585 11.500000000000002 -0.96591663137137795 32.350000000000009 3.2083333333333335 10.500000000000002 10.500000000000002
decision_type=2 10 2 2 10 2 2 2 10 10 2 2 8 2 8 10 10 8 2 8 2 10 2 2 10 2 2 2 8 8
left_child=2 3 5 7 8 11 12 17 -3 26 15 -1 13 -4 22 29 28 18 -2 20 -7 -16 -8 -14 -19 -17 -6 -21 -9 -5
right_child=1 4 6 10 9 19 14 16 -10 -11 -12 -13 23 -15 21 25 -18 24 -20 27 -22 -23 -24 -25 -26 -27 -28 -29 -30 -31
leaf_value=-0.13181575869217663 0.33956631252303127 0.22370587654818708 0.2870249229828481 0.21149528620164171 0.44260881026634036 0.19843151940542386 0.26114372019893101 0.17915009139086882 0.30387488691931863 0.63995977564746831 0.16680215478549307 -0.10387392657844836 -0.040342637681008126 0.016937692761784962 0.01298382345207039 -0.14453491462599338 7.5184075079593967e-05 0.050749667115799139 0.098107672258332071 -0.079236254569475334 -0.028506421684974984 -0.044499371449255538 0.063998515290431907 -0.017692027678629332 -0.0085088918080689288 0.071017172977686796 0.026611581684814561 -0.058485041091289248 0.087553408028670454 0.12610218802172563
leaf_weight=63145 339 25007 386 2073 5990 382 491 1858 10432 1398 37924 154408 75308 5623 104724 373 2424 94574 3161 71475 5439 5430 3713 57298 4928 2972 90 69356 56719 53984
leaf_count=63145 339 25007 386 2073 5990 382 491 1858 10432 1398 37924 154408 75308 5623 104724 373 2424 94574 3161 71475 5439 5430 3713 57298 4928 2972 90 69356 56719 53984
internal_value=1.12868e-10 0.120045 -0.0591779 0.0926448 0.286891 -0.0937972 -0.00933647 0.0639128 0.247305 0.474497 0.141061 -0.111984 -0.0277445 0.0342873 0.0129762 0.124627 0.0868672 0.0503184 0.121495 -0.0668177 -0.0136137 0.0101502 0.0870238 -0.0305555 0.0478148 0.046981 0.436451 -0.0690168 0.0904588 0.12926
internal_weight=921424 304246 617178 261329 42917 364205 252973 164003 35439 7478 97326 217553 138615 6009 114358 59402 61001 103002 3500 146652 5821 110154 4204 132606 99502 3345 6080 140831 58577 56057
internal_count=921424 304246 617178 261329 42917 364205 252973 164003 35439 7478 97326 217553 138615 6009 114358 59402 61001 103002 3500 146652 5821 110154 4204 132606 99502 3345 6080 140831 58577 56057
is_linear=0
shrinkage=0.05


Tree=19
num_leaves=31
num_cat=0
split_feature=8 8 5 8 8 5 8 5 5 8 8 8 7 7 7 6 7 6 5 10 2 1 2 0 2 7 8 10 2 2
split_gain=2.36469e+06 529374 352845 152595 104897 56124.2 37525.2 23791 22789.2 13303.8 12784.2 10701.8 7763.43 7465.54 7150.53 6801.46 6664.87 7201.35 6646.35 6513.69 11414.1 6345.44 5869.53 5739.53 7967.21 5679.41 5273.13 5255.65 6899.35 5220.2
threshold=8.071428571428573 15.937500000000002 3.5000000000000004 24.535714285714288 11.598214285714286 5.5000000000000009 1.1547619047619049 33.500000000000007 19.500000000000004 13.598214285714286 9.6904761904761916 7.0714285714285721 14.500000000000002 16.500000000000004 12.500000000000002 9.5000000000000018 10.500000000000002 7.5000000000000009 47.500000000000007 29.250000000000004 0.424593500821079 0.55364818547156358 0.424593500821079 19.500000000000004 -0.98101942973744338 10.500000000000002 2.5857142857142863 29.550000000000001 0.40466461168876017 -0.96591663137137795
decision_type=2 2 8 2 2 10 2 8 8 2 2 2 10 10 10 8 10 8 10 2 2 2 2 2 2 8 2 2 2 2
left_child=2 4 6 8 10 -4 -1 19 21 12 16 -7 25 -11 15 -12 17 -2 22 -5 -21 -3 -9 26 -25 -6 -8 -10 -29 -14
right_child=1 3 5 7 9 11 23 18 27 13 14 -13 29 -15 -16 -17 -18 -19 -20 20 -22 -23 -24 24 -26 -27 -28 28 -30 -31
leaf_value=-0.11523306719229685 0.14362853772509027 0.16743143786111311 -0.043624178187053587 0.39755650734848547 0.16830245479163503 -0.0089786234255340019 -0.092372499967538491 0.5824538143275344 0.26719172804675084 0.14077427844149942 0.14298287136695961 0.018459867560539796 -0.15087444863233129 0.057537936827344899 -0.00421003184704877 0.065050299498684461 -0.025604049960693733 0.036885655638515209 0.98566900318445172 0.3833463332344309 0.057165451192682654 0.2105921035426325 0.40438604807657125 0.058070399073077053 -0.064069374998216327 0.10063703613112039 -0.072672475966949535 0.2538442169789647 0.058868537319991136 0.04732042369228371
leaf_weight=142237 1622 20788 136648 6018 3300 110998 76991 1879 14289 45854 2903 52272 380 2862 3597 78640 4174 61120 86 765 413 14425 614 1429 20331 51439 60788 1183 736 2643
leaf_count=142237 1622 20788 136648 6018 3300 110998 76991 1879 14289 45854 2903 52272 380 2862 3597 78640 4174 61120 86 765 413 14425 614 1429 20331 51439 60788 1183 736 2643
internal_value=3.57081e-10 0.109881 -0.058389 0.242119 0.0785799 -0.0199816 -0.09656 0.423208 0.207695 0.116639 0.0519285 -0.000194004 0.100409 0.135884 0.0647814 0.0678248 0.0355751 0.0396452 0.553506 0.37651 0.268989 0.185112 0.538598 -0.079912 -0.0560483 0.104716 -0.0836809 0.256758 0.179065 0.0224067
internal_weight=921424 319730 601694 61196 258534 299918 301776 9775 51421 106478 152056 163270 57762 48716 85140 81543 66916 62742 2579 7196 1178 35213 2493 159539 21760 54739 137779 16208 1919 3023
internal_count=921424 319730 601694 61196 258534 299918 301776 9775 51421 106478 152056 163270 57762 48716 85140 81543 66916 62742 2579 7196 1178 35213 2493 159539 21760 54739 137779 16208 1919 3023
is_linear=0
shrinkage=0.05


Tree=20
num_leaves=31
num_cat=0
split_feature=8 8 8 5 8 8 8 5 8 8 8 7 2 2 9 0 7 7 7 7 2 7 7 8 2 6 2 6 10 2
split_gain=2.13463e+06 527734 261755 143759 113658 39046.5 29452.5 22834.9 22210.1 16716.6 12506.3 10722.6 10929.3 8094.51 10747.3 10158.7 7766.18 7711.01 7506.13 7498.26 8153.24 7390.11 7300.86 7178.22 6951.59 6544.18 6102 6070.35 5884.65 9179.94
threshold=7.9285714285714297 15.535714285714286 3.0625000000000004 24.500000000000004 11.183333333333335 5.0714285714285721 1.0714285714285716 30.500000000000004 18.845238095238098 9.2261904761904781 12.928571428571431 4.5000000000000009 -0.95990363414299973 0.38267978949462689 0.3970344111266742 40.500000000000007 11.500000000000002 15.500000000000002 12.500000000000002 2.5000000000000004 -0.95436844760270667 8.5000000000000018 19.500000000000004 6.6904761904761916 -0.97222182374902033 9.5000000000000018 -0.93186591997002521 7.5000000000000009 29.550000000000001 0.40466461168876017
decision_type=2 2 2 8 2 2 2 10 2 2 2 8 2 2 2 2 10 10 10 8 2 10 10 2 2 10 2 8 2 2
left_child=2 4 6 8 9 19 -1 -5 22 25 18 12 -7 15 -15 -9 -11 -12 -6 20 -4 23 -3 -13 -19 27 -23 -2 -10 -30
right_child=1 3 5 7 10 11 -8 13 28 16 17 21 -14 14 -16 -17 -18 24 -20 -21 -22 26 -24 -25 -26 -27 -28 -29 29 -31
leaf_value=-0.10974806547553828 0.11176471168511107 0.1738952948605853 0.19131388251209855 0.33530064044211189 0.097958694354408293 0.24409522867856409 -0.077815543634095916 0.46562878758372295 0.24391117372606375 0.062879948207851338 0.12607052950960815 -0.018203876291600848 0.032686666873211839 0.15060564458331405 0.47359558700547866 0.66061896947600962 0.0076537519353013662 -0.10422665941552511 0.047778504184961046 -0.046904601271635302 -0.0086505109190440355 -0.17803966763735868 0.065770446439713498 0.0056357528831227719 0.082865470816367068 -0.045343885693400157 -0.041729143278591743 0.028325325620011495 0.23775510062369995 0.032527012844904328
leaf_weight=140233 2237 32111 561 5912 32216 675 148864 1939 18360 81531 62195 69955 6483 360 905 1019 6905 554 9695 131736 5581 951 1641 57555 4783 2943 6007 85211 1423 883
leaf_count=140233 2237 32111 561 5912 32216 675 148864 1939 18360 81531 62195 69955 6483 360 905 1019 6905 554 9695 131736 5581 951 1641 57555 4783 2943 6007 85211 1423 883
internal_value=-6.29218e-10 0.0966111 -0.0599482 0.225834 0.0676738 -0.0254464 -0.0933051 0.398732 0.193633 0.0431127 0.107806 -0.00700717 0.0526225 0.487532 0.381678 0.532801 0.0585679 0.121121 0.0863508 -0.0443869 0.0096139 -0.0101814 0.168638 -0.00744323 0.0634446 0.0279917 -0.0603597 0.0304598 0.234455 0.15917
internal_weight=921424 352823 568601 64553 288270 279504 289097 10135 54418 178827 109443 141626 7158 4223 1265 2958 88436 67532 41911 137878 6142 134468 33752 127510 5337 90391 6958 87448 20666 2306
internal_count=921424 352823 568601 64553 288270 279504 289097 10135 54418 178827 109443 141626 7158 4223 1265 2958 88436 67532 41911 137878 6142 134468 33752 127510 5337 90391 6958 87448 20666 2306
is_linear=0
shrinkage=0.05


Tree=21
num_leaves=31
num_cat=0
split_feature=8 8 8 8 5 8 8 5 8 8 5 8 7 2 6 7 7 6 7 7 7 2 7 6 7 7 10 1 8 8
split_gain=1.92822e+06 407854 322541 108375 91803.6 55465.5 29237 16500.3 16482.1 11725.9 11693.8 11329.2 10012.6 9854 9526.97 7680.39 7417.84 6550.47 6329.96 6252.73 6084.23 5928.81 5923.05 5426.7 5362.82 5339.51 5102.64 7279.47 5072.81 4821.89
threshold=8.8660714285714306 17.690476190476193 4.4642857142857153 12.690476190476192 27.500000000000004 2.0625000000000004 6.8660714285714297 22.500000000000004 10.535714285714286 14.845238095238097 36.500000000000007 0.15476190476190479 3.5000000000000004 -0.9474464830022985 6.5000000000000009 13.500000000000002 18.500000000000004 1.5000000000000002 12.500000000000002 14.500000000000002 8.5000000000000018 -0.9404343180211393 7.5000000000000009 10.500000000000002 7.5000000000000009 9.5000000000000018 30.500000000000004 -0.84455963375842924 5.3095238095238102 3.1547619047619051
decision_type=2 2 2 2 8 2 2 10 2 2 10 2 8 2 8 10 10 8 8 10 8 2 10 10 8 10 2 2 2 2
left_child=2 3 5 8 7 11 12 -3 23 19 26 -1 13 -4 -8 20 18 -7 -11 -5 -10 -21 28 24 -2 -16 -6 -28 -14 -19
right_child=1 4 6 9 10 17 14 -9 15 16 -12 -13 22 -15 25 -17 -18 29 -20 21 -22 -23 -24 -25 -26 -27 27 -29 -30 -31
leaf_value=-0.11447536108654177 0.12091848793036374 0.19944272283341502 0.24932932292891052 0.11540373993724518 0.40679791031634027 0.025532588921722811 0.107735818614353 0.28139675522250346 0.16241303169373308 0.2574274256670257 0.55253130213220281 -0.089064232640682875 -0.032728975172199574 0.023373907827714164 0.013113234238130073 0.0040392660074205344 0.047306300235236971 -0.067577600715316544 0.14470138837037425 -0.032792629303427183 0.075618171291772354 0.085919165957448806 -0.069831735676794113 -0.0074132866729565957 0.043493028719839177 -0.037129418563244004 0.35924273265483686 -0.043583459856036386 -0.012745229882208713 -0.049667073499160427
leaf_weight=60923 2296 26408 541 45645 4451 2373 2580 8003 2083 1288 1398 156630 58158 4463 102067 3672 1902 71708 37612 1239 65818 6960 6762 5126 86276 5577 399 156 69955 78955
leaf_count=60923 2296 26408 541 45645 4451 2373 2580 8003 2083 1288 1398 156630 58158 4463 102067 3672 1902 71708 37612 1239 65818 6960 6762 5126 86276 5577 399 156 69955 78955
internal_value=-4.96377e-10 0.103912 -0.0503467 0.0808382 0.250852 -0.0799566 -0.00647224 0.218503 0.0564056 0.123503 0.424678 -0.0961803 -0.0216476 0.0478027 0.0127859 0.0744719 0.14372 -0.0568933 0.148434 0.108182 0.0782808 0.0679799 -0.0242243 0.0426053 0.0455001 0.0105102 0.388972 0.246016 -0.021817 -0.0581916
internal_weight=921424 300732 620692 259917 40815 370589 250103 34411 165271 94646 6404 217553 139879 5004 110224 71573 40802 153036 38900 53844 67901 8199 134875 93698 88572 107644 5006 555 128113 150663
internal_count=921424 300732 620692 259917 40815 370589 250103 34411 165271 94646 6404 217553 139879 5004 110224 71573 40802 153036 38900 53844 67901 8199 134875 93698 88572 107644 5006 555 128113 150663
is_linear=0
shrinkage=0.05


Tree=22
num_leaves=31
num_cat=0
split_feature=8 5 8 5 8 8 8 5 5 8 8 7 2 6 2 9 0 7 2 6 7 6 8 7 2 6 7 2 7 0
split_gain=1.74207e+06 430840 212546 118748 90971.9 31538.4 24644.1 22794.4 15681.3 13681.9 10316.7 9333.17 9514.95 8182.42 7082.75 9512.89 8793.44 6651.65 7300.42 6534.37 6356.31 6024.83 5792.54 5656.88 5472.22 5471.28 5431.37 7351 5222.14 5169.79
threshold=7.9285714285714297 15.500000000000002 3.0625000000000004 23.500000000000004 11.183333333333335 5.0714285714285721 1.0714285714285716 30.500000000000004 18.500000000000004 9.4642857142857171 13.380952380952383 4.5000000000000009 -0.97222182374902033 13.500000000000002 0.38267978949462689 0.39777940045770588 40.500000000000007 2.5000000000000004 -0.93894197835419624 11.500000000000002 8.5000000000000018 7.5000000000000009 6.2083333333333348 8.5000000000000018 -0.93186591997002521 9.5000000000000018 1.5000000000000002 -0.96591663137137795 10.500000000000002 20.500000000000004
decision_type=2 10 2 10 2 2 2 10 10 2 2 8 2 10 2 2 2 8 2 10 10 8 2 8 2 10 8 2 8 2
left_child=2 4 6 8 9 17 -1 -5 -3 21 13 12 -7 28 16 -16 -9 18 -4 23 22 -2 -13 -11 -22 -23 27 29 -6 -8
right_child=1 3 5 7 10 11 26 14 -10 19 -12 20 -14 -15 15 -17 -18 -19 -20 -21 24 25 -24 -25 -26 -27 -28 -29 -30 -31
leaf_value=-0.099255460943580343 0.10517269941048545 0.14957916404953892 0.16501104446231113 0.29511541797691332 0.14356568196973624 0.24382424478118905 0.0032012918092912501 0.42085732050382219 0.20443061967149975 0.11762832715147253 0.11445186484400977 -0.018146148333995343 0.032068438897653172 0.0071209302369368808 0.14145805567650879 0.43574120463153004 0.60227201343957304 -0.042459915040729573 -0.0084933311259287412 -0.020316576993892946 -0.16743403153264355 0.026763004228758144 0.003196949536699684 0.05347397714412943 -0.038349250343185821 -0.028875620922623069 -0.073593998560006993 -0.053613950437731067 0.083713648090349979 0.21307985092685233
leaf_weight=140233 2342 32141 682 7315 3910 577 990 1939 21914 3596 47557 60420 6581 3326 403 862 1019 131736 5460 2880 951 88036 67090 77272 6007 4652 130808 16649 53659 417
leaf_count=140233 2342 32141 682 7315 3910 577 990 1939 21914 3596 47557 60420 6581 3326 403 862 1019 131736 5460 2880 951 88036 67090 77272 6007 4652 130808 16649 53659 417
internal_value=7.09756e-10 0.0872768 -0.0541562 0.202898 0.0608732 -0.0230662 -0.0842145 0.348513 0.171816 0.0389568 0.0970015 -0.00649437 0.0491379 0.0833733 0.441007 0.341989 0.483353 -0.0400886 0.0107724 0.0536911 -0.00945579 0.0259717 -0.00691637 0.0563268 -0.0559922 0.0239705 -0.0700457 -0.0443396 0.0877787 0.0654041
internal_weight=921424 352823 568601 65593 287230 279504 289097 11538 54055 178778 108452 141626 7158 60895 4223 1265 2958 137878 6142 83748 134468 95030 127510 80868 6958 92688 148864 18056 57569 1407
internal_count=921424 352823 568601 65593 287230 279504 289097 11538 54055 178778 108452 141626 7158 60895 4223 1265 2958 137878 6142 83748 134468 95030 127510 80868 6958 92688 148864 18056 57569 1407
is_linear=0
shrinkage=0.05


Tree=23
num_leaves=31
num_cat=0
split_feature=8 8 8 8 8 8 8 8 5 8 6 6 7 8 6 8 7 7 7 2 7 2 2 6 8 7 0 7 0 5
split_gain=1.57359e+06 348767 239976 86921.8 83933.8 36489.2 27047.5 15112 14362.4 13461.9 9343.2 9232.04 7929.02 9000.81 7454.99 7367.35 6995.5 6513.86 6359.81 7796.57 6219.21 6033.96 5904.12 5856.69 5827.86 5373.37 5362.09 5345.62 5136.29 5130.47
threshold=8.2083333333333339 16.937500000000004 3.7321428571428577 25.535714285714288 12.35416666666667 5.8660714285714297 1.1547619047619049 10.309523809523812 34.500000000000007 20.773809523809529 5.5000000000000009 3.5000000000000004 17.500000000000004 14.690476190476192 12.500000000000002 6.8660714285714297 10.500000000000002 27.500000000000004 1.5000000000000002 -0.96591663137137795 22.500000000000004 -0.96591663137137795 -0.95990363414299973 7.5000000000000009 2.4642857142857149 10.500000000000002 28.500000000000004 8.5000000000000018 20.500000000000004 47.500000000000007
decision_type=2 2 2 2 2 2 2 2 8 2 8 8 10 2 10 2 10 10 8 2 10 2 2 8 2 8 2 8 2 10
left_child=2 4 6 9 7 11 -1 16 -5 20 -7 21 13 25 27 -12 23 -11 19 28 26 -4 -18 -2 -20 -6 -3 -9 -8 -10
right_child=1 3 5 8 12 10 18 14 29 17 15 -13 -14 -15 -16 -17 22 -19 24 -21 -22 -23 -24 -25 -26 -27 -28 -29 -30 -31
leaf_value=-0.094092902677231416 0.14283189303844476 0.15959106913483123 0.26349463577909799 0.32147223935015601 0.17664798046656077 0.091492469775338314 0.012703516171124529 0.14845878769217974 0.45715275507437564 0.23245414099862671 -0.013934338404750578 -0.035857186769352997 0.027489227733774203 0.13080866416635897 -0.0053827134806153634 0.0085015715689362639 -0.13252406314329426 -0.015957724527214414 -0.078129479730074752 -0.045974354554210922 0.012940894600985473 0.024838273476345148 0.0057646623724053551 0.037877005118858748 -0.058270476523405591 0.094481759011945637 0.22892880115775613 0.06664086682273794 0.21869693295582621 0.85179551951370613
leaf_weight=142462 1348 25082 286 6491 2066 2828 984 2059 1943 11674 59861 136035 3043 31845 3532 94123 863 270 71100 16604 668 3581 7306 95257 76900 53919 3137 65634 437 86
leaf_count=142462 1348 25082 286 6491 2066 2828 984 2059 1943 11674 59861 136035 3043 31845 3532 94123 863 270 71100 16604 668 3581 7306 95257 76900 53919 3137 65634 437 86
internal_value=-6.51819e-11 0.090394 -0.0472317 0.212502 0.0678133 -0.0151281 -0.0781101 0.0476645 0.357767 0.18219 0.00143363 -0.0336916 0.106837 0.109586 0.0654345 -0.000220348 0.0355845 0.226839 -0.0643957 -0.0363544 0.16373 0.0424891 -0.00884461 0.0393415 -0.0678108 0.0975139 0.167299 0.0691295 0.0760527 0.47388
internal_weight=921424 316223 605201 49351 266872 296714 308487 175999 8520 40831 156812 139902 90873 87830 71225 153984 104774 11944 166025 18025 28887 3867 8169 96605 148000 55985 28219 67693 1421 2029
internal_count=921424 316223 605201 49351 266872 296714 308487 175999 8520 40831 156812 139902 90873 87830 71225 153984 104774 11944 166025 18025 28887 3867 8169 96605 148000 55985 28219 67693 1421 2029
is_linear=0
shrinkage=0.05


Tree=24
num_leaves=31
num_cat=0
split_feature=8 8 5 8 8 8 8 8 5 8 8 6 6 2 9 0 7 7 6 0 6 6 7 7 8 7 7 7 2 10
split_gain=1.42073e+06 352238 173081 95346.7 76989.1 23050.4 22427.1 17884.6 12846.3 11396.1 8785.65 7787.08 7393.89 6854.19 10737.5 6805.54 6476.3 6314.58 6176.42 6125.19 5343.64 5296.2 5234.95 5225.48 5157.21 4951.18 4790.25 4734.43 4731.5 4674.19
threshold=7.9285714285714297 15.690476190476192 3.5000000000000004 23.690476190476193 11.183333333333335 1.1547619047619049 5.0714285714285721 30.535714285714288 18.500000000000004 9.2261904761904781 13.380952380952383 4.5000000000000009 13.500000000000002 0.424593500821079 0.39667026523047005 40.500000000000007 11.500000000000002 31.500000000000004 15.500000000000002 37.000000000000007 1.0000000180025095e-35 9.5000000000000018 9.5000000000000018 8.5000000000000018 6.0625000000000009 11.500000000000002 6.5000000000000009 8.5000000000000018 -0.95990363414299973 29.550000000000001
decision_type=2 2 10 2 2 2 2 2 8 2 2 8 10 2 2 2 10 10 10 2 8 10 8 10 2 8 8 8 2 2
left_child=2 4 5 8 9 -1 -4 17 -3 21 12 -8 22 15 -15 -9 27 19 25 -5 -7 26 -6 24 -13 -12 -2 -11 -18 -10
right_child=1 3 6 7 10 20 11 13 29 16 18 23 -14 14 -16 -17 28 -19 -20 -21 -22 -23 -24 -25 -26 -27 -28 -29 -30 -31
leaf_value=-0.08938784358058656 0.097866992506049438 0.13600048917950261 -0.034880349559274493 0.25580284946406145 0.15896618223001455 0.029399295700667197 0.085005871314228709 0.38576822032657621 0.19385671844007979 0.098781261511036153 0.19621564162800173 -0.01601323915554758 0.0037838027587992168 0.046650705549024771 0.39243972870550997 0.5437881459906303 -0.11114255688164539 0.024208656217591221 0.042933940555631121 0.37594366601258211 -0.06266339112630645 -0.043274758187424621 0.076890940046760684 -0.050998938615602431 0.003843496365962637 0.1058617287452993 0.023041697096936278 0.048786675418752271 0.016665002723062861 0.11906534177071369
leaf_weight=142457 2194 29764 124967 5339 2013 1592 2323 1914 20124 5048 1570 59741 3391 310 814 1058 822 251 3839 1324 158761 2943 55712 6520 72240 44242 85254 76483 6083 2331
leaf_count=142457 2194 29764 124967 5339 2013 1592 2323 1914 20124 5048 1570 59741 3391 310 814 1058 822 251 3839 1324 158761 2943 55712 6520 72240 44242 85254 76483 6083 2331
internal_value=-3.25379e-10 0.0788173 -0.048907 0.185734 0.0554734 -0.0747519 -0.0194624 0.319451 0.157541 0.0351836 0.0882302 -0.00578053 0.075538 0.402245 0.297071 0.442022 0.0479444 0.270402 0.103853 0.279676 -0.0617494 0.0226987 0.0797531 -0.00730324 -0.00514462 0.108958 0.024919 0.0518821 0.00145026 0.186093
internal_weight=921424 352823 568601 63229 289594 302810 265791 11010 52219 178827 110767 140824 61116 4096 1124 2972 88436 6914 49651 6663 160353 90391 57725 138501 131981 45812 87448 81531 6905 22455
internal_count=921424 352823 568601 63229 289594 302810 265791 11010 52219 178827 110767 140824 61116 4096 1124 2972 88436 6914 49651 6663 160353 90391 57725 138501 131981 45812 87448 81531 6905 22455
is_linear=0
shrinkage=0.05


Tree=25
num_leaves=31
num_cat=0
split_feature=8 5 8 8 5 8 8 8 8 8 5 5 7 6 6 7 2 0 2 6 6 7 10 2 7 7 7 7 1 7
split_gain=1.28346e+06 279395 205789 73891 64226.2 37373.5 16611.9 12384 11314.4 8747.11 8161.19 8070.75 7444.75 7318.23 7242.8 6542.46 7534.5 6128.17 6070.86 5329.39 5229.7 5222.9 5185.27 6685.83 5103.55 5065.34 4924.99 4827.3 4650.93 4542.3
threshold=8.5357142857142865 17.500000000000004 4.4642857142857153 12.35416666666667 27.500000000000004 2.1547619047619051 6.5357142857142865 21.535714285714288 10.062500000000002 1.0000000180025095e-35 14.500000000000002 36.500000000000007 12.500000000000002 4.5000000000000009 6.5000000000000009 2.5000000000000004 -0.98101942973744338 21.500000000000004 -0.96591663137137795 9.5000000000000018 10.500000000000002 6.5000000000000009 29.550000000000001 0.40466461168876017 4.5000000000000009 11.500000000000002 9.5000000000000018 16.500000000000004 0.62582814100751716 3.5000000000000004
decision_type=2 10 2 2 10 2 2 2 2 2 8 10 10 8 8 8 2 2 2 8 10 10 2 2 8 8 10 10 2 8
left_child=2 3 5 8 7 9 13 25 20 -1 27 -6 19 29 24 16 17 -7 -14 -10 -2 -15 -9 -24 -8 -3 -16 -5 -27 -4
right_child=1 4 6 10 11 15 14 22 12 -11 -12 -13 18 21 26 -17 -18 -19 -20 -21 -22 -23 23 -25 -26 28 -28 -29 -30 -31
leaf_value=-0.095045275716785768 0.034232679445724036 0.29463912027375844 0.10299940026279771 0.088564723661834405 0.31838993552531836 0.031968644481053771 0.1810034716873471 0.23388849615222732 0.15505474465565058 -0.072494173497534703 0.11458820936523342 0.4544886087878835 -0.11382622343242273 -0.017637806880040675 0.0075000130707379075 -0.049968558971185933 -0.026055495481172638 0.28724255975319107 0.027190617637380839 0.061386651649420781 -0.04128010497115487 -0.053113930269279387 0.21608895376036338 -0.0057800747064409626 0.044487338836769447 0.13716505190278966 -0.048577123683200753 0.011760670331310908 0.18209100266414477 0.0087337927377362842
leaf_weight=58679 91173 651 1704 51206 4933 794 811 9504 1554 160929 43989 1398 864 112187 101793 133516 16337 334 6543 66603 2352 11432 898 546 4393 15978 4072 2131 9009 5111
leaf_count=58679 91173 651 1704 51206 4933 794 811 9504 1554 160929 43989 1398 864 112187 101793 133516 16337 334 6543 66603 2352 11432 898 546 4393 15978 4072 2131 9009 5111
internal_value=3.96546e-10 0.0830093 -0.0419503 0.063937 0.201404 -0.0653541 -0.00603683 0.17596 0.0439594 -0.0785198 0.098645 0.348443 0.0583486 -0.0181378 0.00817392 -0.0462041 -0.0174261 0.107555 0.0107415 0.0635223 0.0323337 -0.0209186 0.220476 0.132197 0.0657622 0.15695 0.00534306 0.0854961 0.153363 0.0323037
internal_weight=921424 309332 612092 266415 42917 370589 241503 36586 169089 219608 97326 6331 75564 130434 111069 150981 17465 1128 7407 68157 93525 123619 10948 1444 5204 25638 105865 53337 24987 6815
internal_count=921424 309332 612092 266415 42917 370589 241503 36586 169089 219608 97326 6331 75564 130434 111069 150981 17465 1128 7407 68157 93525 123619 10948 1444 5204 25638 105865 53337 24987 6815
is_linear=0
shrinkage=0.05


Tree=26
num_leaves=31
num_cat=0
split_feature=8 8 8 8 8 8 8 8 8 8 7 2 7 2 7 7 5 2 6 2 7 8 7 0 7 7 6 0 7 0
split_gain=1.15963e+06 290637 138815 79289 62892.9 20030 16401.2 14713.7 11689.5 11036.6 7937.19 8353.65 7738.91 8260.32 6331.47 6293.76 6191.37 6615.16 6124.4 6027.49 6010.08 6234.04 5744.49 5736.91 5651.56 5478.29 5438.59 5398.44 5130.01 5085.28
threshold=7.7321428571428585 15.535714285714286 3.0625000000000004 23.690476190476193 10.866071428571431 5.154761904761906 1.0714285714285716 30.535714285714288 12.928571428571431 18.845238095238098 6.5000000000000009 -0.93894197835419624 3.5000000000000004 -0.98101942973744338 15.500000000000002 19.500000000000004 47.500000000000007 0.53913703985740891 2.5000000000000004 -0.96591663137137795 12.500000000000002 9.0625000000000018 24.500000000000004 21.500000000000004 31.500000000000004 14.500000000000002 10.500000000000002 37.000000000000007 12.500000000000002 28.500000000000004
decision_type=2 2 2 2 2 2 2 2 2 2 8 2 8 2 10 10 8 2 8 2 10 2 10 2 10 10 8 2 8 2
left_child=2 4 6 9 10 18 -1 24 25 15 11 23 13 -7 -10 28 17 -9 -4 -16 21 -12 29 -2 27 26 -6 -5 -3 -11
right_child=1 3 5 7 8 12 -8 16 14 22 20 -13 -14 -15 19 -17 -18 -19 -20 -21 -22 -23 -24 -25 -26 -27 -28 -29 -30 -31
leaf_value=-0.081022189467141015 0.12725769428664754 0.24967665284663651 0.04762845027134887 0.23072025142210723 0.14763126743243357 0.37059254113533724 -0.057192948427582019 0.38867716779290812 0.093573966911016188 0.16367944877228302 0.018641459275704785 0.068357858943939406 -0.0072921863615176639 0.051188943397321933 -0.11303943024898236 0.028700864506217828 0.7650493550807872 0.23353004277885706 -0.033844502710099957 0.055665822617053135 -0.047114304628039512 0.03936352806151569 0.026680223598896741 0.45409900261983283 0.011448814565560732 -0.023918644404262571 0.059696596196187481 0.34350887191315888 0.12575325398684412 0.22920796347617395
leaf_weight=140233 290 858 2346 5339 1808 219 148864 3121 62195 15389 87187 3786 133381 2674 596 1642 94 881 137418 4741 2766 62179 664 250 251 1904 64034 1324 31324 3666
leaf_count=140233 290 858 2346 5339 1808 219 148864 3121 62195 15389 87187 3786 133381 2674 596 1642 94 881 137418 4741 2766 62179 664 250 251 1904 64034 1324 31324 3666
internal_value=-1.32894e-10 0.070644 -0.0445374 0.166646 0.0494014 -0.0191775 -0.0687519 0.288847 0.0743681 0.141518 0.0278144 0.0945983 -0.00553737 0.0753678 0.0890892 0.124185 0.363944 0.354523 -0.0324769 0.036826 0.0259154 0.0272678 0.171249 0.278573 0.244359 0.0596934 0.0621113 0.253132 0.129057 0.176287
internal_weight=921424 356289 565135 64553 291736 276038 289097 11010 135278 53543 156458 4326 136274 2893 67532 33824 4096 4002 139764 5337 152132 149366 19719 540 6914 67746 65842 6663 32182 19055
internal_count=921424 356289 565135 64553 291736 276038 289097 11010 135278 53543 156458 4326 136274 2893 67532 33824 4096 4002 139764 5337 152132 149366 19719 540 6914 67746 65842 6663 32182 19055
is_linear=0
shrinkage=0.05


Tree=27
num_leaves=31
num_cat=0
split_feature=8 8 8 8 8 8 8 8 8 6 8 7 0 2 2 8 7 7 2 7 7 0 8 6 8 7 7 6 7 0
split_gain=1.04682e+06 223315 177413 58526.7 51005.3 28984.8 16644.8 10023.7 9515.73 7545.02 7359.54 7084.46 7707.77 7446.71 7065.23 6953.64 6872.36 6808.99 6749.95 6574.62 6152.25 6088.33 6042.48 5562.62 5518.94 5053.89 5049.92 4780.75 4619.68 4531.18
threshold=8.8660714285714306 17.690476190476193 4.1833333333333345 12.845238095238097 27.690476190476193 2.0625000000000004 6.8660714285714297 21.845238095238098 10.866071428571431 6.5000000000000009 1.0000000180025095e-35 11.500000000000002 21.500000000000004 -0.93186591997002521 -0.9404343180211393 40.619047619047628 18.500000000000004 4.5000000000000009 -0.95990363414299973 27.500000000000004 22.500000000000004 19.500000000000004 14.866071428571431 1.5000000000000002 4.9285714285714297 13.500000000000002 8.5000000000000018 10.500000000000002 41.500000000000007 28.500000000000004
decision_type=2 2 2 2 2 2 2 2 2 8 2 8 2 2 2 2 10 8 2 10 10 2 2 8 2 10 8 8 10 2
left_child=2 3 5 8 7 10 17 20 26 -8 -1 12 -5 -14 16 28 -13 18 21 -9 29 -4 -16 -7 -19 27 -2 -10 -6 -3
right_child=1 4 6 11 15 23 9 19 25 -11 -12 14 13 -15 22 -17 -18 24 -20 -21 -22 -23 -24 -25 -26 -27 -28 -29 -30 -31
leaf_value=-0.086241897177687293 0.073585134769547603 0.14158499422406101 0.025612876432940131 0.096020646896262968 0.30812454857594102 0.03417402580824843 0.093928674626019296 0.21476258801748238 0.14192696729103429 0.0074052987552424331 -0.065520928090006744 0.056376393620801102 0.51246352295190234 0.20075841295654887 0.081573898745259624 0.49334392972852154 -0.1983776907215703 -0.056016577933396421 0.0036281232558498483 0.061935502413007749 0.033652611755154237 0.22786666423441959 0.1094639642726437 -0.043588199971292686 -0.017225419613669975 0.0008345114980191136 0.029169704703539509 0.057616989435323188 -0.086980233073234561 0.2063206827109253
leaf_weight=58679 6867 20188 848 1875 5452 2337 2580 9506 1729 107644 158874 9905 227 1229 44173 524 272 9932 15437 760 1189 663 34657 144315 119383 3838 94034 61111 75 3121
leaf_count=58679 6867 20188 848 1875 5452 2337 2580 9506 1729 107644 158874 9905 227 1229 44173 524 272 9932 15437 760 1189 663 34657 144315 119383 3838 94034 61111 75 3121
internal_value=1.27119e-10 0.076564 -0.0370961 0.0594901 0.185293 -0.0595289 -0.005242 0.161974 0.041878 0.00943054 -0.0711098 0.0914532 0.163044 0.249355 0.088774 0.319267 0.0495676 -0.0162992 0.0135003 0.203449 0.144594 0.114358 0.0938356 -0.042349 -0.0202048 0.0565348 0.0321925 0.0599367 0.302763 0.150253
internal_weight=921424 300732 620692 259917 40815 364205 256487 34764 167579 110224 217553 92338 3331 1456 89007 6051 10177 146263 16948 10266 24498 1511 78830 146652 129315 66678 100901 62840 5527 23309
internal_count=921424 300732 620692 259917 40815 364205 256487 34764 167579 110224 217553 92338 3331 1456 89007 6051 10177 146263 16948 10266 24498 1511 78830 146652 129315 66678 100901 62840 5527 23309
is_linear=0
shrinkage=0.05


Tree=28
num_leaves=31
num_cat=0
split_feature=8 8 8 8 8 8 8 5 8 6 8 7 6 8 7 10 2 6 7 2 2 7 6 6 7 7 0 7 2 6
split_gain=946396 235274 116119 62419.4 53173.2 15394.9 15097.6 12357.9 8351.93 8148.88 8148.85 6954.27 6627.69 6608.08 6131.11 6076.63 9730.22 5535.39 5416.94 6731.88 5104.46 5055.18 5054.71 5015 4947.23 4801.66 4661.42 4531.07 4501.6 4393.14
threshold=7.9285714285714297 15.937500000000002 3.535714285714286 23.690476190476193 11.598214285714286 1.1547619047619049 5.4642857142857153 34.500000000000007 9.4642857142857171 5.5000000000000009 19.464285714285719 16.500000000000004 3.5000000000000004 13.845238095238097 19.500000000000004 29.250000000000004 0.52053679269617514 11.500000000000002 1.5000000000000002 -0.96591663137137795 -0.95436844760270667 3.5000000000000004 9.5000000000000018 11.500000000000002 25.500000000000004 9.5000000000000018 31.500000000000004 8.5000000000000018 -0.95990363414299973 7.5000000000000009
decision_type=2 2 2 2 2 2 2 8 2 8 2 10 8 2 10 2 2 10 8 2 2 8 10 8 10 10 2 8 2 8
left_child=2 4 5 10 8 -1 12 15 22 21 14 13 -4 23 -3 -5 -17 27 19 26 -13 -8 29 -6 -12 -11 -7 -10 -16 -2
right_child=1 3 6 7 11 18 9 -9 17 25 24 20 -14 -15 28 16 -18 -19 -20 -21 -22 -23 -24 -25 -26 -27 -28 -29 -30 -31
leaf_value=-0.073094565636588713 0.089163878163243976 0.12252540615273849 0.023826158168508652 0.25391653696471178 0.12873759771564836 0.052842553235395454 0.16206948949487054 0.37234971126390842 0.096728518313287201 -0.0052314026058358897 0.16585394533199763 -0.15350124009985577 -0.030028812015762824 0.091190167035108849 -0.16815494749671184 0.22624970539544886 -0.059407806371773578 -0.0072997500154795315 -0.053731683492257737 -0.033391824089538467 0.027689673642562841 0.033166369357513346 -0.031728398915370833 0.062185068737300633 -0.022593075059176911 -0.072061835431268109 0.37643403310651252 0.041039153583825864 0.062501703989360169 0.019908438188903466
leaf_weight=142462 2351 33140 5978 7542 2978 1268 877 2040 3826 122515 14252 444 128787 42739 234 1004 424 5711 141833 16281 3121 5730 4653 57196 357 2748 122 80571 2203 88037
leaf_count=142462 2351 33140 5978 7542 2978 1268 877 2040 3826 122515 14252 444 128787 42739 234 1004 424 5711 141833 16281 3121 5730 4653 57196 357 2748 122 80571 2203 88037
internal_value=2.56189e-10 0.0643283 -0.0399164 0.15346 0.0456247 -0.0611488 -0.0158706 0.261271 0.0294338 -0.00384297 0.129808 0.0737782 -0.0276399 0.0761565 0.116897 0.236009 0.141433 0.04034 -0.0504793 -0.0243746 0.0051234 0.0502767 0.0190936 0.0654787 0.161249 -0.00669752 0.0812441 0.0435637 0.0403541 0.0217098
internal_weight=921424 352823 568601 61196 291627 301966 266635 11010 185149 131870 50186 106478 134765 102913 35577 8970 1428 90108 159504 17671 3565 6607 95041 60174 14609 125263 1390 84397 2437 90388
internal_count=921424 352823 568601 61196 291627 301966 266635 11010 185149 131870 50186 106478 134765 102913 35577 8970 1428 90108 159504 17671 3565 6607 95041 60174 14609 125263 1390 84397 2437 90388
is_linear=0
shrinkage=0.05


Tree=29
num_leaves=31
num_cat=0
split_feature=8 8 5 5 8 8 8 0 8 7 2 8 2 10 0 7 0 8 6 7 7 2 6 7 7 6 6 3 7 8
split_gain=854573 219603 96616.6 58934.7 49165.3 13909 11112.8 10905.8 9279.64 7736.88 8583.7 8379.34 6979.77 12693.1 10222.5 6842.07 6678.94 6130.89 5721.89 5431.07 5197.45 5144.83 5013.59 4740.25 4479.71 4451.29 4442.31 4163.93 4119.69 4106.1
threshold=7.366666666666668 15.535714285714286 3.5000000000000004 24.500000000000004 11.062500000000002 1.2083333333333337 5.0714285714285721 34.000000000000007 19.928571428571434 6.5000000000000009 -0.88801398733197889 9.8660714285714306 0.53913703985740891 29.250000000000004 40.500000000000007 16.500000000000004 21.500000000000004 13.183333333333335 4.5000000000000009 19.500000000000004 10.500000000000002 -0.96759678964602525 1.5000000000000002 7.5000000000000009 12.500000000000002 12.500000000000002 13.500000000000002 1.0000000180025095e-35 27.500000000000004 2.5857142857142863
decision_type=2 2 10 8 2 2 2 2 2 8 2 2 2 2 2 10 2 2 8 10 10 2 10 10 8 8 10 2 10 2
left_child=2 4 5 8 9 -1 -4 -5 19 10 16 20 14 -14 -9 17 -2 26 -8 24 -11 -21 -7 -20 -3 -19 -6 -17 -10 -24
right_child=1 3 6 7 15 22 18 12 28 11 -12 -13 13 -15 -16 27 -18 25 23 21 -22 -23 29 -25 -26 -27 -28 -29 -30 -31
leaf_value=-0.069274221960574034 0.10137307054378053 0.22444306098570399 -0.026856503974678488 0.19285489856031399 0.061916351009340787 -0.017874249697928224 0.073280502412339785 0.27452078306984345 0.16138483949367974 0.018091611679292012 0.057307399662818718 0.037520906363063912 0.27860032509279875 -0.074078289749635512 0.43684501436658518 0.046983028613387968 0.38146241814865323 0.18903429745919115 -0.0044435024827585287 -0.15209408222204623 -0.029729152261220387 0.068507893527312777 -0.05853421047806711 -0.039952914060681154 0.11306694279489185 0.080831008957622241 -0.0067233302995751395 -0.073441976794781968 -0.032008783668080791 -0.04169695304214574
leaf_weight=144839 470 926 124967 4257 58603 12840 2241 2758 13750 105929 5077 70628 1307 317 1496 1565 389 970 116002 289 6004 3092 75612 10227 36080 47240 2456 1326 281 69486
leaf_count=144839 470 926 124967 4257 58603 12840 2241 2758 13750 105929 5077 70628 1307 317 1496 1565 389 970 116002 289 6004 3092 75612 10227 36080 47240 2456 1326 281 69486
internal_value=-2.48557e-11 0.0594243 -0.039018 0.143099 0.0414588 -0.0580835 -0.0162408 0.253802 0.122482 0.0258622 0.0820391 0.0240356 0.297941 0.209759 0.331605 0.0676706 0.228212 0.0696793 -0.00591447 0.110312 0.0155265 0.0496514 -0.047821 -0.00732045 0.115854 0.0830081 0.0591554 -0.00825169 0.157512 -0.050471
internal_weight=921424 365210 556214 64553 300657 302777 253437 10135 54418 188497 5936 182561 5878 1624 4254 112160 859 109269 128470 40387 111933 3381 157938 126229 37006 48210 61059 2891 14031 145098
internal_count=921424 365210 556214 64553 300657 302777 253437 10135 54418 188497 5936 182561 5878 1624 4254 112160 859 109269 128470 40387 111933 3381 157938 126229 37006 48210 61059 2891 14031 145098
is_linear=0
shrinkage=0.05


Tree=30
num_leaves=31
num_cat=0
split_feature=8 8 8 8 8 8 8 5 7 8 7 2 2 6 8 7 2 5 7 2 0 6 0 7 8 7 7 2 10 0
split_gain=772151 171213 123401 45500.8 38805 22708.4 10141.5 7607.68 7443.29 7846.96 6764.08 6537.03 6484.03 6477.43 6087.34 5910.79 6588.43 5782.4 5503.3 5502.06 5352.41 5351.81 5280.82 5245.66 5023.44 4975.39 4911.11 4833.84 10372.1 6892.95
threshold=8.4642857142857171 17.535714285714288 4.4642857142857153 12.35416666666667 27.690476190476193 2.1547619047619051 6.0625000000000009 22.500000000000004 14.500000000000002 10.062500000000002 9.5000000000000018 -0.96591663137137795 -0.93894197835419624 5.5000000000000009 0.15476190476190479 2.5000000000000004 -0.98101942973744338 47.500000000000007 8.5000000000000018 -0.9474464830022985 21.500000000000004 4.5000000000000009 31.500000000000004 18.500000000000004 14.585714285714287 27.500000000000004 1.0000000180025095e-35 0.49999524036036719 29.250000000000004 40.500000000000007
decision_type=2 2 2 2 2 2 2 8 10 2 8 2 2 8 2 8 2 8 10 2 2 8 2 10 2 10 8 2 2 2
left_child=2 3 5 8 7 14 21 -3 9 -2 12 23 22 -8 -1 16 20 27 -15 -20 -7 -4 -5 -12 -13 -9 -16 29 -29 -6
right_child=1 4 6 10 17 15 13 25 -10 -11 11 24 -14 18 26 -17 -18 -19 19 -21 -22 -23 -24 -25 -26 -27 -28 28 -30 -31
leaf_value=-0.074460565437698398 0.025460756908949275 0.12568315348765444 0.028937996626049359 0.29468017744960545 0.25751392020141489 0.037748815767849407 0.089635774651416561 0.19154991543656194 -0.066765235623273786 0.047168871355148238 0.039922934861085391 0.06849951632324279 0.1363790432667748 0.0073532986347484624 -0.028409458659284084 -0.039413862399760344 -0.016551696813928689 0.66234702806723744 -0.12622288543005342 -0.016817424129469544 0.27631873109762717 -0.017620844930167849 0.85976313982369756 -0.21417850617211887 0.092573158200798089 0.049486685612850558 -0.058685391486600062 0.26083715611464436 -0.049586668368319702 0.39811621961424387
leaf_weight=60923 94975 27404 6530 188 3131 794 2245 7692 1817 74115 8635 49479 1288 107316 14769 133516 16337 95 1304 9679 334 112630 53 208 38556 670 143916 1276 341 1208
leaf_count=60923 94975 27404 6530 188 3131 794 2245 7692 1817 74115 8635 49479 1288 107316 14769 133516 16337 95 1304 9679 334 112630 53 208 38556 670 143916 1276 341 1208
internal_value=1.76321e-10 0.0641046 -0.0326809 0.049489 0.158233 -0.0507631 -0.00472534 0.138421 0.0338941 0.0349758 0.0765733 0.0749264 0.180918 0.00549997 -0.0610256 -0.0358358 -0.00848222 0.275333 0.0039033 -0.029807 0.108389 -0.0150694 0.418952 0.0339461 0.0790429 0.180167 -0.0558676 0.26916 0.195374 0.296658
internal_weight=921424 311131 610293 269314 41817 370589 239704 35766 170907 169090 98407 96878 1529 120544 219608 150981 17465 6051 118299 10983 1128 119160 241 8843 88035 8362 158685 5956 1617 4339
internal_count=921424 311131 610293 269314 41817 370589 239704 35766 170907 169090 98407 96878 1529 120544 219608 150981 17465 6051 118299 10983 1128 119160 241 8843 88035 8362 158685 5956 1617 4339
is_linear=0
shrinkage=0.05


Tree=31
num_leaves=31
num_cat=0
split_feature=8 8 8 8 8 8 8 5 5 7 2 8 6 6 0 7 2 6 7 1 2 8 6 0 6 7 3 10 1 7
split_gain=697957 175117 83912.7 46392.1 39957.1 12202.8 9988.17 7859.05 7780.74 7290.64 8887.29 7236.63 7087.9 6746.02 6583.68 6151.99 7213.45 5946.56 5465.26 5025.39 4981.81 4775.23 4759.68 4700.38 4471.13 4469.15 4392.94 3995.71 4776.11 3920.35
threshold=7.7321428571428585 15.937500000000002 3.7321428571428577 24.928571428571434 11.845238095238097 1.3095238095238098 5.8452380952380958 34.500000000000007 20.500000000000004 6.5000000000000009 -0.88801398733197889 9.8660714285714306 3.5000000000000004 5.5000000000000009 21.500000000000004 9.5000000000000018 -0.90722548043086537 1.5000000000000002 16.500000000000004 0.59121958904006411 -0.96591663137137795 13.928571428571431 10.500000000000002 31.500000000000004 12.500000000000002 6.5000000000000009 1.0000000180025095e-35 30.500000000000004 -0.84455963375842924 25.500000000000004
decision_type=2 2 2 2 2 2 2 8 8 8 2 2 8 8 2 8 2 8 10 2 2 2 10 2 10 10 2 2 2 10
left_child=2 4 5 8 9 -1 12 27 19 10 14 22 20 -8 -2 16 23 -7 21 -3 -4 -17 -11 -6 -13 -14 -20 -5 -29 -10
right_child=1 3 6 7 15 17 13 -9 29 11 -12 24 25 -15 -16 18 -18 -19 26 -21 -22 -23 -24 -25 -26 -27 -28 28 -30 -31
leaf_value=-0.06254397797831017 0.10687722858433911 0.088145215667769325 0.2450954985446655 0.22259546866673566 0.27754327658469713 -0.0066193359141363184 0.070036026362425882 0.32108142509200338 0.15310248248066172 0.016540106716412095 0.057237979878409243 0.036438881212422385 -0.022568743421659657 -0.0047410536820346773 0.40624516946175621 0.054987385677115842 0.10840121354599822 -0.04519090380669108 0.051728824906425809 0.12493757149591196 0.028204325611049033 0.077424966112405277 -0.065252055583974525 0.77612057882442809 -0.050930662490246352 -0.067783424672613973 -0.060495919834226267 0.18273821462170459 -0.090373006827989807 0.0089769016944446708
leaf_weight=147074 394 24163 286 6588 277 10702 3097 2032 12083 102741 3909 81847 128478 115515 344 55732 1695 150711 1934 15069 3564 41274 1810 57 1491 5708 1588 543 227 491
leaf_count=147074 394 24163 286 6588 277 10702 3097 2032 12083 102741 3909 81847 128478 115515 344 55732 1695 150711 1934 15069 3564 41274 1810 57 1491 5708 1588 543 227 491
internal_value=-2.66264e-10 0.0548062 -0.0345525 0.131781 0.0388432 -0.052126 -0.0134294 0.234037 0.113247 0.0254151 0.0872824 0.0238849 -0.0225729 -0.0027886 0.24642 0.0640525 0.150251 -0.0426335 0.0623127 0.102277 0.0443162 0.0645341 0.0151241 0.36263 0.0348758 -0.0244921 0.00112891 0.209999 0.102224 0.147475
internal_weight=921424 356289 565135 61196 295093 308487 256648 9390 51806 192536 4647 187889 138036 118612 738 102557 2029 161413 100528 39232 3850 97006 104551 334 83338 134186 3522 7358 770 12574
internal_count=921424 356289 565135 61196 295093 308487 256648 9390 51806 192536 4647 187889 138036 118612 738 102557 2029 161413 100528 39232 3850 97006 104551 334 83338 134186 3522 7358 770 12574
is_linear=0
shrinkage=0.05


Tree=32
num_leaves=31
num_cat=0
split_feature=8 8 8 8 8 8 8 10 2 8 6 6 6 7 8 7 0 2 2 0 2 7 5 7 6 2 10 8 0 10
split_gain=630321 136083 107948 35959.9 30648.5 19743.5 8641.24 6624.75 10567.1 7475.85 6563.99 6224.84 6181.72 6090.2 6762.29 5949.64 6971.66 6434.93 6062.48 5405.99 9247.43 5332.99 4902.81 4821.76 4609.85 4590.83 8150.98 4444.11 4374.67 4181.95
threshold=8.8660714285714306 17.928571428571434 4.6904761904761916 12.928571428571431 28.690476190476193 2.3095238095238098 6.8660714285714297 29.550000000000001 0.424593500821079 22.535714285714288 4.5000000000000009 6.5000000000000009 2.5000000000000004 14.500000000000002 10.366666666666669 12.500000000000002 22.500000000000004 -0.91517207274776624 -0.9404343180211393 19.500000000000004 -0.96591663137137795 18.500000000000004 47.500000000000007 6.5000000000000009 9.5000000000000018 0.38267978949462689 29.250000000000004 1.0000000180025095e-35 40.500000000000007 29.550000000000001
decision_type=2 2 2 2 2 2 2 2 2 2 8 8 8 10 2 10 2 2 2 2 2 10 8 10 8 2 2 2 2 2
left_child=2 3 5 13 7 19 10 9 -9 -3 -4 -8 -7 14 -2 16 -5 -18 21 27 -21 -17 25 -12 -16 28 -27 -1 -6 -20
right_child=1 4 6 15 22 12 11 8 -10 -11 23 -13 -14 -15 24 18 17 -19 29 20 -22 -23 -24 -25 -26 26 -28 -29 -30 -31
leaf_value=-0.070818281600579652 0.024558826775992776 0.12232079563691256 0.049615230972649589 0.078447020108527415 0.2475207575891219 0.0060561236071764481 0.084259468475941041 0.13111260416256221 -0.047943712886490554 0.1801984620474183 -0.009748236384904763 0.0056694645854810429 -0.034385312564497998 -0.044621958729367209 0.14900162566387395 0.037889016419392928 0.37541389024155514 0.14958553360370044 0.076244105465535839 0.063721286221477755 -0.043087196729413121 -0.17019063062693504 0.61617273578142873 -0.038814794432948309 0.043352691681942924 0.24614435991671957 -0.013761677284026519 -0.053580925766869847 0.3688016177335362 0.034469548788146648
leaf_weight=50658 90446 23149 4266 4356 2496 10118 2580 2190 1321 7351 112890 107644 142959 2514 1047 9724 372 2075 69396 2183 28270 318 94 16332 74640 1227 400 142792 1059 6557
leaf_count=50658 90446 23149 4266 4356 2496 10118 2580 2190 1321 7351 112890 107644 142959 2514 1047 9724 372 2075 69396 2183 28270 318 94 16332 74640 1227 400 142792 1059 6557
internal_value=-2.41677e-10 0.0594114 -0.0287854 0.0463732 0.146177 -0.045551 -0.00285201 0.128783 0.0637434 0.13627 -0.0114073 0.00750901 -0.0317122 0.0326179 0.0337868 0.0713714 0.116384 0.183917 0.0678105 -0.0550123 -0.0354307 0.0312998 0.258303 -0.0134219 0.0448142 0.251811 0.182246 -0.0580948 0.283649 0.0726377
internal_weight=921424 300732 620692 261445 39287 376980 243712 34011 3511 30500 133488 110224 153077 168647 166133 92798 6803 2447 85995 223903 30453 10042 5276 129222 75687 5182 1627 193450 3555 75953
internal_count=921424 300732 620692 261445 39287 376980 243712 34011 3511 30500 133488 110224 153077 168647 166133 92798 6803 2447 85995 223903 30453 10042 5276 129222 75687 5182 1627 193450 3555 75953
is_linear=0
shrinkage=0.05


Tree=33
num_leaves=31
num_cat=0
split_feature=8 8 8 8 8 8 8 8 7 2 5 7 7 2 0 7 2 7 2 7 7 0 3 2 6 8 8 5 0 2
split_gain=569833 147707 64922.4 46589.4 25255.4 10054.2 8795.16 8262.43 6800.17 6748.95 6704.61 6674.77 5624.98 8816.54 6793.02 5601.72 5883.68 5596.04 7262.5 5270.63 5142.1 4869.63 4705.53 4512.16 4384.73 4271.64 4266.96 4198.62 4087.24 4056.59
threshold=7.366666666666668 14.866071428571431 3.0625000000000004 22.773809523809529 10.866071428571431 29.845238095238098 4.9285714285714297 1.0714285714285716 6.5000000000000009 -0.9404343180211393 18.500000000000004 3.5000000000000004 9.5000000000000018 -0.92387073784400886 31.500000000000004 11.500000000000002 -0.9404343180211393 3.5000000000000004 -0.97222182374902033 31.500000000000004 15.500000000000002 21.500000000000004 1.0000000180025095e-35 -0.98821097822247983 7.5000000000000009 9.0625000000000018 12.928571428571431 47.500000000000007 21.500000000000004 0.53913703985740891
decision_type=2 2 2 2 2 2 2 2 8 2 8 8 8 2 2 10 2 8 2 10 10 2 2 2 10 2 2 8 2 2
left_child=2 4 7 10 8 19 11 -1 9 21 -3 23 13 14 -6 25 -17 18 28 -5 26 -2 -22 -4 -19 -10 -14 29 -8 -7
right_child=1 3 6 5 12 27 17 -9 15 -11 -12 -13 20 -15 -16 16 -18 24 -20 -21 22 -23 -24 -25 -26 -27 -28 -29 -30 -31
leaf_value=-0.056990507878107867 0.096941098164110256 0.08106656329907648 0.11411270044893554 0.16867367986883552 0.2323985002571432 0.27337302256823154 0.10469348327815534 -0.040077312505777674 0.012242953671190627 0.052984959299486545 0.11539847479752488 -0.032740981673235435 0.04073803436800065 0.080636336457923008 0.76391857144698294 -0.15092844625942403 -0.010036558562162345 -0.0073821283338356266 0.033172404398198511 -0.091006771842017775 0.038257419625583822 0.3726906583863217 -0.072513549232417582 -0.0042045410222924665 -0.058392215377789894 0.029370553921997108 0.060512713045994843 0.58536410122475724 0.47258631323317168 0.15833992159837176
leaf_weight=140233 346 47122 847 8495 392 3429 150 148864 93812 5221 20367 76671 63942 3237 71 860 5355 165259 3148 200 2242 298 1675 16567 4323 59487 47578 94 152 987
leaf_count=140233 346 47122 847 8495 392 3429 150 148864 93812 5221 20367 76671 63942 3237 71 860 5355 165259 3148 200 2242 298 1675 16567 4323 59487 47578 94 152 987
internal_value=2.16793e-10 0.0485248 -0.0318614 0.108233 0.0315905 0.194122 -0.0140901 -0.0482814 0.0189468 0.0718223 0.0914273 -0.0263941 0.0491419 0.109827 0.313906 0.0170026 -0.0295325 -0.00739995 0.0556417 0.162701 0.0471968 0.224539 -0.00911081 0.00155029 -0.00868248 0.0188892 0.0491745 0.254701 0.289858 0.247662
internal_weight=921424 365210 556214 80694 284516 13205 267117 289097 165379 5865 67489 94085 119137 3700 463 159514 6215 173032 3450 8695 115437 644 3917 17414 169582 153299 111520 4510 302 4416
internal_count=921424 365210 556214 80694 284516 13205 267117 289097 165379 5865 67489 94085 119137 3700 463 159514 6215 173032 3450 8695 115437 644 3917 17414 169582 153299 111520 4510 302 4416
is_linear=0
shrinkage=0.05


Tree=34
num_leaves=31
num_cat=0
split_feature=8 8 8 5 8 8 0 8 10 2 0 6 7 2 1 0 6 7 7 2 2 8 0 6 8 8 7 2 2 6
split_gain=514489 129032 63742 35708.2 27108.4 9372.09 9222.17 7710.23 6405 6664.59 10741.9 5897.07 5890.5 5847.96 9618.23 7893.83 5525.97 5516.73 5513.42 5671.65 5478.47 4845.08 4812.85 6117.82 4811.47 4122.37 4106.96 4087.6 3955.65 3902.13
threshold=7.9285714285714297 15.535714285714286 3.9285714285714293 23.500000000000004 11.062500000000002 1.3095238095238098 34.000000000000007 5.8660714285714297 31.600000000000005 -0.96591663137137795 39.500000000000007 3.5000000000000004 5.5000000000000009 0.53913703985740891 -0.42459350082107911 40.500000000000007 1.5000000000000002 11.500000000000002 15.500000000000002 -0.97222182374902033 -0.95990363414299973 9.0625000000000018 26.000000000000004 10.500000000000002 19.464285714285719 13.845238095238097 6.5000000000000009 -0.96591663137137795 -0.95990363414299973 7.5000000000000009
decision_type=2 2 2 8 2 2 2 2 2 2 2 8 8 2 2 2 8 10 10 2 2 2 2 8 2 2 10 2 2 8
left_child=2 4 5 8 17 -1 -5 11 9 10 -3 27 28 15 -15 -8 -7 21 22 -20 -19 29 25 -24 -11 -6 -13 -4 -9 -2
right_child=1 3 7 6 18 16 13 12 -10 24 -12 26 -14 14 -16 -17 -18 20 19 -21 -22 -23 23 -25 -26 -27 -28 -29 -30 -31
leaf_value=-0.053755362674773668 0.083820411680595813 0.022337578867317034 0.25623571346037916 0.14343277797991227 0.044587587127076299 -0.0017701219886321906 0.21386247786932722 0.1582784652186269 -0.003336611074799883 0.092896885496268053 0.4085055953803215 -0.018713322622534927 -0.0045544472225251065 0.0043955237408237861 0.24598917079694549 0.35390899434730627 -0.038821470862445799 -0.14281236487031776 -0.13273727759855602 0.022935627286084514 -0.0063170319649505985 0.031317094878664395 0.30530164616373778 0.08493648453681947 0.12917674878977739 0.065841759950756765 -0.061008575716908445 0.034300689171614489 0.029933938778748972 0.012754931134850146
leaf_weight=147074 1977 4275 225 5493 63526 10762 2851 658 1642 34338 188 126648 112702 659 1099 1555 155005 834 654 5553 6201 82928 331 6498 12453 35598 6012 2663 6852 84170
leaf_count=147074 1977 4275 225 5493 63526 10762 2851 658 1642 34338 188 126648 112702 659 1099 1555 155005 834 654 5553 6201 82928 331 6498 12453 35598 6012 2663 6852 84170
internal_value=8.76068e-11 0.0474301 -0.0294309 0.111327 0.0331214 -0.0445677 0.190543 -0.0109158 0.0938699 0.0969841 0.0386046 -0.0190913 -0.00169734 0.232526 0.155426 0.263289 -0.036416 0.0208851 0.0523344 0.00653317 -0.0224986 0.0226903 0.0550176 0.0956175 0.102552 0.0522205 -0.0206301 0.0515913 0.041179 0.0143858
internal_weight=921424 352823 568601 64553 288270 312841 11657 255760 52896 51254 4463 135548 120212 6164 1758 4406 165767 176110 112160 6207 7035 169075 105953 6829 46791 99124 132660 2888 7510 86147
internal_count=921424 352823 568601 64553 288270 312841 11657 255760 52896 51254 4463 135548 120212 6164 1758 4406 165767 176110 112160 6207 7035 169075 105953 6829 46791 99124 132660 2888 7510 86147
is_linear=0
shrinkage=0.05


Tree=35
num_leaves=31
num_cat=0
split_feature=8 8 8 8 8 8 5 6 7 7 1 0 2 0 2 0 6 7 2 2 0 7 6 0 8 1 8 3 7 3
split_gain=464783 122660 51460.8 38936.4 20273.9 11471.8 8356.02 8302.23 6218.64 5845.65 6751.47 5427.96 9079.41 5292.07 5846.65 5254.4 5074.25 5039.83 6315.08 4984.29 6285.23 4646.23 4448.56 5999.37 4194.74 4173.46 4156.43 4131.73 3954.65 3918.65
threshold=7.154761904761906 14.690476190476192 2.5857142857142863 22.773809523809529 10.866071428571431 4.8452380952380958 30.500000000000004 2.5000000000000004 7.5000000000000009 12.500000000000002 0.49999524036036719 19.500000000000004 -0.96591663137137795 30.000000000000004 -0.44024608842882823 28.500000000000004 4.5000000000000009 14.500000000000002 -0.92387073784400886 -0.93186591997002521 21.500000000000004 12.500000000000002 10.500000000000002 27.500000000000004 8.8660714285714306 0.49999524036036719 12.208333333333334 1.0000000180025095e-35 7.5000000000000009 1.0000000180025095e-35
decision_type=2 2 2 2 2 2 8 8 8 8 2 2 2 2 2 2 8 10 2 2 2 10 8 2 2 2 2 2 10 2
left_child=2 4 11 9 8 7 -5 -4 19 13 15 -1 27 -3 -15 -11 -7 22 -19 20 -2 24 23 -6 -10 -14 -24 -13 -18 -23
right_child=1 3 5 6 17 16 -8 -9 21 10 -12 12 25 14 -16 -17 28 18 -20 -21 -22 29 26 -25 -26 -27 -28 -29 -30 -31
leaf_value=-0.050082283049835322 0.054126971269524954 0.13199897559637669 0.035433331143932441 0.14797289297630911 0.089460502802840292 0.053350426604701642 0.23310330864129436 -0.028479220795599156 0.0039021722471962437 0.060149354624831702 0.098541978120426366 0.014233200749534949 -0.018305091344292177 0.62362634567022335 0.17900527680591161 0.11660339735427261 -0.0066534312889133087 -0.088228078952677882 0.026285287231023552 0.036462306509454277 0.25406632944911334 0.0053734021380195136 0.035881254258450498 0.36049661260612054 0.021196314734429414 -0.055735984785540343 0.055726235000837211 0.15002408106955101 -0.042169857994619184 -0.11023764392210061
leaf_weight=200228 1083 1464 5268 8954 1702 3393 4251 143259 55403 36215 27720 1465 16248 125 181 4651 157927 1445 7217 15350 617 1571 54715 232 95505 13748 50959 907 8247 1374
leaf_count=200228 1083 1464 5268 8954 1702 3393 4251 143259 55403 36215 27720 1465 16248 125 181 4651 157927 1445 7217 15350 617 1571 54715 232 95505 13748 50959 907 8247 1374
internal_value=-1.68647e-12 0.0432801 -0.0291369 0.0965963 0.0277662 -0.0160668 0.175378 -0.0262124 0.0168083 0.0818099 0.0794946 -0.0470113 -0.028014 0.171525 0.360632 0.0665744 -0.00718013 0.0438729 0.0071821 0.0454589 0.126693 0.0136333 0.0468264 0.121974 0.0148471 -0.0354607 0.0454511 0.0661566 -0.00841607 -0.0485653
internal_weight=921424 370734 550690 83561 287173 318094 13205 148527 170903 70356 68586 232596 32368 1770 306 40866 169567 116270 8662 17050 1700 153853 107608 1934 150908 29996 105674 2372 166174 2945
internal_count=921424 370734 550690 83561 287173 318094 13205 148527 170903 70356 68586 232596 32368 1770 306 40866 169567 116270 8662 17050 1700 153853 107608 1934 150908 29996 105674 2372 166174 2945
is_linear=0
shrinkage=0.05


Tree=36
num_leaves=31
num_cat=0
split_feature=8 8 5 8 8 8 10 8 0 7 6 1 0 2 6 7 2 0 7 8 7 2 8 3 8 7 6 7 2 8
split_gain=419801 106505 52220.9 26502.6 25705.3 7585.67 7174.72 7018.13 6249.4 7096.56 6248.4 5987.11 5436.46 6415.28 5379.69 5216.75 7764.29 6334.75 4841.02 4783.91 4783.09 5645.52 4680.65 4634.67 4364.78 3659.85 3394.49 3356.08 3557.13 3388.21
threshold=7.9285714285714297 16.380952380952383 3.5000000000000004 11.845238095238097 26.845238095238098 0.30952380952380959 31.600000000000005 5.8452380952380958 27.500000000000004 15.500000000000002 16.500000000000004 0.65757720856060375 19.500000000000004 -0.96591663137137795 5.5000000000000009 7.5000000000000009 -0.93894197835419624 21.500000000000004 14.500000000000002 9.8660714285714306 9.5000000000000018 -0.76463845645075357 14.380952380952383 1.0000000180025095e-35 40.619047619047628 41.500000000000007 3.5000000000000004 7.5000000000000009 -0.93186591997002521 7.0714285714285721
decision_type=2 2 10 2 2 2 2 2 2 8 10 2 2 2 8 8 2 2 10 2 8 2 2 2 2 10 8 10 2 2
left_child=2 3 5 15 6 -1 8 26 11 -10 20 -3 -7 23 -9 16 17 -2 19 -17 21 -5 -22 -14 25 -6 -4 29 -29 -16
right_child=1 4 7 10 24 12 -8 14 9 -11 -12 -13 13 -15 27 18 -18 -19 -20 -21 22 -23 -24 -25 -26 -27 -28 28 -30 -31
leaf_value=-0.055884822592751696 0.081945888121061183 0.072165400864398294 0.012579260628023965 0.27612803351194515 0.18971506397864071 -0.03959540792461811 -0.014272190731455676 0.063608647743183408 0.28782438614679612 0.12081050647765515 -0.028793576642093324 0.11571953995626061 0.0033782413374938737 -0.024122188044453749 -0.0029400565533512567 0.011247349785219657 0.041998531285330237 0.35561059757025654 -0.077548552732480902 0.02765743469825593 0.04423056730484614 0.080868584095819041 0.067258335296824637 0.13869401151190439 0.33566811518878714 -0.16159059937795006 -0.019805728218751779 -0.086544272975709199 -0.015667679805370049 0.028258677403946431
leaf_weight=65226 490 22290 8605 493 6441 206016 1473 3086 680 9838 2417 12214 1588 28928 93826 97298 7887 372 1315 81708 74461 1486 31361 1052 524 75 135581 2048 13053 9592
leaf_count=65226 490 22290 8605 493 6441 206016 1473 3086 680 9838 2417 12214 1588 28928 93826 97298 7887 372 1315 81708 74461 1486 31361 1052 524 75 135581 2048 13053 9592
internal_value=-5.43287e-11 0.0428437 -0.026585 0.0312252 0.107797 -0.0407812 0.0943154 -0.0104115 0.0978681 0.131608 0.0507127 0.087583 -0.0366347 -0.017313 -0.00156452 0.0198651 0.0575704 0.200047 0.0180356 0.0187378 0.0524953 0.129511 0.051055 0.0572995 0.196836 0.185671 -0.017873 -0.0032615 -0.02528 -4.63799e-05
internal_weight=921424 352823 568601 299288 53535 302810 46495 265791 45022 10518 110218 34504 237584 31568 121605 189070 8749 862 180321 179006 107801 1979 105822 2640 7040 6516 144186 118519 15101 103418
internal_count=921424 352823 568601 299288 53535 302810 46495 265791 45022 10518 110218 34504 237584 31568 121605 189070 8749 862 180321 179006 107801 1979 105822 2640 7040 6516 144186 118519 15101 103418
is_linear=0
shrinkage=0.05


Tree=37
num_leaves=31
num_cat=0
split_feature=8 8 8 8 8 8 7 2 6 8 7 0 10 2 7 2 0 0 7 0 7 3 6 0 2 7 2 8 7 2
split_gain=379342 83891.5 65340.6 21323.6 18616.3 12756.1 6845.57 7764.55 6499.74 5824.35 5479.1 5464.66 5392.28 9322.8 4959.39 7424.78 6784.32 4801.92 5204.13 4779.28 6035.27 4721.35 4460.45 4384.21 7523.91 4383.3 4321.9 4205.28 4086.34 3964.3
threshold=8.8660714285714306 17.928571428571434 4.7321428571428585 12.928571428571431 28.690476190476193 2.4642857142857149 3.5000000000000004 -0.98101942973744338 2.5000000000000004 6.7321428571428585 18.500000000000004 30.000000000000004 29.550000000000001 0.40466461168876017 8.5000000000000018 -0.92387073784400886 21.500000000000004 27.500000000000004 17.500000000000004 26.000000000000004 11.500000000000002 1.0000000180025095e-35 8.5000000000000018 19.500000000000004 -0.9404343180211393 14.500000000000002 -0.92387073784400886 10.690476190476192 6.5000000000000009 -0.96591663137137795
decision_type=2 2 2 2 2 2 8 2 8 2 10 2 2 2 8 2 2 2 8 2 8 2 10 2 2 10 2 2 10 2
left_child=2 3 5 14 12 23 7 11 -7 28 19 -4 17 -14 15 16 -2 26 -19 29 -21 -12 -11 -1 -25 27 -3 -16 -8 -5
right_child=1 4 6 10 -6 8 9 -9 -10 22 21 -13 13 -15 25 -17 -18 18 -20 20 -22 -23 -24 24 -26 -27 -28 -29 -30 -31
leaf_value=-0.045513182839647226 0.081395797294980476 0.032720109489856535 0.19645650846904275 0.018949832629024999 0.20160210446008078 0.021831212954442975 -0.0073403717139695415 0.040504404333978145 -0.026353180720378341 0.008417962007374144 0.04284587974065069 0.72381443764393527 0.10821243596475026 -0.058246830522043415 0.017216516055128406 0.046512625134523616 0.36097121372222901 0.26120323410538665 0.12567365213661782 0.23975718869329171 0.081387375818796237 -0.094503622894352227 -0.024047504930086089 0.051580511816126211 -0.033176856694224308 -0.042210439341255762 0.1023401925340421 0.033700927747295294 -0.035449080637845611 0.057114721033246843
leaf_weight=196798 515 2540 271 7481 5276 7358 109500 4192 143364 101267 1429 60 2114 1397 89585 7559 375 769 8974 659 6904 1113 11814 2883 28524 2514 18217 68099 14661 75212
leaf_count=196798 515 2540 271 7481 5276 7358 109500 4192 143364 101267 1429 60 2114 1397 89585 7559 375 769 8974 659 6904 1113 11814 2883 28524 2514 18217 68099 14661 75212
internal_value=-1.08663e-10 0.0460897 -0.022331 0.0358527 0.114214 -0.0352891 -0.00202123 0.0589129 -0.0240009 -0.00318293 0.0551027 0.29205 0.100658 0.0419796 0.0252604 0.0625958 0.199194 0.107413 0.136371 0.0571416 0.0951869 -0.0172918 0.00502617 -0.0427446 -0.0253966 0.0232913 0.0938209 0.0243356 -0.0106595 0.0536621
internal_weight=921424 300732 620692 261445 39287 378927 241765 4523 150722 237242 92798 331 34011 3511 168647 8449 890 30500 9743 90256 7563 2542 113081 228205 31407 160198 20757 157684 124161 82693
internal_count=921424 300732 620692 261445 39287 378927 241765 4523 150722 237242 92798 331 34011 3511 168647 8449 890 30500 9743 90256 7563 2542 113081 228205 31407 160198 20757 157684 124161 82693
is_linear=0
shrinkage=0.05


Tree=38
num_leaves=31
num_cat=0
split_feature=8 8 8 8 8 8 8 0 2 3 10 7 7 0 2 6 8 7 7 2 7 7 2 6 5 7 7 2 1 6
split_gain=343001 80028.2 52617.3 19798.3 18452.2 7954.68 6940.86 5671.14 6509.55 6097.71 5571.48 5557.61 5229.81 6480.55 5582.34 4834.84 4683.49 4657.22 4379.52 6389.58 4285.09 4280.87 4216.68 4144.9 3939.53 3837.55 3587.43 3544.18 3216.5 3198.18
threshold=8.071428571428573 16.937500000000004 3.9285714285714293 26.845238095238098 11.866071428571431 6.0625000000000009 0.30952380952380959 19.500000000000004 -0.96591663137137795 1.0000000180025095e-35 31.600000000000005 18.500000000000004 12.500000000000002 51.500000000000007 -0.95990363414299973 3.5000000000000004 20.773809523809529 6.5000000000000009 10.500000000000002 -0.88599923532063174 8.5000000000000018 27.500000000000004 -0.96591663137137795 8.5000000000000018 43.500000000000007 21.500000000000004 6.5000000000000009 -0.96591663137137795 -0.64278760968653914 5.5000000000000009
decision_type=2 2 2 2 2 2 2 2 2 2 2 10 10 2 2 8 2 8 8 2 8 10 2 10 8 10 10 2 2 10
left_child=2 4 6 10 12 15 -1 -8 9 -9 16 18 13 20 -14 27 25 29 19 -6 -2 -18 -20 -19 -5 -3 -17 -4 -10 -7
right_child=1 3 5 24 11 17 7 8 28 -11 -12 -13 14 -15 -16 26 21 23 22 -21 -22 -23 -24 -25 -26 -27 -28 -29 -30 -31
leaf_value=-0.050956322826187506 0.04520657845431366 0.083266486281951518 0.23812298610205743 0.16924193788165143 0.24884589081146308 0.097505123219244885 -0.035617112128049078 -0.00028206927031873417 0.0045379872523677424 0.14888134130633293 -0.014506212930096019 -0.050503012757386327 -0.1551562574508456 0.92183019906282437 -0.0078342793361293444 -0.012987498968498688 0.12116126603641508 0.00095354358788355244 0.015083843564420857 0.071733687428752482 0.018718547997153258 -0.035316830139944362 0.049172696165755807 -0.071086957833168152 0.33707209502909646 -0.0060835963270563301 -0.048047427889251336 0.034097270536629747 -0.03082868113604896 0.021322672324967845
leaf_weight=65226 17229 26862 231 6671 616 1523 214096 1738 9176 1131 1298 1456 738 20 4996 166336 12440 93949 9995 2938 134193 453 98198 2040 369 1258 7631 2710 21474 14433
leaf_count=65226 17229 26862 231 6671 616 1523 214096 1738 9176 1131 1298 1456 738 20 4996 166336 12440 93949 9995 2938 134193 453 98198 2040 369 1258 7631 2710 21474 14433
internal_value=1.51596e-10 0.0418489 -0.0222378 0.1004 0.0311618 -0.00685024 -0.0364455 -0.0326231 -0.0134992 0.0585202 0.0874824 0.046553 0.0200766 0.0218513 -0.0267955 -0.0134507 0.0907102 0.00358049 0.0478175 0.102432 0.0217324 0.115663 0.0460235 -0.000577492 0.178039 0.0792692 -0.0145254 0.0501224 -0.0202406 0.0285943
internal_weight=921424 319730 601694 49351 270379 288853 312841 247615 33519 2869 42311 113203 157176 151442 5734 176908 41013 111945 111747 3554 151422 12893 108193 95989 7040 28120 173967 2941 30650 15956
internal_count=921424 319730 601694 49351 270379 288853 312841 247615 33519 2869 42311 113203 157176 151442 5734 176908 41013 111945 111747 3554 151422 12893 108193 95989 7040 28120 173967 2941 30650 15956
is_linear=0
shrinkage=0.05


Tree=39
num_leaves=31
num_cat=0
split_feature=8 8 8 8 8 8 6 7 0 1 7 6 5 7 2 6 8 6 6 0 1 8 7 2 2 6 7 0 2 10
split_gain=310238 83259.6 35120.6 22321.6 17617.3 7582.49 6816.12 5543.3 5622.34 6796.35 5827.16 5307.37 5229.57 5200.74 5314.48 5047.5 4388.33 4739.04 4056.03 3896.01 5293.84 3804.46 3750.8 5316.99 3625.72 3585.21 3517.05 3390.63 4141.24 3343
threshold=7.154761904761906 15.380952380952383 2.5857142857142863 23.380952380952383 10.866071428571431 4.9285714285714297 2.5000000000000004 24.500000000000004 28.500000000000004 0.60875563403867206 13.500000000000002 15.500000000000002 34.500000000000007 10.500000000000002 -0.95990363414299973 6.5000000000000009 13.535714285714286 13.500000000000002 4.5000000000000009 15.500000000000002 0.49999524036036719 9.0625000000000018 35.500000000000007 0.55727545385952004 -0.96591663137137795 13.500000000000002 4.5000000000000009 19.500000000000004 -0.98101942973744338 31.600000000000005
decision_type=2 2 2 2 2 2 8 10 2 2 8 10 8 10 2 8 2 10 8 2 2 2 10 2 2 8 10 2 2 2
left_child=2 4 19 7 13 6 24 8 9 -3 -10 16 22 15 -15 -2 17 -6 -7 -1 27 -17 29 -24 -4 -18 -8 -21 -29 -5
right_child=1 3 5 12 11 18 26 -9 10 -11 -12 -13 -14 14 -16 21 25 -19 -20 20 -22 -23 23 -25 -26 -27 -28 28 -30 -31
leaf_value=-0.044017495738668533 0.099391862691339081 0.054428635223157155 0.18359392718693038 0.14561811731364799 0.035542158754921969 0.05216307100697895 -0.020245703718717631 -0.07295034549055654 0.31780297986873385 0.094097272055268355 0.10658572360899486 -0.033224670577034335 0.22236522499942812 -0.096095404047550959 -0.0034943743983588114 0.0097566228020418318 0.1071047265134854 -0.019046905912570102 -0.0067344379180990111 -0.029814402647395682 -0.046619168548189621 0.026301778594185074 0.2190276286524275 -0.28012019352635414 0.02309182120131878 0.048641991705899758 -0.043806096987916793 0.069531100704734658 -0.011841431976263668 0.0025031926248290045
leaf_weight=136153 1813 30233 379 8751 84519 2976 127200 643 344 16796 6434 2571 2041 1747 13700 100554 2807 4172 164532 43436 34387 53089 92 127 4914 39873 18093 1723 16897 428
leaf_count=136153 1813 30233 379 8751 84519 2976 127200 643 344 16796 6434 2571 2041 1747 13700 100554 2807 4172 164532 43436 34387 53089 92 127 4914 39873 18093 1723 16897 428
internal_value=-5.12875e-11 0.0353598 -0.0238048 0.0863268 0.0243438 -0.0130074 -0.0211493 0.0729878 0.0747318 0.0685959 0.117306 0.0379213 0.149821 0.0137028 -0.0139672 0.0164522 0.0393136 0.0329743 -0.00568805 -0.0385712 -0.0308824 0.0154735 0.134066 -0.0704325 0.0345844 0.052487 -0.0231796 -0.0221623 -0.00431163 0.138945
internal_weight=921424 370734 550690 65889 304845 318094 150586 54450 53807 47029 6778 133942 11439 170903 15447 155456 131371 88691 167508 232596 96443 153643 9398 219 5293 42680 145293 62056 18620 9179
internal_count=921424 370734 550690 65889 304845 318094 150586 54450 53807 47029 6778 133942 11439 170903 15447 155456 131371 88691 167508 232596 96443 153643 9398 219 5293 42680 145293 62056 18620 9179
is_linear=0
shrinkage=0.05


Tree=40
num_leaves=31
num_cat=0
split_feature=8 8 8 8 8 8 6 7 7 2 0 8 6 10 2 0 7 0 7 2 6 6 7 8 3 2 1 5 2 0
split_gain=280229 63245 47352.9 15400.3 14696 8825.15 6019.46 5464.08 5444.91 7800.57 6397.13 5166.54 5042.75 4771.34 9319.44 4902.58 4763.52 4627.07 5384.17 4588.81 4525.19 4422.26 4244.64 4156.92 4041.85 3806.76 3500.78 3374.64 3182.76 9004.63
threshold=8.7321428571428594 17.535714285714288 4.1833333333333345 12.35416666666667 29.845238095238098 1.4642857142857146 1.5000000000000002 17.500000000000004 3.5000000000000004 -0.98101942973744338 21.500000000000004 6.8660714285714297 12.500000000000002 29.550000000000001 0.38267978949462689 27.500000000000004 17.500000000000004 26.000000000000004 11.500000000000002 -0.9404343180211393 8.5000000000000018 8.5000000000000018 6.5000000000000009 10.464285714285717 1.0000000180025095e-35 -0.96591663137137795 0.49999524036036719 49.500000000000007 0.60875563403867183 44.000000000000007
decision_type=2 2 2 2 2 2 8 10 8 2 2 2 10 2 2 2 8 2 8 2 10 8 10 2 2 2 2 8 2 2
left_child=2 3 5 12 13 -1 -7 17 9 10 -4 22 21 15 -15 19 -17 26 -19 -3 -13 -2 -10 -23 -9 -26 -5 28 -6 -30
right_child=1 4 8 7 27 6 -8 24 11 -11 -12 20 -14 14 -16 16 -18 18 -20 -21 -22 23 -24 -25 25 -27 -28 -29 29 -31
leaf_value=-0.040108120082861458 0.079954976345495574 0.013298862439207654 0.060610824454531614 0.037008003107101083 0.19708686383289706 0.019144926466663114 -0.025952050009006536 0.033473926332695553 -0.0069449231998279211 0.026306120272748774 0.42454188717650132 0.0074865173868247708 -0.036422579403874604 0.10145542039090415 -0.055738976553771871 0.2297960875909488 0.10993928880480996 0.20323782226003009 0.070783361181011237 0.086699676851858559 -0.029691891496275064 0.014144879565645819 -0.032964478551377817 0.030679649867996067 -0.22522102511657804 -0.03137974786200691 0.057633508428240193 0.50554852942122686 0.17728307330764312 -0.20313545371688424
leaf_weight=151821 3240 2377 253 51973 3542 7677 204707 2738 122029 6563 231 96974 3763 2174 1665 906 9751 866 6727 20434 8939 92481 17984 64538 296 1755 34052 79 688 201
leaf_count=151821 3240 2377 253 51973 3542 7677 204707 2738 122029 6563 231 96974 3763 2174 1665 906 9751 866 6727 20434 8939 92481 17984 64538 296 1755 34052 79 688 201
internal_value=1.04844e-10 0.0392726 -0.0193599 0.0301726 0.096381 -0.0309025 -0.0243219 0.0458101 -0.00274212 0.0405919 0.234305 -0.00398385 0.0207907 0.0860751 0.0332792 0.0921312 0.120129 0.0484748 0.0858901 0.079051 0.00434868 0.0221341 -0.010287 0.020941 -0.00628216 -0.0593549 0.0451724 0.181632 0.175857 0.0912717
internal_weight=921424 304246 617178 262429 41817 364205 212384 98407 252973 7047 484 245926 164022 37307 3839 33468 10657 93618 7593 22811 105913 160259 140013 157019 4789 2051 86025 4510 4431 889
internal_count=921424 304246 617178 262429 41817 364205 212384 98407 252973 7047 484 245926 164022 37307 3839 33468 10657 93618 7593 22811 105913 160259 140013 157019 4789 2051 86025 4510 4431 889
is_linear=0
shrinkage=0.05


Tree=41
num_leaves=31
num_cat=0
split_feature=8 8 8 8 8 7 8 2 0 2 9 7 0 2 2 7 7 2 0 10 1 6 6 6 2 0 0 0 1 7
split_gain=253512 66657.2 31001.6 21658.8 10431.2 6595.21 7452.24 5476.19 5412.94 9760.19 8219.54 4812.83 6850.31 7546.33 4629.98 5233.65 4618.05 4804.36 5730.86 4530.75 4474.09 4441.51 3992.02 3848.88 3790.65 4669.99 3774.67 3756.29 4918.09 3504.05
threshold=7.5982142857142865 14.866071428571431 2.7321428571428577 22.535714285714288 10.062500000000002 1.5000000000000002 4.9285714285714297 -0.9914354235332985 37.000000000000007 0.53913703985740891 0.39777940045770588 10.500000000000002 21.500000000000004 -0.9474464830022985 -0.96591663137137795 14.500000000000002 13.500000000000002 -0.92387073784400886 39.500000000000007 29.550000000000001 0.49999524036036719 7.5000000000000009 10.500000000000002 7.5000000000000009 -0.91517207274776624 30.000000000000004 44.000000000000007 15.500000000000002 0.49999524036036719 4.5000000000000009
decision_type=2 2 2 2 2 8 2 2 2 2 2 8 2 2 2 10 8 2 2 2 2 8 10 10 2 2 2 2 2 10
left_child=2 4 27 16 21 7 29 -4 20 26 -11 12 -6 -14 15 -13 24 18 -18 -19 -5 -2 -23 -8 25 -3 -10 -1 -29 -7
right_child=1 3 5 8 11 6 23 -9 9 10 -12 14 13 -15 -16 -17 17 19 -20 -21 -22 22 -24 -25 -26 -27 -28 28 -30 -31
leaf_value=-0.04006851755819707 0.060867218821269511 0.17477721819493305 0.33487324895763615 0.080862534156974142 0.038041652956249616 -0.017210980729254182 -0.0033967781242107346 0.041329503837636991 0.18168433428002218 -0.11050783342747356 0.14906757357444853 0.0098099137631151943 0.28829025069398306 0.086959324129673526 0.031014940512884982 -0.095923680660903801 0.016156296145435907 0.068376788578283845 0.27141316548253586 0.020515461147454773 0.15472616739563019 0.011431174960941856 -0.050897674189543968 -0.04101762107687202 0.10202588314145891 0.59092124781330646 0.29409059363891948 -0.019081458138015192 -0.042421073665582197 -0.040494739117108637
leaf_weight=138167 4475 278 166 5800 11316 124391 170449 3705 2363 469 872 10203 541 3332 108396 1322 8133 50536 226 5481 3171 137087 2618 7081 2184 89 1092 64060 34850 18571
leaf_count=138167 4475 278 166 5800 11316 124391 170449 3705 2363 469 872 10203 541 3332 108396 1322 8133 50536 226 5481 3171 137087 2618 7081 2184 89 1092 64060 34850 18571
internal_value=2.78302e-13 0.0327529 -0.0210005 0.0727804 0.0211879 -0.0109557 -0.0117393 0.0539175 0.129895 0.172774 0.0582839 0.0311699 0.057686 0.115082 0.0278114 -0.00231849 0.0610318 0.0584173 0.0230576 0.0636938 0.106971 0.0118338 0.0102632 -0.00489733 0.127011 0.275695 0.217212 -0.0347435 -0.027305 -0.0202356
internal_weight=921424 359984 561440 80694 279290 324363 320492 3871 13767 4796 1341 135110 15189 3873 119921 11525 66927 64376 8359 56017 8971 144180 139705 177530 2551 367 3455 237077 98910 142962
internal_count=921424 359984 561440 80694 279290 324363 320492 3871 13767 4796 1341 135110 15189 3873 119921 11525 66927 64376 8359 56017 8971 144180 139705 177530 2551 367 3455 237077 98910 142962
is_linear=0
shrinkage=0.05


Tree=42
num_leaves=31
num_cat=0
split_feature=8 8 8 8 0 8 2 0 0 0 6 7 8 2 3 7 2 7 2 10 0 7 6 3 6 2 1 7 2 2
split_gain=229399 47794.4 47084.9 11831.8 9858.75 8091.4 5849.22 8077.91 6342.33 6203 5415.72 5413.96 5395.53 5152.01 7436.03 5115.38 6025.94 5028.28 5000.45 4913.83 4901.42 5851.85 4815.52 4531.66 4166.1 3904.99 6101.58 3813.27 3871.31 3224.86
threshold=9.0625000000000018 4.7321428571428585 18.690476190476193 13.928571428571431 34.000000000000007 1.4642857142857146 0.60875563403867183 44.000000000000007 40.500000000000007 47.500000000000007 1.5000000000000002 10.500000000000002 6.2083333333333348 -0.96591663137137795 1.0000000180025095e-35 13.500000000000002 -0.93186591997002521 19.500000000000004 -0.93894197835419624 29.000000000000004 21.500000000000004 7.5000000000000009 5.5000000000000009 1.0000000180025095e-35 4.5000000000000009 0.25881658133175089 -0.60875563403867206 12.500000000000002 -0.93186591997002521 -0.90722548043086537
decision_type=2 2 2 2 2 2 2 2 2 2 8 10 2 2 2 10 2 10 2 2 2 8 8 2 8 2 2 8 2 2
left_child=1 5 3 15 13 -1 8 19 -6 -9 -7 12 24 14 -4 20 -17 27 -10 -8 -2 -22 29 -19 -3 -15 -27 28 -5 -14
right_child=2 11 4 17 6 10 7 9 18 -11 -12 -13 22 25 -16 16 -18 23 -20 -21 21 -23 -24 -25 -26 26 -28 -29 -30 -31
leaf_value=-0.036352684003353362 0.022985651420925408 0.047227487344890587 0.060393456096858249 0.27209918189328164 0.13130243319272208 0.019640718671013219 0.16274345372029472 -0.3660537093152087 0.42001299845753243 0.013759930294760492 -0.02289374295998409 -0.058818216906630687 0.24991572434502773 0.10254378767757462 -0.19007580181990238 -0.088390059286489311 0.0079748513135377043 0.034545927074878698 0.2055290777436623 -0.047478155373347125 0.15110911119121986 0.04274951593146091 0.0057925603193798979 -0.12935159996001913 -0.0092129504320390843 -0.011287180772122785 0.084712933659408143 0.047703313905002147 0.08626399838718847 0.060605383907332666
leaf_weight=151821 130382 3369 1024 316 4081 7748 1504 154 320 356 219358 3869 266 13192 417 1939 9932 972 1802 341 1348 16457 157119 745 110765 2261 6177 69454 2477 1458
leaf_count=151821 130382 3369 1024 316 4081 7748 1504 154 320 356 219358 3869 266 13192 417 1939 9932 972 1802 341 1348 16457 157119 745 110765 2261 6177 69454 2477 1458
internal_value=3.3974e-11 -0.0158787 0.0391974 0.0314586 0.096456 -0.0274165 0.14229 0.0752027 0.16776 -0.100929 -0.0214426 -8.65796e-05 0.000745845 0.0794543 -0.0120879 0.0238161 -0.00776532 0.0479971 0.237873 0.123889 0.026346 0.0509533 0.00670449 -0.0365686 -0.00754695 0.0855529 0.0589893 0.0500069 0.107289 0.0898145
internal_weight=921424 655773 265651 234022 31629 378927 8558 2355 6203 510 227106 276846 272977 23071 1441 160058 11871 73964 2122 1845 148187 17805 158843 1717 114134 21630 8438 72247 2793 1724
internal_count=921424 655773 265651 234022 31629 378927 8558 2355 6203 510 227106 276846 272977 23071 1441 160058 11871 73964 2122 1845 148187 17805 158843 1717 114134 21630 8438 72247 2793 1724
is_linear=0
shrinkage=0.05


Tree=43
num_leaves=31
num_cat=0
split_feature=8 8 8 8 8 7 2 8 6 0 3 7 2 0 6 7 5 7 2 7 0 0 10 2 0 2 3 8 6 1
split_gain=207614 56740.6 23806 15373.6 12042.9 5797.86 7538.52 5628.64 5304.19 5264.99 5525.25 4750.9 5330.33 5182.14 4877.42 4435.8 4311.85 3967.04 4636.04 3961.3 5096.31 3778.21 3648.75 7109.29 3532.72 6299.11 3474.92 3262.4 3134.99 3113
threshold=7.0714285714285721 15.380952380952383 2.7321428571428577 22.773809523809529 11.183333333333335 2.5000000000000004 -0.93894197835419624 4.9285714285714297 15.500000000000002 21.500000000000004 1.0000000180025095e-35 6.5000000000000009 -0.95436844760270667 26.000000000000004 11.500000000000002 24.500000000000004 36.500000000000007 14.500000000000002 -0.92387073784400886 11.500000000000002 21.500000000000004 21.500000000000004 29.250000000000004 0.424593500821079 19.500000000000004 -0.96591663137137795 1.0000000180025095e-35 9.2261904761904781 7.5000000000000009 -0.25881658133175128
decision_type=2 2 2 2 2 8 2 2 10 2 2 8 2 2 10 10 8 10 2 8 2 2 2 2 2 2 2 2 10 2
left_child=2 4 24 15 11 6 9 -7 19 -4 -11 12 13 -2 27 17 22 21 -19 20 -6 -3 -5 -24 -1 26 -26 -13 -9 -27
right_child=1 3 5 16 8 7 -8 28 -10 10 -12 14 -14 -15 -16 -17 -18 18 -20 -21 -22 -23 23 -25 25 29 -28 -29 -30 -31
leaf_value=-0.033960929042527614 0.10744835004148555 0.05252491346669283 0.06388167554585171 0.12124201443354894 0.041670616230010928 -0.019282487748081785 0.010620838292991548 -0.0046642742396997734 -0.037878063976897948 0.057557051884120004 0.42144366257720522 0.0059813449090154449 0.037752482868448435 0.4270031564073129 -0.05238258585207578 -0.092486024703442429 0.20110518632863911 0.016559673458306733 0.062442832067773325 0.03149418108263409 0.11493339227610776 0.1561932190763049 0.11736760137164189 -0.087036480881522479 0.013145988083722877 -0.0012222028888732935 0.13510103173740792 0.019229055658390115 -0.059778916859156775 -0.034362257288887553
leaf_weight=203750 549 1557 767 9915 8424 136559 9900 161587 2563 170 270 103667 6866 165 2996 480 1431 6329 42300 93815 3305 2018 1200 659 1499 11020 957 84233 2622 19851
leaf_count=203750 549 1557 767 9915 8424 136559 9900 161587 2563 170 270 103667 6866 165 2996 480 1431 6329 42300 93815 3305 2018 1200 659 1499 11020 957 84233 2622 19851
internal_value=2.14429e-10 0.028813 -0.0195501 0.0709087 0.0197661 -0.0104718 0.0250039 -0.0117819 0.0331933 0.142976 0.280851 0.0124524 0.0512735 0.181295 0.0109109 0.0588172 0.11915 0.0602084 0.0564712 0.0349192 0.0623146 0.111043 0.10919 0.0449081 -0.0314925 -0.016401 0.0606667 0.0119201 -0.00554431 -0.0225323
internal_weight=921424 372472 548952 65889 306583 311875 11107 300768 108107 1207 440 198476 7580 714 190896 52684 13205 52204 48629 105544 11729 3575 11774 1859 237077 33327 2456 187900 164209 30871
internal_count=921424 372472 548952 65889 306583 311875 11107 300768 108107 1207 440 198476 7580 714 190896 52684 13205 52204 48629 105544 11729 3575 11774 1859 237077 33327 2456 187900 164209 30871
is_linear=0
shrinkage=0.05


Tree=44
num_leaves=31
num_cat=0
split_feature=8 8 8 0 8 2 2 3 7 6 9 0 7 2 0 3 10 8 7 8 7 2 2 7 8 4 0 6 6 0
split_gain=187525 49197 24052.1 12616.2 11966.9 9729.86 7048.83 8648.08 6402.22 5638.13 5601.75 5415.6 5321.74 6805.02 5646.08 5765.91 5252.69 4777.35 5160.86 4593.88 4453.65 4986.25 4231.17 4129.69 4346.76 3815.87 3733.01 3519.67 3350.95 3014.24
threshold=7.9285714285714297 16.380952380952383 3.7321428571428577 37.000000000000007 11.866071428571431 0.53913703985740891 -0.96591663137137795 1.0000000180025095e-35 19.500000000000004 16.500000000000004 0.40418804273250558 44.000000000000007 3.5000000000000004 -0.9474464830022985 21.500000000000004 1.0000000180025095e-35 31.600000000000005 0.30952380952380959 1.0000000180025095e-35 20.773809523809529 11.500000000000002 -0.9474464830022985 -0.9404343180211393 9.5000000000000018 5.8660714285714297 -0.56174490092936669 51.500000000000007 11.500000000000002 7.5000000000000009 31.500000000000004
decision_type=2 2 2 2 2 2 2 2 10 10 2 2 8 2 2 2 2 2 8 2 10 2 2 10 2 2 2 8 8 2
left_child=2 4 17 6 20 -5 7 25 -9 27 11 -7 13 14 -4 -16 19 -1 22 -8 26 -22 -19 24 -14 -3 28 29 -2 -6
right_child=1 3 12 5 9 10 16 8 -10 -11 -12 -13 23 -15 15 -17 -18 18 -20 -21 21 -23 -24 -25 -26 -27 -28 -29 -30 -31
leaf_value=-0.039227449658649188 0.073040399954407989 -0.074404573938762764 0.055184088386101462 0.17614254841497706 0.082839572927725785 0.049116777314393664 0.061126407026984346 -0.013779666387201774 -0.25214422427654365 -0.041615881978318309 0.12891909946537422 -0.19222564338960893 -0.013607655542868961 0.013933360345407517 0.041200564449499773 0.41849206125442973 -0.019899062584177708 0.095543871253818746 -0.025758377083294728 0.096609952450019271 -0.087545213582774839 -0.0018709620837744313 -0.0027236858447627407 -0.061059510259502126 -0.00027418444994556628 0.080089205408242214 0.698386514261365 0.034407274073496273 0.014425256517531652 0.30362416726134761
leaf_weight=65226 2473 500 712 4708 1813 637 28102 652 496 2414 985 366 129345 10098 158 282 1592 1202 229705 13505 1978 12010 12354 3626 115893 1992 20 104623 173788 169
leaf_count=65226 2473 500 712 4708 1813 637 28102 652 496 2414 985 366 129345 10098 158 282 1592 1202 229705 13505 1978 12010 12354 3626 115893 1992 20 104623 173788 169
internal_value=-6.72487e-11 0.0286348 -0.0177682 0.0727804 0.0207383 0.136977 0.063603 -0.00321771 -0.116766 0.0339467 0.0442244 -0.0389503 -0.00656922 0.027068 0.142201 0.28301 0.0692334 -0.0272111 -0.0239892 0.0726438 0.0131703 -0.0139859 0.00598962 -0.0080898 -0.00730661 0.0490913 0.0153252 0.0356577 0.0152476 0.101665
internal_weight=921424 352823 568601 53535 299288 6696 46839 3640 1148 109019 1988 1003 260114 11250 1152 440 43199 308487 243261 41607 190269 13988 13556 248864 245238 2492 176281 106605 176261 1982
internal_count=921424 352823 568601 53535 299288 6696 46839 3640 1148 109019 1988 1003 260114 11250 1152 440 43199 308487 243261 41607 190269 13988 13556 248864 245238 2492 176281 106605 176261 1982
is_linear=0
shrinkage=0.05


Tree=45
num_leaves=31
num_cat=0
split_feature=8 8 8 8 8 8 6 7 2 7 2 6 8 7 3 7 0 2 0 2 2 6 6 2 0 1 5 7 0 10
split_gain=169984 35661.9 34992.6 8785.24 7845.81 6327.79 5574.43 4912.72 6070.33 4880.34 5291.28 4818.03 5549.71 4527.6 4143.8 3972.64 3945.45 5333.4 3723.63 5049.84 3996.46 3577.32 3462.69 2939.09 2934.01 3933.81 2827.29 2614.04 2602.08 2598.29
threshold=9.2261904761904781 4.6904761904761916 18.690476190476193 13.598214285714286 29.845238095238098 2.5857142857142863 2.5000000000000004 9.5000000000000018 -0.9474464830022985 13.500000000000002 -0.92387073784400886 4.5000000000000009 6.3809523809523823 19.500000000000004 1.0000000180025095e-35 31.500000000000004 26.000000000000004 -0.93186591997002521 37.000000000000007 -0.96591663137137795 -0.9404343180211393 6.5000000000000009 12.500000000000002 -0.96591663137137795 15.500000000000002 0.49999524036036719 47.500000000000007 4.5000000000000009 19.500000000000004 29.550000000000001
decision_type=2 2 2 2 2 2 8 10 2 10 2 8 2 10 2 10 2 2 2 2 2 8 8 2 2 2 8 10 2 2
left_child=1 5 3 9 15 24 23 11 -9 16 -11 -3 -13 22 -15 18 -2 -18 19 -4 -20 -14 -5 -7 -1 28 -6 -8 -26 -12
right_child=2 7 4 13 26 6 27 8 -10 10 29 12 21 14 -16 -17 17 -19 20 -21 -22 -23 -24 -25 25 -27 -28 -29 -30 -31
leaf_value=-0.033442606620600709 0.02063274537921243 0.053418764763013216 -0.018216543507038885 0.15991227267641575 0.13864110200666682 0.17093771155719645 -0.014951463695782534 -0.13667859886508102 -0.019659241645594423 -0.099127100581572175 0.013727526323283921 -0.0079387593096943449 0.043166200330296181 0.028665716316305191 -0.12676804115813683 -0.13744734412579387 0.16249420414526028 0.040864753633398275 0.27662219182637177 0.074709494813937738 0.10528000867316845 0.0049918283022438292 0.041739615672651435 0.024932006263934148 -0.02123045362517131 -0.035609478364501401 0.41575904311017792 -0.037334846156477718 0.0011107793244686834 -0.068940864149121414
leaf_weight=136153 135728 4342 1563 625 4416 371 124586 1266 8894 1548 6723 115495 6407 989 757 222 1050 6364 399 22621 2314 145608 75912 4858 43436 34387 94 14569 18620 1107
leaf_count=136153 135728 4342 1563 625 4416 371 124586 1266 8894 1548 6723 115495 6407 989 757 222 1050 6364 399 22621 2314 145608 75912 4858 43436 34387 94 14569 18620 1107
internal_value=-6.22702e-11 -0.0135523 0.0340311 0.0272723 0.0833516 -0.0236125 -0.0153905 -0.00010429 -0.0342406 0.0202836 -0.0146594 0.00117149 0.000323461 0.0408884 -0.0387245 0.0731962 0.0225729 0.0580904 0.0749348 0.0687037 0.130479 0.00660077 0.0427046 0.0352912 -0.0287163 -0.022044 0.144417 -0.0172949 -0.0145269 0.00203993
internal_weight=921424 658992 262432 230803 31629 376980 144384 282012 10160 152520 9378 271852 267510 78283 1746 27119 143142 7414 26897 24184 2713 152015 76537 5229 232596 96443 4510 139155 62056 7830
internal_count=921424 658992 262432 230803 31629 376980 144384 282012 10160 152520 9378 271852 267510 78283 1746 27119 143142 7414 26897 24184 2713 152015 76537 5229 232596 96443 4510 139155 62056 7830
is_linear=0
shrinkage=0.05


Tree=46
num_leaves=31
num_cat=0
split_feature=8 8 8 8 8 6 7 2 0 8 6 7 2 0 8 7 6 2 7 7 0 10 2 2 2 10 2 5 0 7
split_gain=154011 36402.2 24832.9 9410.95 8692.45 4782.8 4656.94 6544.58 4993.89 4493.67 4450.96 4249.36 7474.8 6392.67 4222.41 4621.52 4093.32 3865.5 3479.24 3435.59 4456.62 3186.03 6746.13 3006.05 2797.38 2713.21 5442.04 3455.54 2675.45 4375.18
threshold=8.3541666666666696 17.535714285714288 3.9285714285714293 12.845238095238097 28.690476190476193 17.500000000000004 3.5000000000000004 -0.98821097822247983 31.500000000000004 5.8660714285714297 8.5000000000000018 7.5000000000000009 -0.93186591997002521 26.000000000000004 0.30952380952380959 1.0000000180025095e-35 13.500000000000002 -0.95990363414299973 5.5000000000000009 12.500000000000002 22.500000000000004 29.550000000000001 0.424593500821079 -0.93894197835419624 -0.83251919187752454 29.550000000000001 0.52053679269617514 42.500000000000007 27.500000000000004 17.500000000000004
decision_type=2 2 2 2 2 10 8 2 2 2 10 8 2 2 2 8 10 2 10 8 2 2 2 2 2 2 2 8 2 8
left_child=2 3 14 11 21 19 7 8 -4 18 -11 12 13 -2 -1 17 23 -16 -8 20 -5 28 -23 -13 -21 27 -27 -6 -3 -30
right_child=1 4 6 5 25 -7 9 -9 -10 10 -12 16 -14 -15 15 -17 -18 -19 -20 24 -22 22 -24 -25 -26 26 -28 -29 29 -31
leaf_value=-0.035791453201984208 0.13037126835380589 0.058777809583071397 0.14576638341456635 0.040868181740705591 0.13788315668154921 -0.032332744533576756 -0.0091710294391071107 0.020336888565008662 0.61902477592229843 0.0016182747725918944 -0.049337840647828181 -0.0027913886664241343 0.036504169989971171 0.49796762984295029 0.098755368582586545 -0.023139572610595616 -0.066297542395322304 -0.00089236611249621223 -0.033499060436718783 0.015868437144459804 0.12780591549415762 0.072195159485058932 -0.066562797032732851 0.017004749657848147 0.038748647047110306 0.12451871146137516 -0.14042270685276889 0.32088447483965077 0.19514074250108304 0.079416026442577142
leaf_weight=65226 533 22800 432 4102 3946 2572 110662 9122 64 154207 4408 21988 5343 152 1055 234005 1583 12555 16947 16776 2301 2302 1414 149989 65585 798 256 276 897 9128
leaf_count=65226 533 22800 432 4102 3946 2572 110662 9122 64 154207 4408 21988 5343 152 1055 234005 1583 12555 16947 16776 2301 2302 1414 149989 65585 798 256 276 897 9128
internal_value=-4.41934e-11 0.028518 -0.0146525 0.0218162 0.0719379 0.0348833 -0.00426722 0.0299544 0.206832 -0.00541717 0.000202176 0.0151704 0.0564401 0.21194 -0.0244735 -0.0214922 0.013737 0.00683198 -0.0124019 0.0368309 0.0721104 0.0632757 0.0193954 0.0144737 0.0340882 0.131931 0.0601686 0.149846 0.0682433 0.0897706
internal_weight=921424 312741 608683 270924 41817 91336 295842 9618 496 286224 158615 179588 6028 685 312841 247615 173560 13610 127609 88764 6403 36541 3716 171977 82361 5276 1054 4222 32825 10025
internal_count=921424 312741 608683 270924 41817 91336 295842 9618 496 286224 158615 179588 6028 685 312841 247615 173560 13610 127609 88764 6403 36541 3716 171977 82361 5276 1054 4222 32825 10025
is_linear=0
shrinkage=0.05


Tree=47
num_leaves=31
num_cat=0
split_feature=8 8 8 8 8 7 7 6 7 2 0 2 6 6 7 8 2 7 2 0 0 0 1 0 1 6 0 1 8 0
split_gain=139320 39031.2 16221.8 12745 6225.81 5319.25 4933.23 4758.76 4679.27 4460.19 4115.61 4052.88 3957.37 3726.54 3691.37 3967.35 3960.15 3608.07 3427.34 6933.19 4447.35 3292.99 3209.9 3160.36 3112.97 2830.41 2828.5 3634.86 2702.89 2603.2
threshold=7.0714285714285721 14.690476190476192 2.7321428571428577 21.535714285714288 10.309523809523812 22.500000000000004 1.5000000000000002 14.500000000000002 10.500000000000002 -0.95990363414299973 34.000000000000007 -0.9914354235332985 6.5000000000000009 10.500000000000002 7.5000000000000009 5.0714285714285721 -0.88599923532063174 13.500000000000002 0.60875563403867183 44.000000000000007 40.500000000000007 51.500000000000007 0.55364818547156358 21.500000000000004 -0.86601715984676897 5.5000000000000009 15.500000000000002 0.49999524036036719 12.535714285714286 51.500000000000007
decision_type=2 2 2 2 2 10 8 10 10 2 2 2 8 8 10 2 2 8 2 2 2 2 2 2 2 8 2 2 2 2
left_child=2 4 26 5 8 17 11 13 12 -10 -5 -4 -2 21 15 -8 -16 23 20 -20 -12 -6 -19 -3 -7 -17 -1 -28 -15 -14
right_child=1 3 6 10 7 24 14 -9 9 -11 18 -13 29 28 16 25 -18 22 19 -21 -22 -23 -24 -25 -26 -27 27 -29 -30 -31
leaf_value=-0.030494048292012091 0.080260100712045451 0.042718510569175867 0.29120634457823347 0.071518152335852056 0.06045935486462474 0.083775521034367972 -0.012772541173058823 -0.022819244066986231 -0.12529005769824253 -0.01393727761308336 0.10858362900435095 0.037110906000438704 0.0094776643950925492 0.0165425008149531 -0.11244093180151873 0.022413507816157335 -0.025504508066380577 0.033797358091671191 0.11187375968455909 -0.12531654130503805 0.20572544750391733 1.07550058811903 0.057054848536742142 0.14533952375154918 -0.11064272920436091 -0.0035734220601237156 -0.012348655172899341 -0.032413652209112874 0.032000305986073771 0.64728123350068933
leaf_weight=138167 2005 1371 164 10195 6597 271 184934 5396 1007 8406 3429 3641 149589 66900 1576 11676 7759 37572 1511 387 1795 7.9999999999999991 24516 1657 857 102125 64060 34850 48987 15.999999999999998
leaf_count=138167 2005 1371 164 10195 6597 271 184934 5396 1007 8406 3429 3641 149589 66900 1576 11676 7759 37572 1511 387 1795 8 24516 1657 857 102125 64060 34850 48987 16
internal_value=1.83605e-11 0.023603 -0.016015 0.0536991 0.0148984 0.0437152 -0.00852114 0.0231344 0.00835724 -0.0258498 0.0918913 0.0480627 0.0104811 0.0251588 -0.00922001 -0.00825251 -0.0401817 0.04558 0.121055 0.0635109 0.141962 0.0616888 0.0429808 0.0988754 -0.0639341 -0.000907159 -0.0258732 -0.0194184 0.0230767 0.00954588
internal_weight=921424 372472 548952 83561 288911 66244 311875 127888 161023 9413 17317 3805 151610 122492 308070 298735 9335 65116 7122 1898 5224 6605 62088 3028 1128 113801 237077 98910 115887 149605
internal_count=921424 372472 548952 83561 288911 66244 311875 127888 161023 9413 17317 3805 151610 122492 308070 298735 9335 65116 7122 1898 5224 6605 62088 3028 1128 113801 237077 98910 115887 149605
is_linear=0
shrinkage=0.05


Tree=48
num_leaves=31
num_cat=0
split_feature=8 8 8 8 0 6 8 6 7 2 7 2 8 7 2 2 0 9 0 2 2 3 7 2 2 1 7 0 1 7
split_gain=126214 26662.6 25915.2 7767.52 5026.29 4649.09 4604.31 5362.99 4454.55 4539.77 4434.19 4726.73 3975.23 3834.71 4267.09 3778.44 6126.97 4997.98 3773.9 4970.25 3672.36 5442.62 3380.49 3092.24 3027.19 3821.84 3023.53 3527.57 3155.69 2799.54
threshold=9.0625000000000018 19.464285714285719 4.0625000000000009 13.928571428571431 34.000000000000007 19.500000000000004 1.5357142857142858 1.5000000000000002 9.5000000000000018 -0.93186591997002521 13.500000000000002 -0.9404343180211393 6.0625000000000009 5.5000000000000009 -0.96759678964602525 0.17364817766693066 40.500000000000007 0.40572968766454037 26.000000000000004 -0.93186591997002521 -0.96591663137137795 1.0000000180025095e-35 4.5000000000000009 -0.9404343180211393 0.25881658133175089 -0.60875563403867206 13.500000000000002 30.000000000000004 0.49999524036036719 21.500000000000004
decision_type=2 2 2 2 2 10 2 8 10 2 10 2 2 8 2 2 2 2 2 2 2 2 8 2 2 2 8 2 2 10
left_child=2 3 6 10 20 26 -1 -8 12 -10 18 -12 22 14 -14 16 -6 -17 -2 -20 21 -3 -4 -18 -22 -26 27 -5 -28 -23
right_child=1 4 8 5 15 -7 7 -9 9 -11 11 -13 13 -15 -16 17 23 -19 19 -21 24 29 -24 -25 25 -27 28 -29 -30 -31
leaf_value=-0.02732410107148895 0.01800587957920333 0.049828151247079178 0.014075051227809707 0.060456005478760344 0.098884543720620402 -0.052467008379335947 0.02906330295794117 -0.017344373282475869 -0.12420025352781348 -0.021249659204144691 -0.086564047494712096 0.0014636089332782502 0.17211648763716222 0.0038972550619459003 0.030011764000503611 0.014321923180496798 0.37359865845062518 0.13256479408456448 0.15061603557442077 0.037319295378525824 0.085969428570320916 -0.007285266955782784 -0.0094727614597657946 0.18851360476942991 -0.01800724353497991 0.066119426300502313 0.026463534904717909 0.19178371693909665 0.047407962829285152 -0.30413964939268556
leaf_weight=154113 140304 724 17660 4821 3006 1438 6426 199420 1245 7654 1797 10074 575 150903 6500 1843 275 1735 1130 6753 9797 127 111277 1258 1885 4757 41266 572 31877 212
leaf_count=154113 140304 724 17660 4821 3006 1438 6426 199420 1245 7654 1797 10074 575 150903 6500 1843 275 1735 1130 6753 9797 127 111277 1258 1885 4757 41266 572 31877 212
internal_value=-3.01485e-11 0.0290747 -0.011778 0.0238996 0.0775609 0.0366241 -0.0207886 -0.0158956 -0.000813546 -0.0356528 0.0175418 -0.0118618 0.000267033 0.00558401 0.0415609 0.110082 0.140369 0.0716588 0.0198972 0.05356 0.0624787 -0.0275891 -0.00624751 0.221715 0.0683028 0.0422443 0.0382554 0.0743851 0.0355915 -0.192929
internal_weight=921424 265651 655773 240032 25619 79974 359959 205846 295814 8899 160058 11871 286915 157978 7075 8117 4539 3578 148187 7883 17502 1063 128937 1533 16439 6642 78536 5393 73143 339
internal_count=921424 265651 655773 240032 25619 79974 359959 205846 295814 8899 160058 11871 286915 157978 7075 8117 4539 3578 148187 7883 17502 1063 128937 1533 16439 6642 78536 5393 73143 339
is_linear=0
shrinkage=0.05


Tree=49
num_leaves=31
num_cat=0
split_feature=8 8 8 0 8 2 0 6 1 6 7 2 9 0 2 2 0 8 1 6 6 6 3 7 2 7 6 8 1 0
split_gain=114181 28016.2 17868.9 8038.59 5831.44 5102.66 7525.53 5088.08 4391.91 4302.65 4028.67 4027.81 3962.04 3748.92 6460.98 3511.89 5191.27 3463.18 3326.08 3289.69 3277.51 3162.81 3139.92 5786.14 3137.75 2998.38 2995.43 2896.85 2741.35 2536.95
threshold=8.1547619047619069 16.380952380952383 3.7321428571428577 27.500000000000004 11.845238095238097 0.087155742747658027 40.500000000000007 16.500000000000004 0.65757720856060375 3.5000000000000004 8.5000000000000018 -0.98101942973744338 0.39039632441605382 19.500000000000004 -0.9404343180211393 -0.95990363414299973 21.500000000000004 5.7321428571428585 -0.64278760968653914 11.500000000000002 11.500000000000002 5.5000000000000009 1.0000000180025095e-35 3.5000000000000004 0.25881658133175089 5.5000000000000009 8.5000000000000018 1.0000000180025095e-35 0.57178659947367472 30.000000000000004
decision_type=2 2 2 2 2 2 2 10 2 8 8 2 2 2 2 2 2 2 2 10 8 8 2 10 2 10 10 2 2 2
left_child=2 4 13 8 10 6 11 20 -3 -4 15 -5 -7 27 22 16 -2 25 24 -12 29 -19 -15 -24 -16 -11 -23 -1 -8 -6
right_child=1 3 9 5 7 12 28 -9 -10 17 19 -13 -14 14 18 -17 -18 21 -20 -21 -22 26 23 -25 -26 -27 -28 -29 -30 -31
leaf_value=-0.034153124385490709 0.042213745472844011 0.030912739095597764 0.046611131248476739 -0.017169510819017887 0.069883356349825274 -0.066795951082290736 0.23981388272925655 -0.045393757097765823 0.06781368294615174 -0.0080406937278621349 0.010458866721628338 0.10152824371176949 0.066251491369797563 0.015786469350111538 -0.0095100332947051069 0.028122995662981043 0.25655090139534709 0.0487825318339919 -0.022760430970017384 -0.022270087561088326 0.026687008226939903 0.00025115253357234048 0.14188110759574599 -0.11850936831571163 0.04877663442113922 -0.032204927068251427 -0.04924034890425015 -0.020863949039706647 0.091193607730189974 0.24616037376629116
leaf_weight=50658 831 23494 4144 800 2024 602 1316 2417 12277 117841 129894 6703 7937 2512 6715 14941 428 3292 28103 8160 105550 152126 1455 250 3519 14407 3120 215275 406 227
leaf_count=50658 831 23494 4144 800 2024 602 1316 2417 12277 117841 129894 6703 7937 2512 6715 14941 428 3292 28103 8160 105550 152126 1455 250 3519 14407 3120 215275 406 227
internal_value=-5.4971e-12 0.0242453 -0.0127775 0.0572311 0.0175682 0.084725 0.110507 0.0263516 0.0435775 -0.00397781 0.0112923 0.0888722 0.0568716 -0.0211905 -0.00741143 0.0348808 0.115078 -0.00469875 -0.0138731 0.00852435 0.0279602 0.00028491 0.0513316 0.103701 0.0105321 -0.0106731 -0.000743485 -0.0233954 0.204773 0.0876598
internal_weight=921424 318007 603417 53535 264472 17764 9225 110218 35771 294930 154254 7503 8539 308487 42554 16200 1259 290786 38337 138054 107801 158538 4217 1705 10234 132248 155246 265933 1722 2251
internal_count=921424 318007 603417 53535 264472 17764 9225 110218 35771 294930 154254 7503 8539 308487 42554 16200 1259 290786 38337 138054 107801 158538 4217 1705 10234 132248 155246 265933 1722 2251
is_linear=0
shrinkage=0.05


Tree=50
num_leaves=31
num_cat=0
split_feature=8 8 8 8 8 6 0 2 3 7 6 6 6 7 2 0 8 8 7 10 6 6 0 2 2 7 7 0 1 8
split_gain=103489 21999.5 21596.8 5169.24 4913.9 4699.8 4502.42 6800.88 4656.58 6280.89 4346.09 4205.98 4164.12 3821.58 5602.43 4700.93 3633 3530.66 3528.53 3348.98 3173.32 2795.41 2778.57 4229.55 3469.52 2633.7 2584.48 2563.07 2360.94 2326.8
threshold=9.3541666666666696 4.7321428571428585 18.366666666666671 29.845238095238098 13.380952380952383 13.500000000000002 19.500000000000004 -0.96591663137137795 1.0000000180025095e-35 3.5000000000000004 18.500000000000004 9.5000000000000018 9.5000000000000018 4.5000000000000009 -0.95990363414299973 19.500000000000004 6.8660714285714297 1.5982142857142858 30.500000000000004 31.600000000000005 13.500000000000002 1.5000000000000002 37.000000000000007 -0.96591663137137795 -0.95990363414299973 6.5000000000000009 19.500000000000004 20.500000000000004 0.49999524036036719 10.866071428571431
decision_type=2 2 2 2 2 10 2 2 2 10 10 10 8 8 2 2 2 2 10 2 8 8 2 2 2 10 10 2 2 2
left_child=1 6 4 18 5 12 17 8 -8 -10 20 13 27 14 15 -3 25 -1 22 -9 -6 -19 23 -4 -24 -15 -12 -2 -22 -14
right_child=2 11 3 -5 10 -7 7 19 9 -11 26 -13 29 16 -16 -17 -18 21 -20 -21 28 -23 24 -25 -26 -27 -28 -29 -30 -31
leaf_value=-0.026791818324029021 0.036167913554105313 0.030426231502781256 -0.022476334830562078 0.11409896136897549 0.076249204633152448 -0.040466180895062043 0.013912472362655493 -0.012663928837927925 0.17510928587976315 -0.051810346977051329 -0.013313274523263417 -0.047570195028799223 0.0072523565006433061 -0.0038000614943956902 0.018099359958204716 0.24261618973994559 0.0049627664425847219 0.026579954231435977 -0.094413486793783558 0.058822426014922984 0.02314569144450828 -0.017065289916041206 0.25497873711702956 0.05888477263896668 0.085126385118438397 -0.025139803124433605 -0.15702359756604298 0.10567691441099403 0.041324239370950255 0.020625426851171066
leaf_weight=133482 4474 507 1711 4510 4023 3620 2610 45893 1273 401 1375 4561 53523 104945 10178 538 145703 3741 382 1699 43289 189828 344 24048 2386 16769 405 1885 30407 82914
leaf_count=133482 4474 507 1711 4510 4023 3620 2610 45893 1273 401 1375 4561 53523 104945 10178 538 145703 3741 382 1699 43289 189828 344 24048 2386 16769 405 1885 30407 82914
internal_value=-1.2103e-11 -0.0104861 0.0267769 0.0643165 0.02123 0.0157963 -0.0183652 -0.00468033 0.0556605 0.120752 0.0312375 5.623e-05 0.0172226 0.000835817 0.029419 0.139669 -0.000363765 -0.0205358 0.0565399 -0.0101119 0.0330067 -0.0162218 0.0585639 0.0534805 0.106529 -0.00674012 -0.0460114 0.0567725 0.0306462 0.0153793
internal_weight=921424 662128 259296 33381 225915 146416 378927 51876 4284 1674 79499 283201 142796 278640 11223 1045 267417 327051 28871 47592 77719 193569 28489 25759 2730 121714 1780 6359 73696 136437
internal_count=921424 662128 259296 33381 225915 146416 378927 51876 4284 1674 79499 283201 142796 278640 11223 1045 267417 327051 28871 47592 77719 193569 28489 25759 2730 121714 1780 6359 73696 136437
is_linear=0
shrinkage=0.05


Tree=51
num_leaves=31
num_cat=0
split_feature=8 8 8 8 8 7 2 7 6 7 0 3 3 7 2 6 6 0 2 7 2 8 6 2 7 9 0 1 7 10
split_gain=93626 26434.3 11611 7758.71 5117.37 4544.01 5621.61 4274.41 4260.32 4157.14 4043.06 4135.66 3900.18 3791.99 3927.07 3669.72 3436.13 4062.97 3366.37 3227.92 3641.75 3199.17 2689.43 2485.67 2461.29 2437.53 2244.96 3018.54 2203.83 2105.9
threshold=7.3095238095238102 15.071428571428573 2.7321428571428577 25.535714285714288 10.690476190476192 2.5000000000000004 -0.93894197835419624 15.500000000000002 10.500000000000002 27.500000000000004 21.500000000000004 1.0000000180025095e-35 1.0000000180025095e-35 14.500000000000002 -0.9404343180211393 7.5000000000000009 10.500000000000002 51.500000000000007 -0.64445579466475167 7.5000000000000009 -0.88801398733197889 5.1833333333333345 5.5000000000000009 -0.96591663137137795 47.500000000000007 0.39688767247340251 15.500000000000002 0.49999524036036719 4.5000000000000009 31.850000000000005
decision_type=2 2 2 2 2 8 2 10 10 10 2 2 2 10 2 8 8 2 2 10 2 2 8 2 10 2 2 2 8 2
left_child=2 4 26 9 8 6 10 16 15 13 -4 -12 -9 18 -15 28 17 -6 -3 21 -21 -7 -23 -14 29 -11 -1 -28 -2 -5
right_child=1 3 5 24 7 19 -8 12 -10 25 11 -13 23 14 -16 -17 -18 -19 -20 20 -22 22 -24 -25 -26 -27 27 -29 -30 -31
leaf_value=-0.025459632154907791 0.13022805269628135 0.16412073981093941 0.056850258975620231 0.095334387581150051 0.073127322727305502 -0.010936342497625351 0.012185383279485413 0.012659336888329481 -0.029595611233358222 -0.2966750126601993 0.052725175062292497 0.36587024418874226 -0.1974995015355987 0.00034325085976531875 0.043297222901655184 0.007119834940223598 0.020767148766321183 1.3755935033162436 0.062141289575140292 -0.098123988873868404 -0.021541585585805587 0.026758378187094475 -0.0024260830523538373 -0.053544520147119794 0.35995169948129097 -0.01901035757659859 -0.0091498364860176373 -0.027434793722562439 0.033665100044928654 -0.018249319695629356
leaf_weight=138167 639 1068 775 8005 2892 181958 9937 2593 7509 138 171 275 371 5965 49294 147083 128158 5.9999999999999991 3340 1846 9759 8543 103912 1564 85 185 64060 34850 7846 430
leaf_count=138167 639 1068 775 8005 2892 181958 9937 2593 7509 138 171 275 371 5965 49294 147083 128158 6 3340 1846 9759 8543 103912 1564 85 185 64060 34850 7846 430
internal_value=-7.415e-11 0.0195821 -0.0129724 0.0475933 0.0131566 -0.00671565 0.0246259 0.0203344 0.00718878 0.0412521 0.125872 0.245808 -0.0274272 0.0422206 0.0386605 0.0089643 0.0219846 0.0758239 0.0868496 -0.00785842 -0.0337235 -0.00683889 -0.000208993 -0.0811452 0.0922418 -0.137641 -0.0213429 -0.0155924 0.0409372 0.0895441
internal_weight=921424 367171 554253 68510 298661 317176 11158 135584 163077 59990 1221 446 4528 59667 55259 155568 131056 2898 4408 306018 11605 294413 112455 1935 8520 323 237077 98910 8485 8435
internal_count=921424 367171 554253 68510 298661 317176 11158 135584 163077 59990 1221 446 4528 59667 55259 155568 131056 2898 4408 306018 11605 294413 112455 1935 8520 323 237077 98910 8485 8435
is_linear=0
shrinkage=0.05


Tree=52
num_leaves=31
num_cat=0
split_feature=8 8 8 8 6 7 2 7 0 2 9 6 2 10 0 2 3 6 8 2 7 8 6 10 7 3 6 3 2 1
split_gain=84972.2 18515.9 17793.5 4983.03 4747.75 4157.52 4829.8 4109.12 3927.79 6129.62 4343.22 3750.61 3748.22 7382.9 7360.21 3947.78 4503.77 3698.09 3634.02 3133.14 3559.9 3082.49 3060.64 2875.51 2872.23 2602.64 2528.25 2250.68 2243.35 2212.09
threshold=9.6904761904761916 4.7321428571428585 19.928571428571434 14.380952380952383 14.500000000000002 9.5000000000000018 -0.9474464830022985 20.500000000000004 19.500000000000004 -0.98821097822247983 0.41139506112120555 4.5000000000000009 0.38267978949462689 29.250000000000004 40.500000000000007 -0.96591663137137795 1.0000000180025095e-35 9.5000000000000018 7.0714285714285721 -0.93894197835419624 20.500000000000004 1.0000000180025095e-35 14.500000000000002 31.600000000000005 3.5000000000000004 1.0000000180025095e-35 7.5000000000000009 1.0000000180025095e-35 -0.9404343180211393 -0.86601715984676897
decision_type=2 2 2 2 10 10 2 10 2 2 2 8 2 2 2 2 2 8 2 2 10 2 8 2 10 2 8 2 2 2
left_child=1 8 3 4 17 11 27 22 21 10 24 -3 14 -14 15 16 -4 28 -13 20 -16 -1 -5 -11 -10 -9 -20 -7 -2 -27
right_child=2 5 12 7 -6 6 -8 25 9 23 -12 18 13 -15 19 -17 -18 -19 26 -21 -22 -23 -24 -25 -26 29 -28 -29 -30 -31
leaf_value=-0.029977642897363661 0.19232968459002064 0.050347463363372806 0.057197755995272687 0.080296331491369347 -0.04397288784302085 -0.022210584448325812 -0.014785081085563305 0.012412688580960887 0.20331255640039092 -0.0099562486805115907 0.021511581191178027 -0.0037760994344229297 0.06056582893283298 -0.062588315185136981 0.68906023263931271 0.076575804476464351 -0.12757339690500383 0.015909930644392063 0.030765279986945428 0.146865626466539 0.24255663233530173 -0.016561079921140105 0.031833593885352375 0.056239603962111667 -0.012479853126674127 0.060475050630392858 0.0054619435430247939 -0.13928651007031539 0.055090634127963625 -0.14506311135317398
leaf_weight=50658 329 3886 887 3452 3254 611 13043 1046 737 47699 1546 164669 6601 1492 55 12849 525 158746 11014 1424 237 276393 57936 1699 195 162 95209 1251 3137 682
leaf_count=50658 329 3886 887 3452 3254 611 13043 1046 737 47699 1546 164669 6601 1492 55 12849 525 158746 11014 1424 237 276393 57936 1699 195 162 95209 1251 3137 682
internal_value=-7.03491e-12 -0.00933669 0.0246925 0.0203896 0.0158259 0.00017971 -0.0255391 0.0323231 -0.0166118 -0.00383004 0.0729075 0.00157479 0.0655843 0.0378615 0.0796271 0.0678551 -0.0115026 0.0170255 0.00087514 0.17746 0.326658 -0.0186392 0.0345588 -0.0076795 0.158163 -0.0402923 0.00808558 -0.100869 0.0681177 -0.105611
internal_weight=921424 668610 252814 228744 165466 289683 14905 63278 378927 51876 2478 274778 24070 8093 15977 14261 1412 162212 270892 1716 292 327051 61388 49398 932 1890 106223 1862 3466 844
internal_count=921424 668610 252814 228744 165466 289683 14905 63278 378927 51876 2478 274778 24070 8093 15977 14261 1412 162212 270892 1716 292 327051 61388 49398 932 1890 106223 1862 3466 844
is_linear=0
shrinkage=0.05


Tree=53
num_leaves=31
num_cat=0
split_feature=8 0 8 8 2 0 2 3 1 7 8 6 7 2 7 2 7 7 2 0 1 10 7 2 3 9 0 0 1 8
split_gain=76898.4 18847.5 12898.8 7909.31 5393.25 9041.53 4908.85 8420.85 4291.01 4219.13 3584.76 3855.56 3720.88 3472.31 4424.17 3438.36 3344.59 3277.08 3038.92 2870.36 2720.66 2565.7 2552.9 2323.66 2224.22 2150.89 2103.77 1998.24 2769.12 1967.08
threshold=8.5357142857142865 27.500000000000004 2.8452380952380958 13.928571428571431 0.043619387365335889 40.500000000000007 -0.95990363414299973 1.0000000180025095e-35 0.49999524036036719 1.5000000000000002 5.8660714285714297 8.5000000000000018 5.5000000000000009 -0.96591663137137795 13.500000000000002 -0.9914354235332985 6.5000000000000009 8.5000000000000018 -0.9404343180211393 19.500000000000004 -0.3193112587538004 31.600000000000005 5.5000000000000009 -0.91517207274776624 1.0000000180025095e-35 0.39735946657405485 32.500000000000007 15.500000000000002 0.55364818547156358 19.071428571428573
decision_type=2 2 2 2 2 2 2 2 2 8 2 10 10 2 10 2 10 10 2 2 2 2 8 2 2 2 2 2 2 2
left_child=2 3 27 13 5 16 7 -7 21 15 12 22 19 14 17 26 18 -2 -3 -11 -15 -5 -12 -14 -16 -18 -4 -1 -29 -10
right_child=1 4 9 8 -6 6 -8 -9 29 10 11 -13 23 20 24 -17 25 -19 -20 -21 -22 -23 -24 -25 -26 -27 -28 28 -30 -31
leaf_value=-0.02320420266310454 0.099230829766532691 0.49897719826773712 0.20575219789588894 0.022245668086546384 0.036890517466063713 0.1430218349972909 0.14121656532060928 0.625094014251387 0.03818738124022672 -0.0095150361893593279 0.030746982972317011 -0.038518286624032165 -0.073771414142879271 0.0054032929635651136 -0.018304974825476644 0.038379736369023698 0.10397368973343546 -0.0076767514268479622 0.10126256660411233 0.0096124403124101115 0.018018621955125238 -0.031258435295461399 0.00063940570450468799 -0.023400935781986473 -0.14603260886178845 0.05089445790876157 0.7437184430304028 -0.0081187639663895354 -0.0258107435690146 0.074645738865199138
leaf_weight=139142 751 83 135 47324 13889 220 1679 154 30842 164499 7388 6082 2663 71043 569 3585 2366 15750 114 22269 107270 2352 149819 16329 850 9872 21 67190 32970 4204
leaf_count=139142 751 83 135 47324 13889 220 1679 154 30842 164499 7388 6082 2663 71043 569 3585 2366 15750 114 22269 107270 2352 149819 16329 850 9872 21 67190 32970 4204
internal_value=2.55517e-11 0.0203187 -0.0102684 0.0163963 0.0591534 0.0804958 0.177707 0.341522 0.0291639 -0.00445304 -0.0049886 0.000543121 -0.00937851 0.010884 -0.0100965 0.048379 0.0644464 -0.00281113 0.268828 -0.0072344 0.0129925 0.0197124 0.00205432 -0.0304637 -0.0948155 0.0611564 0.278171 -0.0193277 -0.0139425 0.0425608
internal_weight=921424 309332 612092 280955 28377 14488 2053 374 84722 372790 369049 163289 205760 196233 17920 3741 12435 16501 197 186768 178313 49676 157207 18992 1419 12238 156 239302 100160 35046
internal_count=921424 309332 612092 280955 28377 14488 2053 374 84722 372790 369049 163289 205760 196233 17920 3741 12435 16501 197 186768 178313 49676 157207 18992 1419 12238 156 239302 100160 35046
is_linear=0
shrinkage=0.05


Tree=54
num_leaves=31
num_cat=0
split_feature=8 0 8 1 2 0 8 2 3 2 7 6 8 7 6 2 3 0 2 3 7 1 2 2 3 2 6 8 7 2
split_gain=69788.8 15681.1 14398 5805.64 4809.13 8013.86 4722.42 4489.45 6712.8 4081.07 3512.39 3661.34 3445.63 3192.63 3025.49 2986.18 2669.54 2583.04 4786.89 3040.62 3667.85 2424.34 2831.11 2357.33 5409.21 2512.25 2150.02 2072.12 1954.45 1944.53
threshold=9.0625000000000018 27.500000000000004 3.9285714285714293 0.49999524036036719 0.043619387365335889 40.500000000000007 15.071428571428573 -0.96591663137137795 1.0000000180025095e-35 0.87760482383368221 10.500000000000002 3.5000000000000004 6.0625000000000009 7.5000000000000009 6.5000000000000009 -0.9404343180211393 1.0000000180025095e-35 19.500000000000004 -0.98101942973744338 1.0000000180025095e-35 3.5000000000000004 -0.64278760968653914 0.25881658133175089 -0.9914354235332985 1.0000000180025095e-35 0.33996843066449761 6.5000000000000009 1.0000000180025095e-35 1.0000000180025095e-35 -0.95990363414299973
decision_type=2 2 2 2 2 2 2 2 2 2 10 8 2 10 8 2 2 2 2 2 10 2 2 2 2 2 10 2 8 2
left_child=2 3 17 9 5 13 -5 8 -7 23 11 29 26 15 -14 -3 -12 27 19 -19 -21 22 -20 24 -2 -25 -13 -1 -29 -4
right_child=1 4 10 6 -6 7 -8 -9 -10 -11 16 12 14 -15 -16 -17 -18 18 21 20 -22 -23 -24 25 -26 -27 -28 28 -30 -31
leaf_value=-0.027453435262864985 0.012357893208580096 0.47965844027783683 0.17984002688628709 0.021507439841790318 0.036172840113696834 0.14605176162321051 0.049359413761367134 0.13829713014449382 0.61082688101463845 0.026410420416150594 -0.012016440732562372 -0.0058468970564332411 0.027449360879491388 0.059113998558331993 0.0016508967850237739 0.099404595001769347 -0.094215125105018588 0.018748574214456346 -0.007570881882378329 0.17049940024303248 -0.11809999464211736 -0.016463428953541876 0.046854314597825041 0.013593191617474588 -0.059986134548953018 -0.0047250991838672044 -0.051904196914947701 0.0032503519656614356 -0.01737768900260539 0.040574955703923825
leaf_weight=50658 6801 87 275 69214 13500 183 19509 1661 135 35066 2243 170949 12296 11719 150001 127 1765 1559 6869 827 127 30486 3664 78949 4167 24533 2572 12159 206492 2831
leaf_count=50658 6801 87 275 69214 13500 183 19509 1661 135 35066 2243 170949 12296 11719 150001 127 1765 1559 6869 827 127 30486 3664 78949 4167 24533 2572 12159 206492 2831
internal_value=2.92574e-11 0.0216199 -0.00875814 0.0174993 0.0574327 0.078063 0.0276317 0.171248 0.343362 0.0114867 -0.00168192 -0.00113164 -0.00163144 0.0626089 0.00360545 0.253994 -0.0482142 -0.016515 -0.00521458 0.0617721 0.13208 -0.00931847 0.0113614 0.00691421 -0.0151273 0.00925038 -0.00652958 -0.0183416 -0.0162306 0.0529053
internal_weight=921424 265651 655773 238239 27412 13912 88723 1979 318 149516 342932 338924 335818 11933 162297 214 4008 312841 43532 2513 954 41019 10533 114450 10968 103482 173521 269309 218651 3106
internal_count=921424 265651 655773 238239 27412 13912 88723 1979 318 149516 342932 338924 335818 11933 162297 214 4008 312841 43532 2513 954 41019 10533 114450 10968 103482 173521 269309 218651 3106
is_linear=0
shrinkage=0.05


Tree=55
num_leaves=31
num_cat=0
split_feature=8 8 8 0 8 6 6 7 6 7 0 9 7 2 0 2 1 2 0 9 2 7 2 8 2 0 10 10 2 3
split_gain=63128.1 17927.6 8601.62 5057.03 4325.74 4572.43 4204.05 4145.4 3813.22 3648.69 3943.68 3339.36 3130.49 3811.34 3616.41 3442.26 3111.64 2836.39 4608.66 3686.76 2782.71 2511.22 3433.05 2304.4 2031.74 2318.25 2016.75 1933.53 1905.17 1790.8
threshold=7.9285714285714297 16.380952380952383 2.7321428571428577 27.500000000000004 11.183333333333335 16.500000000000004 2.5000000000000004 15.500000000000002 11.500000000000002 11.500000000000002 21.500000000000004 0.39895153287428892 7.5000000000000009 -0.93186591997002521 19.500000000000004 -0.95990363414299973 0.68980246603581441 0.087155742747658027 40.500000000000007 0.39791423617225324 -0.87659322597609213 7.5000000000000009 -0.9404343180211393 5.8452380952380958 -0.96591663137137795 26.000000000000004 31.600000000000005 17.300000000000001 -0.96591663137137795 1.0000000180025095e-35
decision_type=2 2 2 2 2 10 8 10 10 8 2 2 10 2 2 2 2 2 2 2 2 8 2 2 2 2 2 2 2 2
left_child=2 4 -1 16 8 9 24 11 21 10 -6 -5 14 29 23 -16 26 18 -9 -19 -11 22 -2 -8 25 -4 27 -3 -7 -14
right_child=1 3 6 7 5 28 12 17 -10 20 -12 -13 13 -15 15 -17 -18 19 -20 -21 -22 -23 -24 -25 -26 -27 -28 -29 -30 -31
leaf_value=-0.017581485205674575 0.13911763816069647 -0.055408888039681914 0.10006269557835408 0.31030215182603171 0.028309005263587657 -0.18830919562595655 -0.0099644791540996983 0.061818517301566671 -0.047436632700984249 9.5265810718853331e-07 0.091115587924911257 0.10028334996770361 -0.031210774133987835 -0.01658303486401741 0.052492186208377624 0.004526680526105384 0.053596390436106027 -0.016422733491518422 0.15381968912325727 0.059163455248531539 0.021328528748397912 0.0065783455854173502 0.024893075408253699 -0.00023750632913396201 0.034744760580096623 0.4439894242486993 -0.043450251621700284 0.027955813499980567 -0.034657426846535035 -0.11623182347222752
leaf_weight=237077 722 718 249 292 8608 222 176244 7192 3170 18540 3522 538 1036 16273 4188 35003 11692 2230 1679 5833 87358 167536 7399 93030 3900 61 1117 22244 2211 1540
leaf_count=237077 722 718 249 292 8608 222 176244 7192 3170 18540 3522 538 1036 16273 4188 35003 11692 2230 1679 5833 87358 167536 7399 93030 3900 61 1117 22244 2211 1540
internal_value=-3.21462e-11 0.0166141 -0.0103092 0.0432629 0.0118473 0.0191713 -0.00510875 0.0650698 0.00691373 0.0205699 0.0465452 0.174169 -0.00574732 -0.0255285 -0.00453857 0.00965234 0.0324336 0.0597224 0.0792314 0.0382584 0.0175946 0.00789457 0.0350482 -0.00660396 0.0445377 0.167739 0.0221575 0.0253491 -0.0486774 -0.0820386
internal_weight=921424 352823 568601 53535 299288 120461 331524 17764 178827 118028 12130 830 327314 18849 308465 39191 35771 16934 8871 8063 105898 175657 8121 269274 4210 310 24079 22962 2433 2576
internal_count=921424 352823 568601 53535 299288 120461 331524 17764 178827 118028 12130 830 327314 18849 308465 39191 35771 16934 8871 8063 105898 175657 8121 269274 4210 310 24079 22962 2433 2576
is_linear=0
shrinkage=0.05


Tree=56
num_leaves=31
num_cat=0
split_feature=8 8 8 7 8 6 7 2 7 7 0 2 0 0 1 6 10 3 7 8 2 10 0 2 9 2 2 8 2 0
split_gain=57329.8 12771.8 12756.2 4034.37 4455.84 3937.1 3781.53 4096.18 3152.14 3109.22 3015.33 4922.81 3000.02 2898.51 2890.93 2882.86 2879.3 2871.92 5602.5 2652.85 2613.38 6519.22 4472.63 2616.39 2764.47 2553.5 2358.6 2320.79 2219.81 2047.44
threshold=9.8452380952380967 20.773809523809529 4.9285714285714297 22.500000000000004 14.464285714285717 14.500000000000002 9.5000000000000018 -0.9474464830022985 14.500000000000002 9.5000000000000018 19.500000000000004 -0.9404343180211393 21.500000000000004 51.500000000000007 -0.79334578813923284 4.5000000000000009 29.550000000000001 1.0000000180025095e-35 4.5000000000000009 7.0714285714285721 0.38267978949462689 28.450000000000003 44.000000000000007 -0.96591663137137795 0.41800112557275509 -0.90538146624550886 -0.98518190603514266 1.0000000180025095e-35 0.19504389580251666 44.000000000000007
decision_type=2 2 2 10 2 10 10 2 8 8 2 2 2 2 2 8 2 2 10 2 2 2 2 2 2 2 2 2 2 2
left_child=2 3 10 4 5 9 13 -8 12 -2 27 17 -6 15 29 -4 -13 -12 -19 -17 22 -22 23 24 -3 -10 -24 -1 -18 -5
right_child=1 20 6 14 8 -7 7 -9 25 -11 11 16 -14 -15 -16 19 28 18 -20 -21 21 -23 26 -25 -26 -27 -28 -29 -30 -31
leaf_value=-0.025201688686284196 0.043479867952494707 -0.078132534220932928 0.049946062112197084 0.035911392393062742 0.032713753767198296 -0.038271589932942336 -0.087944282890285982 -0.013351064259613474 0.00031078750127637255 0.012573809766060201 0.012608870111184167 -0.01184793903299655 0.097930797793243998 0.46338083796641405 -0.14936391516647218 -0.0029094069869606042 -0.0093634728905383994 0.12019333738533994 -0.10041676883640537 0.0072269391899799588 0.058682931458076175 -0.060706719181385566 0.45516361409603667 0.069876793540104593 0.072247633716926496 0.029163296396158795 0.14899730137771083 -0.013570877816965045 0.058897893325334294 0.97222845156987514
leaf_weight=50658 8602 646 3061 217 4288 3651 2106 14595 9097 150781 3279 42496 2995 34 608 161282 2126 1874 340 107622 5273 1460 67 11409 580 48833 1029 279701 2708 5.9999999999999991
leaf_count=50658 8602 646 3061 217 4288 3651 2106 14595 9097 150781 3279 42496 2995 34 608 161282 2126 1874 340 107622 5273 1460 67 11409 580 48833 1029 279701 2708 6
internal_value=3.23646e-11 0.0204647 -0.00760074 0.0170838 0.0174842 0.0130658 0.000336381 -0.0227573 0.0285302 0.0142418 -0.0135808 -0.00248862 0.0595331 0.00175435 -0.0928846 0.00169664 -0.0076886 0.0423166 0.0863146 0.00114741 0.0583108 0.0327942 0.0708228 0.0624182 -0.0069902 0.0246325 0.167714 -0.0153544 0.0288764 0.0611038
internal_weight=921424 249542 671882 229078 228247 163034 288700 16701 65213 159383 383182 52823 7283 271999 831 271965 47330 5493 2214 268904 20464 6733 13731 12635 1226 57930 1096 330359 4834 223
internal_count=921424 249542 671882 229078 228247 163034 288700 16701 65213 159383 383182 52823 7283 271999 831 271965 47330 5493 2214 268904 20464 6733 13731 12635 1226 57930 1096 330359 4834 223
is_linear=0
shrinkage=0.05


Tree=57
num_leaves=31
num_cat=0
split_feature=8 0 8 1 2 0 2 3 8 2 7 2 0 3 7 7 2 8 6 6 0 1 1 3 2 3 0 2 0 2
split_gain=51836.3 12208.3 10789.5 4894.6 3925.69 6231.81 4008.53 5823.66 3580.13 3224.53 3175.69 4888.72 4230.9 3718.5 2848.82 2809.92 2648.96 2464.45 3079.38 2276.6 2186.69 2806.23 2182.75 8589.3 2778.45 2105.87 1851.63 1975.11 1834.71 3603.15
threshold=9.0625000000000018 27.500000000000004 3.9285714285714293 0.38267978949462683 0.043619387365335889 40.500000000000007 -0.95990363414299973 1.0000000180025095e-35 14.071428571428573 0.9326165624017374 3.5000000000000004 -0.93894197835419624 21.500000000000004 1.0000000180025095e-35 11.500000000000002 7.5000000000000009 -0.93894197835419624 6.5857142857142863 6.5000000000000009 6.5000000000000009 17.500000000000004 0.60875563403867206 -0.15424955397032644 1.0000000180025095e-35 0.17364817766693066 1.0000000180025095e-35 34.000000000000007 0.45981126417599505 44.000000000000007 0.64111330583356219
decision_type=2 2 2 2 2 2 2 2 2 2 8 2 2 2 10 10 2 2 10 8 2 2 2 2 2 2 2 2 2 2
left_child=2 3 20 9 5 15 7 -7 -5 22 11 12 -4 -14 17 16 -3 18 -12 -19 -1 26 24 -24 -2 -16 -22 -28 -6 -30
right_child=1 4 10 8 28 6 -8 -9 -10 -11 14 -13 13 -15 25 -17 -18 19 -20 -21 21 -23 23 -25 -26 -27 27 -29 29 -31
leaf_value=-0.017353394948533583 0.0159683771486126 0.42799183557328491 0.046575886439331041 0.017099328823850294 0.037165659895000175 0.12872248559946839 0.11823254265789943 0.54288919102463473 0.037614599816336379 0.024827580934981865 -0.004538878516761902 0.013797750832526795 0.038536765143854193 0.34480446413997562 -0.012030660397864573 0.051964777236932019 0.074616657266727629 0.040273945091412154 -0.039094432549169632 0.0018343236307409281 -0.0046908228880339787 -0.020612820728916473 0.015576042985292122 -0.045883030796409013 -0.0021414886612788463 -0.11396295671122458 0.081195881586832067 -0.012078453198738931 0.066866341307867769 -0.09754395479083805
leaf_weight=202280 54248 97 695 68413 12151 199 1632 148 30858 25968 174149 8668 148 300 1048 11719 117 3956 6695 146292 74449 33801 14763 9245 34744 981 1309 1002 601 748
leaf_count=202280 54248 97 695 68413 12151 199 1632 148 30858 25968 174149 8668 148 300 1048 11719 117 3956 6695 146292 74449 33801 14763 9245 34744 981 1309 1002 601 748
internal_value=6.09315e-11 0.0186328 -0.00754807 0.014997 0.0502321 0.0688714 0.151045 0.30537 0.0234764 0.0089397 -0.00142244 0.0266144 0.12381 0.243627 -0.00224817 0.0552435 0.234791 -0.00188621 -0.00581815 0.00284643 -0.0142629 -0.00860863 0.00528858 -0.00809062 0.00889798 -0.0613138 -0.00332262 0.0407541 0.031024 -0.0242967
internal_weight=921424 265651 655773 238239 27412 13912 1979 347 99271 138968 342932 9811 1143 448 333121 11933 214 331092 180844 150248 312841 110561 113000 24008 88992 2029 76760 2311 13500 1349
internal_count=921424 265651 655773 238239 27412 13912 1979 347 99271 138968 342932 9811 1143 448 333121 11933 214 331092 180844 150248 312841 110561 113000 24008 88992 2029 76760 2311 13500 1349
is_linear=0
shrinkage=0.05


Tree=58
num_leaves=31
num_cat=0
split_feature=8 8 8 7 7 0 2 2 3 8 7 2 7 2 0 8 6 1 7 0 7 2 10 0 2 7 8 0 9 8
split_gain=46936.3 12299.5 9816.2 3744.83 3362.86 5515.47 6813.77 3758.6 4937.29 3410.19 3278.6 3383.84 2662.48 4830.98 3429.67 2620.2 3662.18 2597.76 2524.31 2791.9 2215.21 2162.15 5693.77 2934.78 3227.98 2328.12 2122.79 2388.21 2117.76 2087.38
threshold=10.062500000000002 4.9285714285714297 20.773809523809529 22.500000000000004 10.500000000000002 21.500000000000004 -0.93186591997002521 -0.98101942973744338 1.0000000180025095e-35 14.309523809523812 10.500000000000002 -0.95436844760270667 4.5000000000000009 -0.95990363414299973 19.500000000000004 0.30952380952380959 1.0000000180025095e-35 -0.79334578813923284 4.5000000000000009 19.500000000000004 47.500000000000007 0.38267978949462689 28.450000000000003 37.000000000000007 -0.96591663137137795 20.500000000000004 7.4642857142857153 51.500000000000007 0.3959568799366931 0.69047619047619058
decision_type=2 2 2 10 8 2 2 2 2 2 10 2 8 2 2 2 8 2 10 2 10 2 2 2 2 10 2 2 2 2
left_child=1 15 3 4 5 -2 -7 8 -6 -9 12 -12 13 14 -3 -1 29 -5 19 -18 21 23 -23 24 -4 -25 -14 -28 -13 -17
right_child=2 10 20 17 7 6 -8 9 -10 -11 11 28 26 -15 -16 16 18 -19 -20 -21 -22 22 -24 25 -26 -27 27 -29 -30 -31
leaf_value=-0.021424942693879262 0.021430170515883518 0.030990644815510317 -0.040035703563221225 0.056817337772036347 0.013114783912911938 0.22777884348326546 0.059523979331372594 0.011931481647128624 -0.051929962977307356 0.026752746084087748 -0.1200613056063113 -0.068869326777347875 -0.0028894780816864046 0.015987344441091785 0.22281994069492739 -3.7320397368115526e-06 -0.012002815303585532 -0.14278156672029604 -0.028256974085463623 0.0032674235688608354 0.30807319329065441 0.053323115465831766 -0.058333044388481525 0.29243643673447273 0.059015450568215291 0.094732406059987423 0.0054342909490359415 0.71083292365074158 -0.0045428360574783699 0.045389939255026795
leaf_weight=65226 11501 429 902 223 7876 723 3587 104423 4634 61767 926 1641 164965 8982 510 6155 252802 606 20743 33953 85 5251 1459 156 9336 3275 139165 11.999999999999998 5808 4303
leaf_count=65226 11501 429 902 223 7876 723 3587 104423 4634 61767 926 1641 164965 8982 510 6155 252802 606 20743 33953 85 5251 1459 156 9336 3275 139165 12 5808 4303
internal_value=-1.37485e-11 -0.00624078 0.0204056 0.0169541 0.0174061 0.0395083 0.0877486 0.0154505 -0.0109793 0.01744 0.000955488 -0.0299195 0.00177882 0.0272686 0.135179 -0.0122963 -0.0104236 -0.0890897 -0.0114132 -0.0101948 0.0533524 0.0522899 0.029045 0.0637007 0.0502887 0.103722 0.000947355 0.00549511 -0.0187138 0.0186737
internal_weight=921424 705620 215804 195340 194511 15811 4310 178700 12510 166190 322438 8375 314063 9921 939 383182 317956 829 307498 286755 20464 20379 6710 13669 10238 3431 304142 139177 7449 10458
internal_count=921424 705620 215804 195340 194511 15811 4310 178700 12510 166190 322438 8375 314063 9921 939 383182 317956 829 307498 286755 20464 20379 6710 13669 10238 3431 304142 139177 7449 10458
is_linear=0
shrinkage=0.05


Tree=59
num_leaves=31
num_cat=0
split_feature=8 8 8 8 6 7 6 6 6 3 8 7 7 2 7 2 0 2 8 0 0 8 1 7 10 2 5 2 5 0
split_gain=42424.2 11840.7 7310.74 3738.18 4105.36 3994.27 3490.18 3273.14 3035.6 2957.08 2836.02 2690.86 2467.66 2660.16 2446.48 3167.68 2975.82 2862.42 2122.72 2101.7 1991.21 1951.46 1920.52 1909.33 1852.17 3781.2 2406.92 1845.9 1802.37 1704.31
threshold=8.071428571428573 18.366666666666671 2.8452380952380958 12.208333333333334 12.500000000000002 18.500000000000004 2.5000000000000004 8.5000000000000018 12.500000000000002 1.0000000180025095e-35 31.845238095238098 35.500000000000007 17.500000000000004 -0.57536081319413979 8.5000000000000018 -0.93186591997002521 21.500000000000004 -0.98101942973744338 8.8660714285714306 23.500000000000004 23.500000000000004 5.8660714285714297 0.59121958904006411 3.5000000000000004 28.700000000000003 0.70710005003962684 45.500000000000007 -0.93894197835419624 46.500000000000007 22.500000000000004
decision_type=2 2 2 2 10 10 8 8 8 2 2 10 10 2 10 2 2 2 2 2 2 2 2 10 2 2 8 2 10 2
left_child=2 3 -1 4 7 8 23 -2 19 -7 11 12 13 -3 16 -16 21 -18 -9 -5 -11 -8 -14 27 26 28 -12 29 -26 -4
right_child=1 10 6 5 -6 9 14 18 -10 20 24 -13 22 -15 15 -17 17 -19 -20 -21 -22 -23 -24 -25 25 -27 -28 -29 -30 -31
leaf_value=-0.014603127180570398 0.033355676133584554 0.18009255956955736 0.091153974046990771 0.039458991841916563 -0.050965632093185047 0.0055444721622806559 -0.0080037480817004483 -0.016622757629161197 0.018414745471178988 -0.028040638617743804 0.097262797733660811 -0.29367428202120988 0.025302263196253245 0.055665846749834838 -0.10271480726750204 -0.017568501840657245 0.062042865445377765 0.0068373135795942331 0.0075384967081358395 0.11122505879235281 -0.14160551568517218 -4.2316737468694787e-05 0.052923899487406049 -0.0060728055341024191 0.070994721501770719 -0.33191028096959657 0.30420697837074601 0.053668937271007425 -0.28123416304588317 0.33471937196759077
leaf_weight=239302 11817 598 186 4713 3008 2146 183926 9666 99438 767 2220 61 18312 1525 1268 7884 2543 30629 152715 1302 777 132359 9588 1252 821 68 150 2228 38 117
leaf_count=239302 11817 598 186 4713 3008 2146 183926 9666 99438 767 2220 61 18312 1525 1268 7884 2543 30629 152715 1302 777 132359 9588 1252 821 68 150 2228 38 117
internal_value=-2.28432e-11 0.0147178 -0.00782079 0.0114326 0.00694912 0.0187119 -0.00334215 0.00794917 0.0205012 -0.0324217 0.0428994 0.0380748 0.0387488 0.090714 -0.00384613 -0.0293654 -0.0031778 0.0110694 0.00610026 0.0549934 -0.0851908 -0.00467205 0.0347946 0.0444325 0.0869228 0.0270009 0.110361 0.0694157 0.055413 0.185204
internal_weight=921424 319730 601694 286349 177206 109143 362392 174198 105453 3690 33381 30084 30023 2123 358609 9152 349457 33172 162381 6015 1544 316285 27900 3783 3297 927 2370 2531 859 303
internal_count=921424 319730 601694 286349 177206 109143 362392 174198 105453 3690 33381 30084 30023 2123 358609 9152 349457 33172 162381 6015 1544 316285 27900 3783 3297 927 2370 2531 859 303
is_linear=0
shrinkage=0.05


Tree=60
num_leaves=31
num_cat=0
split_feature=8 8 0 1 2 0 2 3 7 3 0 7 2 2 7 3 8 2 0 9 8 2 7 0 1 10 9 1 2 0
split_gain=38527.2 10051.5 8278.04 4159.23 3314.9 4964.92 3016.79 4581.46 2989.56 3125.3 3076.51 3710.85 5490.66 2871.58 2680.26 2740.81 2359.19 2108.88 4350.22 2866.93 2068.78 2000.22 1925.3 1838.62 2483.82 1790.61 1696.27 1664.63 1586.32 1575.56
threshold=10.062500000000002 3.9285714285714293 27.500000000000004 0.60875563403867206 0.043619387365335889 40.500000000000007 -0.95990363414299973 1.0000000180025095e-35 10.500000000000002 1.0000000180025095e-35 21.500000000000004 3.5000000000000004 -0.98101942973744338 0.84339144581288539 8.5000000000000018 -1.0000000180025095e-35 6.8660714285714297 0.38267978949462689 24.500000000000004 0.40161416931394905 17.071428571428573 -0.9474464830022985 6.5000000000000009 17.500000000000004 0.60875563403867206 31.600000000000005 0.39735946657405485 0.57178659947367472 -0.9914354235332985 44.000000000000007
decision_type=2 2 2 2 2 2 2 2 10 2 2 8 2 2 10 2 2 2 2 2 2 2 10 2 2 2 2 2 2 2
left_child=1 23 3 13 5 14 7 -7 10 -10 16 12 -12 17 15 -4 22 19 -19 -2 -5 -11 -3 -1 25 28 -16 -8 -25 -6
right_child=2 8 4 20 29 6 27 -9 9 21 11 -13 -14 -15 26 -17 -18 18 -20 -21 -22 -23 -24 24 -26 -27 -28 -29 -30 -31
leaf_value=-0.015174729174596014 0.021251797737063496 -0.0036790876305397174 0.031148130487473238 0.021400310025271787 0.032816150938845483 0.1144259587519479 0.14243408800443916 0.48587748470405745 -0.0044468237415715497 -0.13431091098358197 0.27500156807949988 0.0096977218498745018 0.045655926387618312 0.022748174661993081 0.085526443146586736 0.37830170275687597 0.0030365741556222059 -0.0045422991891140713 -0.11944867793201452 0.0013987684949184401 0.04607393386349784 -0.045003970001131266 -0.023094564155979019 0.024915707909848553 -0.018449661088914524 0.028879601345909764 0.03645842365300369 0.032653837695074933 -0.0059512241314547843 -0.024776202295709884
leaf_weight=202280 29290 162013 105 52869 11521 196 1092 144 5057 819 295 34637 2262 31451 2203 124 171161 17247 865 47961 10122 2674 13861 4434 33801 4375 8785 505 67951 1324
leaf_count=202280 29290 162013 105 52869 11521 196 1092 144 5057 819 295 34637 2262 31451 2203 124 171161 17247 865 47961 10122 2674 13861 4434 33801 4375 8785 505 67951 1324
internal_value=2.88383e-11 -0.00565416 0.0184876 0.0148632 0.0449469 0.0625896 0.136511 0.271747 -0.000328328 -0.0295706 0.000322382 0.0139888 0.0721154 0.00964673 0.0498245 0.219126 -0.00114234 0.00532583 -0.01003 0.00892612 0.0253651 -0.0659437 -0.00520926 -0.0123409 -0.00715609 -0.002183 0.0462961 0.10772 -0.00406045 0.0268798
internal_weight=921424 705620 215804 189805 25999 13154 1937 340 392779 8550 384229 37194 2557 126814 11217 229 347035 95363 18112 77251 62991 3493 175874 312841 110561 76760 10988 1597 72385 12845
internal_count=921424 705620 215804 189805 25999 13154 1937 340 392779 8550 384229 37194 2557 126814 11217 229 347035 95363 18112 77251 62991 3493 175874 312841 110561 76760 10988 1597 72385 12845
is_linear=0
shrinkage=0.05


Tree=61
num_leaves=31
num_cat=0
split_feature=8 8 8 7 0 2 3 2 7 7 2 1 0 3 3 8 7 6 7 8 7 2 0 6 1 10 2 10 7 1
split_gain=34869.1 8832.42 7520.61 3778.2 3505.9 3649.31 4308.05 3606.34 6105.72 3163.94 3905.6 3060.44 2948.13 3237.27 2617.24 2495.04 2906 2732.02 2331 2619.56 3158.64 2217.42 2397.68 2140.51 1986.11 2119.2 1907.06 1630.6 1476.25 1531.94
threshold=9.0625000000000018 19.464285714285719 2.8452380952380958 20.500000000000004 26.000000000000004 -0.96591663137137795 1.0000000180025095e-35 -0.88801398733197889 9.5000000000000018 2.5000000000000004 -0.93894197835419624 -0.25881658133175128 21.500000000000004 1.0000000180025095e-35 1.0000000180025095e-35 5.7321428571428585 5.5000000000000009 9.5000000000000018 19.500000000000004 29.226190476190478 30.500000000000004 -0.64278760968653914 28.500000000000004 5.5000000000000009 -0.79334578813923284 27.550000000000004 -0.91517207274776624 29.550000000000001 47.500000000000007 0.49999524036036719
decision_type=2 2 2 10 2 2 2 2 10 8 2 2 2 2 2 2 10 10 10 2 10 2 2 8 2 2 2 2 10 2
left_child=2 3 27 4 5 6 -2 8 -6 10 12 -7 -4 -14 -5 16 -11 23 21 20 -20 22 -3 -17 -16 -26 -18 -1 29 -21
right_child=1 18 9 14 7 11 -8 -9 -10 15 -12 -13 13 -15 24 17 26 -19 19 28 -22 -23 -24 -25 25 -27 -28 -29 -30 -31
leaf_value=-0.014713247178449835 0.0093900755845815736 0.087265231194798898 0.048816724649356609 -0.0054303954130447722 0.25307308645763749 0.0056624938182140531 -0.037921357834587888 0.024427461494746144 0.053751824002205829 -0.0050341334890985261 0.014024205090004844 0.018241243976697959 0.035346586490049958 0.31310757466314132 0.035616252535927886 0.040941409109281963 -0.068973823419268207 -0.049683426488627169 0.031883409984053965 0.050114514493602262 -0.13475483700143218 0.059833598800434956 0.27267919641077726 0.00093413643939629074 -0.073220169926389009 -0.26096945574797059 -0.020061967480787996 -0.0015766464037769282 0.27730275282964989 0.11502684526486187
leaf_weight=212729 12286 435 743 885 459 81137 7909 14567 2358 178981 9395 119686 166 285 142 3399 2312 2631 17767 3482 289 2040 291 204122 285 318 14437 26573 85 1230
leaf_count=212729 12286 435 743 885 459 81137 7909 14567 2358 178981 9395 119686 166 285 142 3399 2312 2631 17767 3482 289 2040 291 204122 285 318 14437 26573 85 1230
internal_value=-1.46304e-11 0.0152821 -0.0061907 0.0123035 0.0128222 0.0111217 -0.00913858 0.0344421 0.0862291 -0.00213188 0.0248495 0.0131591 0.110028 0.210872 -0.063561 -0.00283579 -0.00689785 0.000947507 0.0431887 0.0379417 0.0292162 0.0865403 0.161584 0.00158942 -0.132615 -0.172232 -0.0268137 -0.0132545 0.0707843 0.0670589
internal_weight=921424 265651 655773 240032 238402 221018 20195 17384 2817 416471 10589 200823 1194 451 1630 405882 195730 210152 25619 22853 18056 2766 726 207521 745 603 16749 239302 4797 4712
internal_count=921424 265651 655773 240032 238402 221018 20195 17384 2817 416471 10589 200823 1194 451 1630 405882 195730 210152 25619 22853 18056 2766 726 207521 745 603 16749 239302 4797 4712
is_linear=0
shrinkage=0.05


Tree=62
num_leaves=31
num_cat=0
split_feature=8 8 8 7 6 7 0 2 8 6 1 7 2 0 7 0 2 3 10 9 8 6 10 2 8 8 6 6 3 6
split_gain=31729.4 8601.09 6837.71 3666.79 3646.82 2792.63 4352.59 5883.98 2919.44 3523.09 2653.62 2298.31 4077.59 3278.33 2168.42 2547.71 4601.33 2825.46 2627.22 2007.2 1921.84 3177.36 1916.15 4626.04 2469.42 1794.64 2597.11 2040.05 1776.58 1748.68
threshold=10.464285714285717 4.9285714285714297 21.535714285714288 22.500000000000004 10.500000000000002 10.500000000000002 21.500000000000004 -0.76463845645075357 14.309523809523812 14.500000000000002 -0.83009552862669211 4.5000000000000009 -0.97222182374902033 30.000000000000004 6.5000000000000009 19.500000000000004 -0.90538146624550886 1.0000000180025095e-35 29.550000000000001 0.39570858461769415 1.6904761904761907 1.5000000000000002 29.550000000000001 0.45981126417599505 40.619047619047628 7.4642857142857153 7.5000000000000009 7.5000000000000009 1.0000000180025095e-35 14.500000000000002
decision_type=2 2 2 10 10 8 2 2 2 10 2 8 2 2 10 2 2 2 2 2 2 8 2 2 2 2 10 8 2 8
left_child=1 14 3 5 11 6 -2 -8 9 -7 -5 12 13 -3 15 20 17 -17 -18 -12 -1 -22 24 -24 -4 26 -13 -27 -16 -10
right_child=2 4 22 10 -6 8 7 -9 29 -11 19 25 -14 -15 28 16 18 -19 -20 -21 21 -23 23 -25 -26 27 -28 -29 -30 -31
leaf_value=-0.015927011327577248 0.018681748774417636 0.09214256692645012 0.051145623874173873 0.051560934297799225 -0.041686289377281624 0.0097108213378845898 0.18705590262668265 0.044349849607213172 0.054350447953816855 -0.049907301337002816 -0.2315949097762324 -0.0016982814481311067 0.015796318461628944 0.38070393386904317 -0.015443779741013484 0.012538586829915722 -0.0096799225485809867 0.076599943776886614 0.029806042786280046 -0.067580811772345054 0.043179376714259941 -0.0089565980070107371 0.054217039581618456 -0.086624889530568044 0.18748456977636499 0.034361263982874306 -0.039481409772482809 0.0036381682086480422 -0.084642325625483739 0.019539038148525468
leaf_weight=135305 8353 683 14330 317 4951 106616 1007 2555 3819 2537 267 161424 8995 115 1966 4398 39256 2828 4719 619 2968 189986 1780 867 340 5615 4680 143233 1756 65139
leaf_count=135305 8353 683 14330 317 4951 106616 1007 2555 3819 2537 267 161424 8995 115 1966 4398 39256 2828 4719 619 2968 189986 1780 867 340 5615 4680 143233 1756 65139
internal_value=4.88413e-13 -0.00501839 0.0171545 0.01443 0.000902472 0.0149809 0.0384161 0.0846938 0.0134132 0.00832514 -0.0725882 0.00155177 0.0254061 0.133727 -0.0101128 -0.00974028 0.000633367 0.0376099 -0.00544265 -0.117007 -0.0113583 -0.00815465 0.0472405 0.00808559 0.0543055 0.000810053 -0.00276283 0.00479714 -0.0480909 0.0214669
internal_weight=921424 712878 208546 191229 329696 190026 11915 3562 178111 109153 1203 324745 9793 798 383182 379460 51201 7226 43975 886 328259 192954 17317 2647 14670 314952 166104 148848 3722 68958
internal_count=921424 712878 208546 191229 329696 190026 11915 3562 178111 109153 1203 324745 9793 798 383182 379460 51201 7226 43975 886 328259 192954 17317 2647 14670 314952 166104 148848 3722 68958
is_linear=0
shrinkage=0.05


Tree=63
num_leaves=31
num_cat=0
split_feature=8 8 0 6 6 1 7 2 2 2 0 8 6 6 1 10 2 3 9 0 6 7 2 8 9 10 2 0 8 3
split_gain=28697.5 8019.71 6134.79 3747.18 3589.29 3144.82 2992.39 2758.33 2688.39 2461.06 3618.92 2419.24 4443.11 2442.22 2198.31 2151.38 2283.57 3649.03 1990.87 1958.22 1821.47 1794.77 1936.29 1742.78 1666.1 1642.28 1638.88 2612.42 1579.1 1575.64
threshold=10.845238095238097 5.4642857142857153 27.500000000000004 10.500000000000002 5.5000000000000009 0.49999524036036719 10.500000000000002 -0.95990363414299973 -0.95436844760270667 0.043619387365335889 40.500000000000007 1.5982142857142858 1.5000000000000002 5.5000000000000009 0.57178659947367472 31.600000000000005 -0.9914354235332985 1.0000000180025095e-35 0.39735946657405485 19.500000000000004 2.5000000000000004 4.5000000000000009 -0.95436844760270667 15.071428571428573 0.39507225004483176 17.300000000000001 -0.96591663137137795 31.500000000000004 10.062500000000002 1.0000000180025095e-35
decision_type=2 2 2 8 8 2 10 2 2 2 2 2 8 10 2 2 2 2 2 2 10 10 2 2 2 2 2 2 2 2
left_child=1 11 5 8 26 15 28 29 -4 10 18 -1 21 -14 -12 16 17 -2 -5 -17 -10 22 -13 -7 -9 -18 27 -3 -6 -8
right_child=2 4 3 9 6 23 7 24 20 -11 14 12 13 -15 -16 19 25 -19 -20 -21 -22 -23 -24 -25 -26 -27 -28 -29 -30 -31
leaf_value=-0.013900361243820068 0.0094345042388174396 0.079106224194250965 0.52772023075006225 0.084212002456585083 0.0015899410938316914 0.016730439379979561 -0.014217617880931116 -0.04987427999423133 0.72090941117360041 0.021594376060455493 0.14892664543931683 0.15968109307965886 -0.0063728523727723911 -0.040367384382534531 0.027025089967763517 -0.002430460429472963 -0.026270559454792754 -0.0604360815100278 0.030874519427795285 -0.068299178115444989 0.11404823315359298 -0.039928920317035099 0.039300218126688324 0.034404421358163448 -0.0045377394205587214 0.012986384644292127 0.029922847838155932 0.40795199348426919 0.025115585801592129 -0.11423517492369505
leaf_weight=156275 5168 540 55 2200 254003 48933 601 2485 12.999999999999998 12243 1397 360 269418 5389 503 3569 2744 2927 8544 1650 253 657 4632 19509 10983 91527 6297 68 7339 1142
leaf_count=156275 5168 540 55 2200 254003 48933 601 2485 13 12243 1397 360 269418 5389 503 3569 2744 2927 8544 1650 253 657 4632 19509 10983 91527 6297 68 7339 1142
internal_value=3.95878e-11 -0.00466435 0.016693 0.0397625 0.00188486 0.0133893 0.000995817 -0.0205625 0.209504 0.0375731 0.0530451 -0.00891507 -0.00613719 -0.00703949 0.116655 0.00805885 0.00965535 -0.0158294 0.0417962 -0.023255 0.143707 0.0377572 0.0479815 0.0217683 -0.0129028 0.0118437 0.037492 0.115885 0.00225059 -0.0797483
internal_weight=921424 720189 201235 25208 283458 176027 276553 15211 321 24887 12644 436731 280456 274807 1900 107585 102366 8095 10744 5219 266 5649 4992 68442 13468 94271 6905 608 261342 1743
internal_count=921424 720189 201235 25208 283458 176027 276553 15211 321 24887 12644 436731 280456 274807 1900 107585 102366 8095 10744 5219 266 5649 4992 68442 13468 94271 6905 608 261342 1743
is_linear=0
shrinkage=0.05


Tree=64
num_leaves=31
num_cat=0
split_feature=8 0 8 7 2 8 6 7 3 2 5 7 10 5 3 2 9 9 7 3 10 7 3 7 1 9 8 7 2 10
split_gain=26215.3 8835.65 4311.38 3678.23 4137.96 3574.35 3717.92 3082.95 5043.7 4259.96 2723.6 2684.73 2595.99 2461.53 2150.46 2149.24 3892.99 2093.41 2074.56 2210.24 1878.42 1840.88 2336.69 1781.15 2072.91 1746.09 1673.4 1622.31 1699.68 1562.24
threshold=7.0714285714285721 27.500000000000004 12.928571428571431 12.500000000000002 -0.96591663137137795 2.5857142857142863 2.5000000000000004 7.5000000000000009 1.0000000180025095e-35 -0.93894197835419624 21.500000000000004 21.500000000000004 31.600000000000005 5.5000000000000009 1.0000000180025095e-35 -0.96591663137137795 0.41902184533364356 0.39570858461769415 7.5000000000000009 1.0000000180025095e-35 29.550000000000001 21.500000000000004 1.0000000180025095e-35 7.5000000000000009 -0.77836700843141071 0.4095463997639886 7.9285714285714297 3.5000000000000004 -0.9404343180211393 17.100000000000005
decision_type=2 2 2 10 2 2 8 8 2 2 8 10 2 10 2 2 2 2 10 2 2 8 2 8 2 2 2 10 2 2
left_child=5 2 3 23 14 -1 27 8 -3 -10 11 29 15 -11 -5 16 -4 -13 -8 -20 -6 22 -12 24 -2 -23 -25 28 -7 -9
right_child=1 7 12 4 20 6 18 10 9 13 21 17 -14 -15 -16 -17 -18 -19 19 -21 -22 25 -24 26 -26 -27 -28 -29 -30 -31
leaf_value=-0.011652314249418143 -0.0090111546985686478 0.038470490504341336 -0.034564339819552654 -0.022311620038233532 -0.0029259278536966533 0.14914928342856415 -0.0035024243706628746 0.12820907149743258 0.44541159856541335 1.1389896551767984 0.044197207081488575 -0.15993504284290408 -0.030130553082720463 0.11740601790312553 -0.14440917891420554 0.0195800218297323 0.029608896129329827 -0.012565451614109919 -0.0075902192494207311 -0.057715972409775579 -0.062808073597828182 0.024183906283568604 0.18641160508548771 -0.016763256296342104 0.030623495903827871 0.064027424463909285 0.0051928678532495312 -0.0044237062887095653 0.043040267648806071 0.022718125981903401
leaf_weight=232596 4391 944 5183 573 9056 423 301606 359 162 5.9999999999999991 621 326 2957 342 973 97338 4344 924 5494 3667 1531 5489 540 9087 13264 5510 192883 1665 3501 15669
leaf_count=232596 4391 944 5183 573 9056 423 301606 359 162 6 621 326 2957 342 973 97338 4344 924 5494 3667 1531 5489 540 9087 13264 5510 192883 1665 3501 15669
internal_value=5.17229e-11 0.0102385 0.00792265 0.00405578 -0.0227438 -0.006947 -0.00348749 0.0358459 0.106919 0.233615 0.0323355 0.0195768 0.0160829 0.13502 -0.0991557 0.0173617 -0.00530345 -0.0509994 -0.0042144 -0.0276547 -0.0115856 0.0504643 0.110343 0.0055363 0.0207659 0.0441437 0.00420502 0.0369312 0.0544786 0.0250809
internal_weight=921424 372472 341580 231758 12133 548952 316356 30892 1454 510 29438 17278 109822 348 1546 106865 9527 1250 310767 9161 10587 12160 1161 219625 17655 10999 201970 5589 3924 16028
internal_count=921424 372472 341580 231758 12133 548952 316356 30892 1454 510 29438 17278 109822 348 1546 106865 9527 1250 310767 9161 10587 12160 1161 219625 17655 10999 201970 5589 3924 16028
is_linear=0
shrinkage=0.05


Tree=65
num_leaves=31
num_cat=0
split_feature=8 8 8 7 6 8 6 7 6 6 3 6 8 7 2 1 10 2 0 0 2 0 10 8 2 7 1 0 2 5
split_gain=23791.9 7040.17 4305.23 3919.57 3039.54 3299.91 2981.31 2744.85 2702 2644.25 2596.51 2359.42 2377.26 3383.96 2201.06 2032.35 2373.87 1904.2 1873.2 1818.46 1812.67 1601.51 1414.27 1342.52 1331.2 1251.84 1361.32 1241.55 1234.38 1231.95
threshold=8.4642857142857171 17.380952380952383 2.9285714285714293 17.500000000000004 8.5000000000000018 12.208333333333334 12.500000000000002 1.5000000000000002 12.500000000000002 8.5000000000000018 1.0000000180025095e-35 17.500000000000004 27.690476190476193 27.500000000000004 -0.93186591997002521 -0.90538146624550875 29.250000000000004 -0.9914354235332985 21.500000000000004 26.000000000000004 -0.98101942973744338 32.500000000000007 29.550000000000001 23.380952380952383 -0.9404343180211393 47.500000000000007 0.42459350082107894 27.500000000000004 -0.64278760968653914 1.0000000180025095e-35
decision_type=2 2 2 10 8 2 10 8 8 10 2 10 2 10 2 2 2 2 2 2 2 2 2 2 2 10 2 2 2 10
left_child=2 3 22 4 27 6 -6 17 -7 18 -5 19 13 23 -15 -12 -17 21 28 -3 -20 -4 -1 -13 -11 26 -14 -2 -9 -19
right_child=1 11 7 10 5 8 -8 9 -10 24 15 12 25 14 -16 16 -18 29 20 -21 -22 -23 -24 -25 -26 -27 -28 -29 -30 -31
leaf_value=-0.012283780302976076 0.037844549494247912 0.049018129508915376 0.15008294835267952 -0.0047555314125882417 0.0048183510308879764 0.048374804980680086 -0.04631021921526525 -0.0083108175323995948 0.013459149392881082 -0.10888949311806406 0.048038168844969989 0.020847626914650703 0.03840152680324721 -0.33455296346035446 -0.05195894021803367 -0.06352215383505104 -0.19380806871149767 0.33790352028427706 0.048225587651951625 0.14843109137439373 0.0054132034175268136 0.62092581362951371 -0.00011536445989494926 0.04974978912403602 -0.029018473740130821 0.24692808752550799 0.091123358322347456 0.12249458163547589 -0.0014899960506948261 0.03089026330629463
leaf_weight=214473 5392 1380 129 2614 159626 5907 2903 92982 89416 587 266 29239 4225 76 738 1233 488 33 2672 690 33099 21 26870 4658 4688 85 1724 471 231419 3320
leaf_count=214473 5392 1380 129 2614 159626 5907 2903 92982 89416 587 266 29239 4225 76 738 1233 488 33 2672 690 33099 21 26870 4658 4688 85 1724 471 231419 3320
internal_value=4.91044e-11 0.0112526 -0.00573664 0.00824814 0.00904636 0.00823693 0.00390512 -0.00234013 0.0156228 -0.00276236 -0.0375036 0.0300811 0.0274355 0.0224 -0.0783436 -0.0805853 -0.100466 0.041709 -0.00224765 0.0821558 0.00861118 0.216001 -0.010929 0.0248193 -0.0379065 0.0564024 0.0536801 0.0446449 -0.00344503 0.0339119
internal_weight=921424 311131 610293 268316 263715 257852 162529 368950 95323 365447 4601 42815 40745 34711 814 1987 1721 3503 360172 2070 35771 150 241343 33897 5275 6034 5949 5863 324401 3353
internal_count=921424 311131 610293 268316 263715 257852 162529 368950 95323 365447 4601 42815 40745 34711 814 1987 1721 3503 360172 2070 35771 150 241343 33897 5275 6034 5949 5863 324401 3353
is_linear=0
shrinkage=0.05


Tree=66
num_leaves=31
num_cat=0
split_feature=8 8 8 6 6 7 0 2 2 3 10 6 7 1 6 8 6 2 0 0 6 2 0 8 6 6 8 7 5 8
split_gain=21621.4 5794.39 4985.76 3507.08 2677.12 2660.9 3770.65 4841.68 2417.21 3066.66 2838.81 2346.7 2105.9 2051.73 2008 1955.39 4545.96 1874.09 1936.06 1753.9 10168.5 1715 1507.34 1391.8 2748.33 2336.58 1379.59 1270.84 1983.96 1034.68
threshold=10.062500000000002 4.6190476190476195 19.464285714285719 19.500000000000004 4.5000000000000009 10.500000000000002 21.500000000000004 -0.8075770234118067 -0.90538146624550886 1.0000000180025095e-35 29.550000000000001 10.500000000000002 19.500000000000004 0.49999524036036719 4.5000000000000009 0.46428571428571436 1.0000000180025095e-35 -0.64278760968653914 28.500000000000004 47.500000000000007 46.500000000000007 0.65918890865109991 17.500000000000004 6.4642857142857153 6.5000000000000009 6.5000000000000009 32.226190476190482 4.5000000000000009 4.5000000000000009 7.366666666666668
decision_type=2 2 2 10 8 8 2 2 2 2 2 10 10 2 10 2 8 2 2 2 8 2 2 2 10 8 2 8 10 2
left_child=1 14 3 5 27 6 -2 -8 9 -7 -10 23 17 19 15 -1 -17 18 -4 20 -14 -21 -18 24 -6 -25 -15 28 29 -3
right_child=2 4 12 -5 11 8 7 -9 10 -11 -12 -13 13 26 -16 16 22 -19 -20 21 -22 -23 -24 25 -26 -27 -28 -29 -30 -31
leaf_value=-0.015519625825863446 0.016516683026934275 0.14144807156015726 0.077969211940064856 -0.06624214967519787 -0.0022636946186871628 0.0090162195275971281 0.16247668881910426 0.040153433225482538 0.014715903119103086 -0.02565908456731137 -0.0089033172349001245 -0.046053119810961426 0.01554253982283367 0.044350089014808768 -0.033890059748298985 0.032810464530730214 -0.0096597636353272735 0.051209372083597139 0.24458127432211568 0.12355134842174871 -1.6656401104397245 -0.028588280637748542 -0.0019430072523546598 0.03374115041852549 -0.039370073053370896 0.001983368249349689 0.12219721860642002 0.0086571794428272116 0.03948347438947012 0.75380095243453982
leaf_weight=69469 11496 475 435 1456 114273 17312 1091 3129 131523 10094 14084 2742 14197 7063 7625 7284 197092 2040 291 715 8.9999999999999982 250 93210 5967 5218 197361 619 2416 2481 6.9999999999999991
leaf_count=69469 11496 475 435 1456 114273 17312 1091 3129 131523 10094 14084 2742 14197 7063 7625 7284 197092 2040 291 715 9 250 93210 5967 5218 197361 619 2416 2481 7
internal_value=2.6077e-11 -0.00423571 0.0138496 0.0110603 0.000585368 0.0116567 0.0313552 0.0717778 0.0098673 -0.00375516 0.0124313 7.32003e-06 0.0345564 0.0295691 -0.00849398 -0.00796641 -0.00620318 0.0757617 0.144752 0.0189084 0.0144775 0.0841369 -0.00718207 0.000398554 -0.00388408 0.00291535 0.0506229 0.0355714 0.057517 0.150341
internal_weight=921424 705620 215804 190185 330940 188729 15716 4220 173013 27406 145607 325561 25619 22853 374680 367055 297586 2766 726 15171 14206 965 290302 322819 119491 203328 7682 5379 2963 482
internal_count=921424 705620 215804 190185 330940 188729 15716 4220 173013 27406 145607 325561 25619 22853 374680 367055 297586 2766 726 15171 14206 965 290302 322819 119491 203328 7682 5379 2963 482
is_linear=0
shrinkage=0.05


Tree=67
num_leaves=31
num_cat=0
split_feature=8 8 0 7 3 0 2 6 2 2 9 7 3 10 2 7 0 2 3 7 0 2 3 10 3 7 6 8 6 2
split_gain=19731.8 6275.53 4097.03 3319.53 3306.94 4564.91 4403.88 3265.99 3130.42 2963.43 3743.09 5170.14 3743.95 3185.63 4733.32 4972.45 2684.92 2689.19 3233.44 2311.94 2234.96 4171.17 2934.77 2382.45 1887.11 1768.81 1755.47 1703.47 2494.91 1657.65
threshold=11.183333333333335 5.5357142857142865 30.000000000000004 5.5000000000000009 1.0000000180025095e-35 21.500000000000004 -0.87659322597609213 11.500000000000002 0.043619387365335889 -0.98101942973744338 0.41972326494802431 15.500000000000002 -0.60785761079279388 29.550000000000001 0.40466461168876017 15.500000000000002 44.000000000000007 -0.97222182374902033 1.0000000180025095e-35 6.5000000000000009 19.500000000000004 -0.90538146624550886 1.0000000180025095e-35 31.600000000000005 1.0000000180025095e-35 10.500000000000002 4.5000000000000009 1.7738095238095239 1.5000000000000002 -0.88599923532063174
decision_type=2 2 2 8 2 2 2 10 2 2 2 10 2 2 2 10 2 2 2 10 2 2 2 2 2 10 10 2 8 2
left_child=1 19 9 4 -3 -6 -7 29 16 10 11 25 -13 -11 -15 -16 -4 18 -18 20 27 22 -22 -23 -21 -2 -19 -1 -29 -5
right_child=2 3 8 7 5 6 -8 -9 -10 13 -12 12 -14 14 15 -17 17 26 -20 24 21 23 -24 -25 -26 -27 -28 28 -30 -31
leaf_value=-0.012791633963007844 0.14334394350043825 0.0054603426454355409 0.045823800164786835 -0.0070534192266909091 0.02999678901376376 0.26223522906816638 0.071405836981203827 -0.05043762978035058 0.016340067781576078 0.016610829820714958 0.022442970865797069 0.038298981322998735 -0.14207783324408224 0.017237785207099125 -0.010205836223028628 -0.10890219899997318 0.11815439026410644 0.83041736185550696 0.52698463183783351 -0.013619225201543295 0.011755222741103244 -0.0054702583329780978 0.0729298125870914 0.052017450966654492 -0.069528957674606082 -0.014827222377337102 0.087198799337047911 0.042861223009050715 -0.0063319109244674571 0.0030379950609807668
leaf_weight=137067 185 8215 8776 48891 4355 453 909 3077 9801 130717 4238 355 1517 7361 3794 1923 114 7.9999999999999991 84 3487 5173 47707 3157 1873 2661 3965 1158 2606 235083 242714
leaf_count=137067 185 8215 8776 48891 4355 453 909 3077 9801 130717 4238 355 1517 7361 3794 1923 114 8 84 3487 5173 47707 3157 1873 2661 3965 1158 2606 235083 242714
internal_value=3.51415e-11 -0.00353027 0.0151649 0.00193287 0.0257819 0.0549828 0.134876 0.000805338 0.0364904 0.0124045 -0.0135569 -0.0388919 -0.107872 0.0142569 -0.00927149 -0.0434039 0.055967 0.121229 0.291598 -0.00737246 -0.00693984 0.00220183 0.0349399 -0.00329853 -0.0378183 -0.00777622 0.0922981 -0.00835247 -0.00579256 0.00134605
internal_weight=921424 747428 173996 308614 13932 5717 1362 294682 19941 154055 10260 6022 1872 143795 13078 5717 10140 1364 198 438814 432666 57910 8330 49580 6148 4150 1166 374756 237689 291605
internal_count=921424 747428 173996 308614 13932 5717 1362 294682 19941 154055 10260 6022 1872 143795 13078 5717 10140 1364 198 438814 432666 57910 8330 49580 6148 4150 1166 374756 237689 291605
is_linear=0
shrinkage=0.05


Tree=68
num_leaves=31
num_cat=0
split_feature=8 8 7 3 2 7 0 2 8 6 8 6 2 7 2 8 7 0 0 7 6 7 2 0 2 2 5 1 0 3
split_gain=17955.7 6519.81 3394.33 3481.24 3166.44 2806.5 3693.75 5886.11 2542.5 2603.95 2496.9 3827.61 2454.63 2143.39 2328.83 2291.48 3131.45 2873.86 2151.18 1986.55 1964.34 1832.61 2095.97 1571.88 2646.56 1519.55 1354.08 1336.3 2242.55 1439.35
threshold=7.0714285714285721 15.937500000000002 15.500000000000002 1.0000000180025095e-35 -0.93894197835419624 7.5000000000000009 21.500000000000004 -0.88599923532063174 12.535714285714286 12.500000000000002 1.6904761904761907 1.5000000000000002 0.46368156678007261 15.500000000000002 -0.67397850752516397 25.535714285714288 25.500000000000004 31.500000000000004 27.500000000000004 2.5000000000000004 12.500000000000002 7.5000000000000009 -0.88599923532063174 19.500000000000004 -0.9914354235332985 -0.95436844760270667 1.5000000000000002 0.38267978949462683 34.000000000000007 0.87837969732492682
decision_type=2 2 10 2 2 8 2 2 2 10 2 8 2 10 2 2 10 2 2 10 8 10 2 2 2 2 10 2 2 2
left_child=10 2 5 -4 -5 6 -2 -8 9 -7 27 19 -6 14 18 16 -15 -18 -3 25 -10 23 -23 -13 -25 -12 -27 28 -1 -30
right_child=1 13 3 4 12 8 7 -9 20 -11 11 21 -14 15 -16 -17 17 -19 -20 -21 -22 22 -24 24 -26 26 -28 -29 29 -31
leaf_value=-0.0081062186876009051 0.012346530517959286 0.077612030558575629 0.0018693194734617736 -0.1532676830710116 0.013878102525173755 0.0032626311109102326 0.17267661182213676 0.034899350819394943 0.053940056284172103 -0.03622719809176736 0.17419848865769338 -0.0048205300770219773 -0.079372507234614934 0.018398323192164664 0.037055607800535177 0.044799118423849101 0.0075237826185898804 -0.16132683705753184 0.23872458373767547 -0.0047252991676968699 0.011760348884742464 -0.077778755988458598 -0.015209890497755136 0.056291548623712197 0.002231026640539824 0.1209688479675497 0.035828669522507427 -0.016785843784792805 0.039400449671273957 0.19711973431346183
leaf_weight=96071 14594 745 4923 762 1254 210358 974 3798 2881 4259 281 329651 1614 47190 3539 8421 546 468 287 1620 65859 1615 7817 2387 43908 581 2380 61754 705 182
leaf_count=96071 14594 745 4923 762 1254 210358 974 3798 2881 4259 281 329651 1614 47190 3539 8421 546 468 287 1620 65859 1615 7817 2387 43908 581 2380 61754 705 182
internal_value=2.72418e-11 0.00847348 0.00554037 -0.0255222 -0.0626705 0.006418 0.0248332 0.0630207 0.00515941 0.00247897 -0.00574938 -0.00359887 -0.0385998 0.0233929 0.0563279 0.0207343 0.0165302 -0.0704073 0.122418 0.0404874 0.0135282 -0.00415507 -0.0259233 -0.00360894 0.00501842 0.0630799 0.0525347 -0.0110371 -0.00737556 0.0717622
internal_weight=921424 372472 311276 8553 3630 302723 19366 4772 283357 214617 548952 390240 2868 61196 4571 56625 48204 1014 1032 4862 68740 385378 9432 375946 46295 3242 2961 158712 96958 887
internal_count=921424 372472 311276 8553 3630 302723 19366 4772 283357 214617 548952 390240 2868 61196 4571 56625 48204 1014 1032 4862 68740 385378 9432 375946 46295 3242 2961 158712 96958 887
is_linear=0
shrinkage=0.05


Tree=69
num_leaves=31
num_cat=0
split_feature=8 0 8 1 6 7 3 2 6 7 8 2 2 2 0 2 8 0 2 8 2 0 9 6 9 0 2 7 2 8
split_gain=16416.2 4737.7 3713.93 2747.88 2739.13 2523.66 2750.74 2368.13 2324.7 1979.91 2010.09 1804.11 1677.73 1645.95 3055.49 2128.38 1635.28 1598.27 2647.18 1411.34 1370.37 4177.56 2377.08 1319 1309.01 1229.73 1527.66 1392.31 1221.26 1209.09
threshold=9.2261904761904781 27.500000000000004 3.9285714285714293 0.57178659947367472 9.5000000000000018 7.5000000000000009 1.0000000180025095e-35 0.84339144581288539 3.5000000000000004 3.5000000000000004 3.0625000000000004 -0.93894197835419624 -0.76463845645075357 0.043619387365335889 40.500000000000007 -0.98101942973744338 15.071428571428573 44.000000000000007 0.64111330583356219 25.535714285714288 0.424593500821079 24.500000000000004 0.40161416931394905 3.5000000000000004 0.39735946657405485 19.500000000000004 -0.81915204428899169 3.5000000000000004 -0.96759678964602525 0.30952380952380959
decision_type=2 2 2 2 10 8 2 2 8 10 2 2 2 2 2 2 2 2 2 2 2 2 2 10 2 2 2 8 2 2
left_child=2 3 9 7 8 6 -3 20 -4 10 29 -8 -11 14 24 -16 -5 19 -19 -15 22 -22 -2 -12 -7 26 -10 -27 -6 -1
right_child=1 5 4 16 28 13 11 -9 25 12 23 -13 -14 17 15 -17 -18 18 -20 -21 21 -23 -24 -25 -26 27 -28 -29 -30 -31
leaf_value=-0.013910670666834782 0.012824855167085312 0.029701054948059247 0.042205299144477598 0.011884483253902185 -0.1409621316442887 0.064704828442650117 0.4537742975882666 0.014919316534586422 -0.0088622195708940987 -0.05035179881253065 0.026497988908222955 0.15902963833072942 -0.01568803541145971 0.011288165487862963 0.2427046446125577 0.079695257375410389 0.028828609686011555 0.042567691189321785 -0.099632325018977841 0.050434580832292297 -0.0068262080792774642 -0.1250105083463344 -0.0033338001484327071 -0.0079657030664546588 0.022593055497712157 0.042853994876433155 6.2998930600704646e-05 0.0049672388155950764 -0.035499382681615552 -0.0061342044786378818
leaf_weight=65123 37695 238 3203 64310 300 2300 86 39141 60250 4423 7194 131 16560 8755 227 1699 18289 590 735 3124 17551 781 57445 4521 9335 2574 234721 41873 3230 215020
leaf_count=65123 37695 238 3203 64310 300 2300 86 39141 60250 4423 7194 131 16560 8755 227 1699 18289 590 735 3124 17551 781 57445 4521 9335 2574 234721 41873 3230 215020
internal_value=1.53737e-11 0.0105757 -0.00421158 0.0082903 -0.000643159 0.030324 0.147091 0.00431444 -0.000191695 -0.00815995 -0.00709341 0.275841 -0.0229948 0.028339 0.040574 0.0989077 0.0156362 0.0157733 -0.0363131 0.0215831 0.000656398 -0.0118612 0.00306835 0.0131979 0.0309177 -0.000591784 -0.00176004 0.00716132 -0.0444622 -0.00794195
internal_weight=921424 262432 658992 235212 346151 27220 455 152613 342621 312841 291858 217 20983 26765 13561 1926 82599 13204 1325 11879 113472 18332 95140 11715 11635 339418 294971 44447 3530 280143
internal_count=921424 262432 658992 235212 346151 27220 455 152613 342621 312841 291858 217 20983 26765 13561 1926 82599 13204 1325 11879 113472 18332 95140 11715 11635 339418 294971 44447 3530 280143
is_linear=0
shrinkage=0.05


Tree=70
num_leaves=31
num_cat=0
split_feature=8 8 7 2 9 2 8 6 6 7 2 7 0 9 10 2 3 8 6 6 8 1 0 10 0 7 2 3 9 10
split_gain=14922.1 4793.53 3597.11 3211.53 3090.99 3288.88 2713.59 2653.62 2361.05 2093.79 2514.74 2082.55 2563.52 2409.53 2105.31 2161.79 4996.68 2066.72 2250.07 2244.81 1849.08 1753.24 1715.31 2032.32 1363.65 1361 1340.88 1329.4 1302.24 1204.5
threshold=8.2083333333333339 16.380952380952383 16.500000000000004 -0.90538146624550886 0.3959568799366931 0.33996843066449761 2.9285714285714293 8.5000000000000018 2.5000000000000004 8.5000000000000018 -0.93186591997002521 16.500000000000004 26.000000000000004 0.39750427534808258 31.850000000000005 -0.92387073784400886 1.0000000180025095e-35 12.208333333333334 12.500000000000002 12.500000000000002 23.380952380952383 -0.84455963375842924 21.500000000000004 29.550000000000001 17.500000000000004 4.5000000000000009 -0.93894197835419624 1.0000000180025095e-35 0.39527678915676451 29.550000000000001
decision_type=2 2 10 2 2 2 2 8 8 10 2 10 2 2 2 2 2 2 8 10 2 2 2 2 2 10 2 2 2 2
left_child=6 2 7 27 5 -5 29 24 25 22 -11 12 -3 -14 15 16 -13 19 -19 -9 -17 -16 -10 -24 -2 26 -8 -4 -12 -1
right_child=1 11 3 4 -6 -7 8 17 9 10 28 14 13 -15 21 20 -18 18 -20 -21 -22 -23 23 -25 -26 -27 -28 -29 -30 -31
leaf_value=-0.0099606238945617945 0.010448665755968079 0.029792260467636424 -0.05032872841502093 0.038372061715225683 0.0070380500405892547 -0.15236052753080517 0.1590663987461991 0.0034097399835958143 -0.0027307869686469602 -0.084868168945209196 -0.052434808852561715 0.024694176165159603 0.19561647345474076 0.063958778255470125 0.012750843595259529 0.018966012242663081 -0.073304604724066413 0.042329822442346725 0.010050510107509687 -0.041549649297622393 0.044085462614418647 -0.097351107360510017 0.005721945956011578 0.053095292012735967 0.049684896473868201 -0.023416036109002045 0.043908183834120748 -0.16679942290454081 -0.0050584653524536503 0.0012691373609644025
leaf_weight=214473 3791 4238 438 332 3398 708 283 161312 316563 1468 1806 3968 494 1172 749 30653 1935 5799 78204 2825 9627 699 30887 2443 5325 673 2367 556 7368 26870
leaf_count=214473 3791 4238 438 332 3398 708 283 161312 316563 1468 1806 3968 494 1172 749 30653 1935 5799 78204 2825 9627 699 30887 2443 5325 673 2367 556 7368 26870
internal_value=2.72663e-11 0.00880256 0.00602348 -0.0342417 -0.016047 -0.0914728 -0.00459942 0.00687369 -0.00187267 -0.00225935 -0.0241077 0.022439 0.0504495 0.102998 0.0189671 0.0208284 -0.00742977 0.00590036 0.0122789 0.00263593 0.0249696 -0.0403992 -0.00159483 0.00919429 0.033368 0.0400805 0.0562062 -0.115477 -0.014385 -0.00871035
internal_weight=921424 316223 262688 5432 4438 1040 605201 257256 363858 360535 10642 53535 5904 1666 47631 46183 5903 248140 84003 164137 40280 1448 349893 33330 9116 3323 2650 994 9174 241343
internal_count=921424 316223 262688 5432 4438 1040 605201 257256 363858 360535 10642 53535 5904 1666 47631 46183 5903 248140 84003 164137 40280 1448 349893 33330 9116 3323 2650 994 9174 241343
is_linear=0
shrinkage=0.05


Tree=71
num_leaves=31
num_cat=0
split_feature=8 8 0 7 2 3 7 10 2 7 6 0 3 6 7 7 0 10 2 2 2 3 4 2 0 9 2 0 2 0
split_gain=13601.3 4382.59 3149.66 2692.54 2653.63 3176.72 5988.25 2803.28 3945.39 3986.24 2600.29 2598.49 2565.91 2361.59 2285.76 2251.71 2234.5 2335.37 3469.8 2380.31 1966.53 1959.23 1691.37 1652.66 1625.31 2199.55 1459.92 1424.41 1222.86 1985.91
threshold=11.062500000000002 5.7321428571428585 34.000000000000007 11.500000000000002 -0.9914354235332985 1.0000000180025095e-35 15.500000000000002 29.550000000000001 0.38267978949462689 16.500000000000004 5.5000000000000009 23.500000000000004 1.0000000180025095e-35 10.500000000000002 22.500000000000004 5.5000000000000009 17.500000000000004 29.550000000000001 0.38267978949462689 -0.96591663137137795 -0.89673614347005204 -0.60785761079279388 -0.56174490092936669 -0.85478166345418438 22.500000000000004 0.39457421305217361 -0.95436844760270667 19.500000000000004 0.15424955397032644 44.000000000000007
decision_type=2 2 2 10 2 2 10 2 2 10 8 2 2 8 10 10 2 2 2 2 2 2 2 2 2 2 2 2 2 2
left_child=1 15 4 10 5 22 11 24 -9 -10 23 -7 -5 21 -8 16 -1 19 -19 -18 -17 -4 -2 27 -6 -26 -14 -3 -15 -30
right_child=2 3 13 12 7 6 14 8 9 -11 -12 -13 26 28 -16 20 17 18 -20 -21 -22 -23 -24 -25 25 -27 -28 -29 29 -31
leaf_value=-0.0079661470428266917 -0.052028730120123823 0.042634748419867544 -0.007079768945307781 -0.0028599435198286179 0.010903319969691369 -0.029223262982832867 -0.14288094561800296 0.015710385502578274 -0.01131967585905839 -0.094412219317271784 0.0019464426316142182 0.18999854735519789 -0.12364497714385166 0.047664663163058257 -0.40218118641835948 -0.061427566147992968 0.01868076941426609 -0.003757388920594339 0.043459181906519019 -0.0047166281726580463 -0.016243699806124664 0.39423866139118929 0.022389282546310982 0.029538220710708687 0.066569094281389393 0.019675252107261842 -0.043191681564639234 0.19814706464287057 0.031615592499437774 -0.04051653164120559
leaf_weight=282096 965 293 48 4531 104483 1823 741 7594 4721 2079 288599 146 723 7195 96 2859 11987 8480 7190 116676 15269 83 3657 3150 2696 34499 2562 296 4689 1198
leaf_count=282096 965 293 48 4531 104483 1823 741 7594 4721 2079 288599 146 723 7195 96 2859 11987 8480 7190 116676 15269 83 3657 3150 2696 34499 2562 296 4689 1198
internal_value=3.16759e-11 -0.00295917 0.0124707 0.00170885 0.010573 -0.0186253 -0.060591 0.0119627 -0.00906062 -0.036724 0.00248319 -0.0129681 -0.0272532 0.0359522 -0.172621 -0.00611091 -0.00537721 -0.000317197 0.0179074 -0.00253679 -0.0233697 0.247191 0.00685199 0.0439125 0.0140986 0.0230743 -0.0608988 0.120787 0.0338369 0.0169368
internal_weight=921424 744711 176713 300154 163500 7428 2806 156072 14394 6800 292338 1969 7816 13213 837 444557 426429 144333 15670 128663 18128 131 4622 3739 141678 37195 3285 589 13082 5887
internal_count=921424 744711 176713 300154 163500 7428 2806 156072 14394 6800 292338 1969 7816 13213 837 444557 426429 144333 15670 128663 18128 131 4622 3739 141678 37195 3285 589 13082 5887
is_linear=0
shrinkage=0.05


Tree=72
num_leaves=31
num_cat=0
split_feature=8 0 2 3 7 0 1 7 3 2 5 0 8 6 7 10 6 2 0 1 0 0 2 5 8 0 1 0 3 0
split_gain=12395.9 4803.95 2849.95 3092.87 5542.59 5187.57 2936.02 2467 3871.58 3160.81 2055.79 1839.09 1829.35 3426.35 1720.47 1662.25 1595.38 1540.18 2737.01 1981.38 1439.64 1394.27 2569.03 1370.64 1363.98 1325.78 1151.42 2361.73 1519.35 2963.43
threshold=7.0714285714285721 27.500000000000004 -0.96591663137137795 1.0000000180025095e-35 7.5000000000000009 18.500000000000004 -0.3007057995042734 7.5000000000000009 1.0000000180025095e-35 -0.93894197835419624 5.5000000000000009 15.500000000000002 1.6904761904761907 1.5000000000000002 2.5000000000000004 17.300000000000001 7.5000000000000009 0.043619387365335889 40.500000000000007 0.47898255845512105 44.000000000000007 44.000000000000007 0.64111330583356219 1.5000000000000002 25.535714285714288 19.500000000000004 0.25881658133175106 34.000000000000007 0.87837969732492682 44.000000000000007
decision_type=2 2 2 2 10 2 2 8 2 2 10 2 2 8 10 2 10 2 2 2 2 2 2 10 2 2 2 2 2 2
left_child=12 2 3 -2 25 -6 -4 8 -3 20 -11 -8 26 14 23 -13 -15 18 -9 -20 -10 24 -23 -14 -19 -5 27 -1 -29 -30
right_child=1 7 6 4 5 -7 11 17 9 10 -12 15 13 16 -16 -17 -18 21 19 -21 -22 22 -24 -25 -26 -27 -28 28 29 -31
leaf_value=-0.0063413622247636874 0.0033839296529621123 0.029530189356468697 0.00084260599288425763 0.041691384456809998 -0.0082347089185752387 -0.07724678021642066 0.0055309596910958908 0.025455700728615874 0.32700237403033489 1.0330774863560996 0.099477572554766011 -0.011261053536232302 0.12632548350954428 -0.0031844230195698211 -0.0033008829366996382 0.017083023449292547 -0.040674136712273018 0.0069786286989708974 0.11950243045808909 0.012518124048418025 0.78010405421257023 0.041128516325663542 -0.095333621879276964 0.043912517775439461 0.044930896593041503 0.18291506449709094 -0.014200934192617354 0.046269681697156922 0.10427994301758153 0.62667991868087225
leaf_weight=89627 18733 944 125137 339 6383 4749 88488 13072 142 5.9999999999999991 342 5481 625 382519 1620 91944 2859 9775 1444 618 20 608 797 2617 3124 326 68331 598 121 35
leaf_count=89627 18733 944 125137 339 6383 4749 88488 13072 142 6 342 5481 625 382519 1620 91944 2859 9775 1444 618 20 608 797 2617 3124 326 68331 598 121 35
internal_value=-1.93025e-11 0.00704044 0.00533278 -0.00924508 -0.0292993 -0.0376758 0.00676362 0.0259223 0.0894998 0.200502 0.115574 0.010749 -0.00477704 -0.00293631 0.0387752 0.0154884 -0.00346255 0.0227821 0.0339008 0.0874383 0.382941 0.0110183 -0.036281 0.0598003 0.0161703 0.110923 -0.00930302 -0.00560003 0.0825211 0.221485
internal_weight=921424 372472 341580 30530 11797 11132 311050 30892 1454 510 348 185913 548952 390240 4862 97425 385378 29438 15134 2062 162 14304 1405 3242 12899 665 158712 90381 754 156
internal_count=921424 372472 341580 30530 11797 11132 311050 30892 1454 510 348 185913 548952 390240 4862 97425 385378 29438 15134 2062 162 14304 1405 3242 12899 665 158712 90381 754 156
is_linear=0
shrinkage=0.05


Tree=73
num_leaves=31
num_cat=0
split_feature=8 8 6 8 6 7 2 0 7 0 2 3 0 2 1 2 2 7 10 7 5 7 2 5 9 7 2 1 7 0
split_gain=11430.2 3833.33 3056.88 2511.16 3359.68 2556.91 2990.94 3216.74 2112.34 1904.29 3827.47 4121.94 1898.69 4224 1815.48 1591.62 1568.21 1967.81 1911.81 1559.86 1760.41 1512.36 3252.92 1277.43 1287.07 1220.48 1219.54 1148.58 1775.48 1507.71
threshold=11.598214285714286 4.9285714285714297 11.500000000000002 21.071428571428573 21.500000000000004 11.500000000000002 -0.88801398733197889 44.000000000000007 4.5000000000000009 19.500000000000004 -0.98821097822247983 1.0000000180025095e-35 51.500000000000007 -0.87659322597609213 0.60875563403867206 -0.88599923532063174 -0.83251919187752454 21.500000000000004 29.550000000000001 22.500000000000004 20.500000000000004 4.5000000000000009 -0.95990363414299973 47.500000000000007 0.40114582988753805 6.5000000000000009 0.64111330583356219 0.49999524036036719 21.500000000000004 27.500000000000004
decision_type=2 2 10 2 10 8 2 2 10 2 2 2 2 2 2 2 2 10 2 10 10 8 2 8 2 10 2 2 10 2
left_child=1 8 12 4 5 6 7 -2 9 -1 11 -11 21 25 -12 -10 17 -7 -18 -6 -21 22 -3 27 -25 -14 -23 28 29 -5
right_child=3 2 -4 23 19 16 -8 -9 15 10 14 -13 13 -15 -16 -17 18 -19 -20 20 -22 26 -24 24 -26 -27 -28 -29 -30 -31
leaf_value=-0.0066355217793556938 0.094487269306959845 0.10820735193614382 -0.034212081857465729 0.022814932295903936 -0.051510031701365137 -0.00098632032576944761 0.024100952408580834 0.65626523913099222 -0.052088706456018402 0.016982412808687699 0.0087816293517409879 0.15617441259104359 0.48799297580352197 -0.16725337916407093 -0.011992154243214429 -0.015342536702182691 0.01334664457898721 -0.16286771242216072 -0.0085127794250617738 -0.13371113035012969 -0.48468290303388373 -0.00075948333680357204 0.011420206331017467 -0.27989531709597659 0.24644472456853325 1.194219344854355 0.0058968828069957055 0.046367721669137954 0.011349890094202474 0.10862002115894687
leaf_weight=314987 1278 960 6063 1120 569 27906 8107 26 3537 1484 27747 829 26 29 16937 17661 99610 189 11119 160 46 260958 9070 12.999999999999998 109 7.9999999999999991 93454 5849 10630 943
leaf_count=314987 1278 960 6063 1120 569 27906 8107 26 3537 1484 27747 829 26 29 16937 17661 99610 189 11119 160 46 260958 9070 13 109 8 93454 5849 10630 943
internal_value=2.42489e-11 -0.00262655 0.000999325 0.0118072 0.00964167 0.0101845 0.0354058 0.105688 -0.00613307 -0.00523471 0.00415395 0.0668701 0.00158501 0.276051 0.000907545 -0.0214738 0.00847476 -0.00207532 0.0111516 -0.0941915 -0.212083 0.00153757 0.020684 0.0290966 0.190359 0.654164 0.000995717 0.0280356 0.019588 0.0620366
internal_weight=921424 753750 370568 167674 149010 148235 9411 1304 383182 361984 46997 2313 364505 63 44684 21198 138824 28095 110729 775 206 364442 10030 18664 122 34 354412 18542 12693 2063
internal_count=921424 753750 370568 167674 149010 148235 9411 1304 383182 361984 46997 2313 364505 63 44684 21198 138824 28095 110729 775 206 364442 10030 18664 122 34 354412 18542 12693 2063
is_linear=0
shrinkage=0.05


Tree=74
num_leaves=31
num_cat=0
split_feature=8 8 6 6 8 6 6 7 5 2 10 0 2 7 8 8 6 6 0 7 2 0 2 8 2 2 6 8 0 5
split_gain=10449.6 3107.69 3137.32 2618.57 2575.97 2982.41 2250.31 1984.04 1892.58 1699.49 4322.6 1856.04 2518.11 1696.68 1618.59 1501.34 3080.16 2484.29 1472.17 1438.23 1423.61 1391.22 1357.91 1303.56 1211.22 1098.06 1029.63 1470.11 974.536 927.66
threshold=9.6904761904761916 18.366666666666671 18.500000000000004 9.5000000000000018 2.9285714285714293 9.5000000000000018 18.500000000000004 1.5000000000000002 1.5000000000000002 0.38267978949462689 29.000000000000004 44.000000000000007 -0.9404343180211393 22.500000000000004 9.0625000000000018 14.464285714285717 14.500000000000002 14.500000000000002 26.000000000000004 19.500000000000004 -0.9914354235332985 32.500000000000007 -0.98518190603514266 25.535714285714288 -0.96759678964602525 -0.97222182374902033 2.5000000000000004 2.3541666666666674 21.500000000000004 1.0000000180025095e-35
decision_type=2 2 10 8 2 10 10 8 10 2 2 2 2 10 2 2 10 8 2 10 2 2 2 2 2 2 10 2 2 10
left_child=4 2 3 8 26 7 18 20 -2 11 23 12 -8 -12 28 16 -5 -17 -3 -4 21 -6 -13 -11 -10 -7 27 -1 -9 -22
right_child=1 6 19 15 5 25 9 14 24 10 13 22 -14 -15 -16 17 -18 -19 -20 -21 29 -23 -24 -25 -26 -27 -28 -29 -30 -31
leaf_value=-0.0072620446211358386 1.0220927143097105 0.042716455544965969 -0.034827953528649216 0.0050299490522326363 0.12649032138432412 -0.091292098860597082 -0.021318565747495417 -0.0019021150383698527 0.152217387973413 0.0073997917118735273 -0.0095493947196673753 0.27999374857501075 0.03110029169018895 -0.10345422365998308 0.022351715886896242 0.058037926560493239 -0.041593911617052566 0.011064925435951155 0.13687126098330699 -0.14104307399471866 0.29423959195952248 0.56533332325163344 0.072961234794223714 0.05287977575728197 0.04022861569457209 -0.025352625763836917 -0.021070822609689632 0.018575416365879373 0.0063221699834615985 0.027816423202226284
leaf_weight=222662 4.9999999999999991 1122 1396 159230 129 690 2639 368252 261 6264 837 85 17378 1131 7494 2989 3623 48294 659 413 33 21 1161 2105 3222 7429 13036 5645 39925 3294
leaf_count=222662 5 1122 1396 159230 129 690 2639 368252 261 6264 837 85 17378 1131 7494 2989 3623 48294 659 413 33 21 1161 2105 3222 7429 13036 5645 39925 3294
internal_value=1.06831e-12 0.00865915 0.00649699 0.00704208 -0.00327419 -0.000941685 0.0228723 -0.00036029 0.050016 0.0197903 0.00315997 0.0278751 0.0241895 -0.063516 -0.000674912 0.00634209 0.00399271 0.0138027 0.0775553 -0.0590772 0.0372524 0.187928 0.0870846 0.0188391 0.0486205 -0.0309565 -0.00740358 -0.0066232 -0.00109767 0.030459
internal_weight=921424 252814 219433 217624 668610 427267 33381 419148 3488 31600 10337 21263 20017 1968 415671 214136 162853 51283 1781 1809 3477 150 1246 8369 3483 8119 241343 228307 408177 3327
internal_count=921424 252814 219433 217624 668610 427267 33381 419148 3488 31600 10337 21263 20017 1968 415671 214136 162853 51283 1781 1809 3477 150 1246 8369 3483 8119 241343 228307 408177 3327
is_linear=0
shrinkage=0.05


Tree=75
num_leaves=31
num_cat=0
split_feature=8 0 2 1 3 7 7 7 2 0 10 2 5 1 2 0 2 0 2 0 10 8 7 0 1 0 0 8 8 8
split_gain=9537.31 4122.63 2543.43 2488.59 2486.24 5320.79 4398.13 2393.48 1848.7 1829.25 2363.13 3663.74 1821.24 3043.94 1812.05 4572.53 1640.97 2331.04 2650.22 1582.88 1472.52 1419.24 1302.71 1217.6 2230.05 1184.3 1105.3 1071.52 1012.92 1005.13
threshold=6.3809523809523823 27.500000000000004 -0.96591663137137795 -0.25881658133175128 1.0000000180025095e-35 6.5000000000000009 15.500000000000002 6.5000000000000009 -0.82039949111557775 17.500000000000004 29.550000000000001 0.38267978949462689 1.0000000180025095e-35 -0.38267978949462739 -0.98821097822247983 31.500000000000004 0.043619387365335889 40.500000000000007 -0.91517207274776624 15.500000000000002 17.300000000000001 17.380952380952383 5.5000000000000009 44.000000000000007 -0.84221522938863902 20.500000000000004 22.500000000000004 28.071428571428573 1.7738095238095239 0.46428571428571436
decision_type=2 2 2 2 2 10 10 10 2 2 2 2 8 2 2 2 2 2 2 2 2 2 10 2 2 2 2 2 2 2
left_child=7 2 4 -4 -2 25 -7 9 -9 28 14 -12 13 21 15 -11 17 22 -19 -5 -21 -3 -14 27 -25 -6 -13 -18 -1 -16
right_child=1 12 3 19 5 6 -8 8 -10 10 11 26 16 -15 29 -17 23 18 -20 20 -22 -23 -24 24 -26 -27 -28 -29 -30 -31
leaf_value=-0.010473520061658807 0.0017809142385931784 1.5866552670796708 0.0004127146122476714 0.004542856730817166 0.064809661057586093 -0.02217916973753143 -0.1145998299239315 -0.064287565043112796 -0.016626157381473657 0.011259270119042993 -0.0039011381087731196 0.032212400038884426 0.12528294081805472 -0.08330295582612357 -0.01239489502013838 0.16420321786263337 0.0097493684033497785 0.170601954369515 0.047953289460086201 -0.010665039651899003 0.01475251249425192 0.44605418205261227 0.023573666109096045 0.088418207793466513 -0.061601354915192474 0.20687933894475941 0.076326455176541311 0.049355275784272311 -0.0044191780638690205 -0.0012359770606472399
leaf_weight=100587 21543 6.0000000000000018 148639 104487 418 11408 1451 2516 10633 7449 9193 6231 322 11.999999999999998 24557 523 12151 599 1664 6052 97462 5 14123 310 1233 226 1839 1987 220585 113213
leaf_count=100587 21543 6 148639 104487 418 11408 1451 2516 10633 7449 9193 6231 322 12 24557 523 12151 599 1664 6052 97462 5 14123 310 1233 226 1839 1987 220585 113213
internal_value=1.24269e-11 0.00550859 0.00409049 0.00535352 -0.00876257 -0.0255839 -0.0326078 -0.00469749 -0.0257459 -0.00412587 0.000188063 0.0176804 0.0226458 0.467416 -0.00188389 0.0212931 0.02233 0.033233 0.0804175 0.00888426 0.0132665 1.0682 0.0258409 0.0107129 -0.0314613 0.114666 0.0422652 0.0153157 -0.00631532 -0.00322501
internal_weight=921424 424098 391686 356640 35046 13503 12859 497326 13149 484177 163005 17263 32412 23 145742 7972 32389 16708 2263 208001 103514 11 14445 15681 1543 644 8070 14138 321172 137770
internal_count=921424 424098 391686 356640 35046 13503 12859 497326 13149 484177 163005 17263 32412 23 145742 7972 32389 16708 2263 208001 103514 11 14445 15681 1543 644 8070 14138 321172 137770
is_linear=0
shrinkage=0.05


Tree=76
num_leaves=31
num_cat=0
split_feature=8 8 7 2 0 2 7 2 0 3 0 2 8 6 7 7 3 10 2 2 7 8 2 0 6 6 2 1 9 0
split_gain=8867.62 3341.41 3250.14 2833.7 2497.62 2293.84 1975.08 2780.4 2716.3 2265.47 1968.54 2528.88 1835.07 2787.43 2130.53 1833.03 1817.06 1756.26 1852.72 1612.2 1519 1493.71 1417.39 1402.4 1139.83 1124.93 1081.66 3449.8 1576.65 1313.23
threshold=12.928571428571431 3.9285714285714293 12.500000000000002 -0.90538146624550886 51.500000000000007 -0.87659322597609213 12.500000000000002 -0.88599923532063174 27.500000000000004 1.0000000180025095e-35 21.500000000000004 -0.95990363414299973 20.773809523809529 20.500000000000004 22.500000000000004 3.5000000000000004 1.0000000180025095e-35 29.250000000000004 0.52053679269617514 0.62582814100751694 6.5000000000000009 3.0625000000000004 -0.69140773499445485 18.500000000000004 3.5000000000000004 1.0000000180025095e-35 0.46368156678007261 -0.46174861323503386 0.39791423617225324 44.000000000000007
decision_type=2 2 10 2 2 2 10 2 2 2 2 2 2 10 10 10 2 2 2 2 10 2 2 2 10 8 2 2 2 2
left_child=1 15 4 16 10 20 7 8 -2 -10 19 -12 13 -8 -15 21 -4 -5 -19 -3 -6 -1 -17 -18 -23 -9 29 28 -28 -14
right_child=6 2 3 17 5 -7 12 25 9 -11 11 -13 26 14 -16 22 23 18 -20 -21 -22 24 -24 -25 -26 -27 27 -29 -30 -31
leaf_value=-0.0057266223391276459 0.070378216524334208 -0.0017130171399383849 -0.022799521470272852 -0.0033488272636878328 0.370692694435517 -0.043006526895107762 0.0089536152063089958 0.65802588718278077 0.0053423320508149807 0.3619550806103331 0.044457898157786335 0.0069552615984040805 0.027280540794142296 -0.029269613174369376 -0.17479468155134884 -0.044025050333112874 -0.030309505726559206 -0.003441479576370159 -0.10357943852455687 0.0053108275636922133 1.0969378842247857 0.024860487898558138 -0.013178800533799702 -0.13752752677196531 -0.0071770744813550065 0.023829961389280025 -0.088141438976548289 0.032214888623018405 0.0051639456654811516 0.083334099348831417
leaf_weight=280143 838 302728 1150 9223 36 31 102503 6.9999999999999991 61 165 5019 43068 13163 1642 297 4841 429 869 986 111895 8.9999999999999982 7194 16142 1055 4521 6342 1103 4061 768 1135
leaf_count=280143 838 302728 1150 9223 36 31 102503 7 61 165 5019 43068 13163 1642 297 4841 429 869 986 111895 9 7194 16142 1055 4521 6342 1103 4061 768 1135
internal_value=-3.1534e-12 -0.0020065 0.000629435 -0.0233606 0.00134024 0.28795 0.0119908 0.0370648 0.111866 0.265701 0.00129316 0.0108695 0.0104999 0.00783016 -0.0515599 -0.00602137 -0.0699749 -0.0122771 -0.0566684 0.00018252 0.515942 -0.00499515 -0.0202954 -0.106533 0.0124967 0.0245292 0.0242832 0.00633354 -0.0498418 0.0317302
internal_weight=921424 789339 476498 13712 462786 76 132085 7413 1064 226 462710 48087 124672 104442 1939 312841 2634 11078 1855 414623 45 291858 20983 1484 11715 6349 20230 5932 1871 14298
internal_count=921424 789339 476498 13712 462786 76 132085 7413 1064 226 462710 48087 124672 104442 1939 312841 2634 11078 1855 414623 45 291858 20983 1484 11715 6349 20230 5932 1871 14298
is_linear=0
shrinkage=0.05


Tree=77
num_leaves=31
num_cat=0
split_feature=8 8 6 6 8 7 6 1 10 0 6 7 2 10 2 0 8 2 8 2 6 0 2 2 8 6 6 9 0 6
split_gain=8188.79 2281.09 2707.56 2085.92 2279.55 2792.25 2060.88 1951.31 2412.41 1928.15 1906.81 1654.31 1466.81 4509.6 1538.71 1350.29 1348.07 1285.84 1196.27 1184.14 1028.7 960.214 1139.95 908.892 900.672 1892.45 1741.68 887.738 877.82 863.668
threshold=10.690476190476192 3.9285714285714293 10.500000000000002 10.500000000000002 18.071428571428573 18.500000000000004 18.500000000000004 -0.95925213728851977 29.250000000000004 51.500000000000007 3.5000000000000004 3.5000000000000004 0.46368156678007261 29.550000000000001 -0.92387073784400886 26.000000000000004 3.0625000000000004 -0.88599923532063174 10.062500000000002 -0.9404343180211393 3.5000000000000004 14.500000000000002 -0.98101942973744338 -0.96591663137137795 14.071428571428573 14.500000000000002 14.500000000000002 0.39764873941007001 51.500000000000007 3.5000000000000004
decision_type=2 2 10 8 2 10 10 2 2 2 8 10 2 2 2 2 2 2 2 2 10 2 2 2 2 10 8 2 2 10
left_child=1 11 10 9 5 24 15 -7 -9 19 23 16 14 -14 -8 -6 21 -13 28 -2 -18 -1 -23 -3 25 -5 -26 -17 -12 -19
right_child=3 2 -4 4 6 7 12 8 -10 -11 18 17 13 -15 -16 27 20 29 -20 -21 -22 22 -24 -25 26 -27 -28 -29 -30 -31
leaf_value=-0.0093804136924832675 0.14342817434831998 0.13015133235195422 -0.029610432441326651 0.0049382131441076636 0.037540960430074599 0.085590243691523737 -0.0073911208104604125 -0.034944121208204573 -0.16615835630637088 0.94523335297902433 -0.0001808458683496 -0.047662310889169855 0.014080114953507956 -0.082522629610360027 0.028705259220321761 0.1925074242782302 0.023617463495039202 -0.0052390761616337858 0.0209370792309681 0.037879120112300546 -0.0068182206948648183 0.012617173907691934 -0.0042595357880120099 0.031082189562661833 0.037846660477423882 -0.044862210716062875 0.0088196036900610921 0.080678138667439794 0.18081681387526777 -0.028051643854982281
leaf_weight=99634 294 251 7593 107840 1990 272 3492 2307 413 5.9999999999999991 386751 3353 8161 1418 19105 246 7194 10950 6845 2763 4521 10632 169877 2982 5800 1942 47408 637 67 6680
leaf_count=99634 294 251 7593 107840 1990 272 3492 2307 413 6 386751 3353 8161 1418 19105 246 7194 10950 6845 2763 4521 10632 169877 2982 5800 1942 47408 637 67 6680
internal_value=3.59789e-13 -0.00251423 -3.45874e-05 0.00883679 0.00821284 0.0057662 0.0197994 -0.0420986 -0.0548675 0.0497876 0.000531227 -0.0057203 0.0161765 -0.000220197 0.0231271 0.0603743 -0.00474539 -0.0192806 0.000217157 0.0480301 0.0118719 -0.00544029 -0.0032655 0.0387736 0.00664485 0.00405726 0.0119837 0.111833 -0.000149496 -0.0138827
internal_weight=921424 717330 404489 204094 201031 165982 35049 2992 2720 3063 396896 312841 32176 9579 22597 2873 291858 20983 393663 3057 11715 280143 180509 3233 162990 109782 53208 883 386818 17630
internal_count=921424 717330 404489 204094 201031 165982 35049 2992 2720 3063 396896 312841 32176 9579 22597 2873 291858 20983 393663 3057 11715 280143 180509 3233 162990 109782 53208 883 386818 17630
is_linear=0
shrinkage=0.05


Tree=78
num_leaves=31
num_cat=0
split_feature=8 8 6 7 2 6 0 2 3 0 10 2 9 7 0 9 8 2 3 0 4 10 2 8 7 9 2 0 3 8
split_gain=7459.38 2552.7 3264.7 2228.65 2996.29 2188.4 2131.37 4244.61 4000.2 3870.48 2795.78 3145.49 2219.87 1963.76 1982.63 2053.8 1521.9 1509.44 4276.26 8857.77 1947.78 1670.98 5408.1 1822.25 1196.06 1204.38 1088.93 1033.73 1054.09 980.818
threshold=8.7321428571428594 16.183333333333337 16.500000000000004 8.5000000000000018 -0.9474464830022985 8.5000000000000018 19.500000000000004 -0.90538146624550886 1.0000000180025095e-35 31.500000000000004 29.550000000000001 0.33996843066449761 0.41139506112120555 16.500000000000004 26.000000000000004 0.39688767247340251 2.9285714285714293 -0.92387073784400886 1.0000000180025095e-35 39.500000000000007 -0.56174490092936669 29.550000000000001 0.52053679269617514 40.619047619047628 26.500000000000004 0.39570858461769415 -0.38267978949462711 27.500000000000004 1.0000000180025095e-35 13.309523809523812
decision_type=2 2 10 10 2 8 2 2 2 2 2 2 2 10 2 2 2 2 2 2 2 2 2 2 10 2 2 2 2 2
left_child=3 2 5 6 -5 27 16 8 12 -10 -9 -12 -8 14 -3 -16 -1 18 20 -20 -15 23 -23 -19 25 -6 -17 -2 -29 -7
right_child=1 13 -4 4 24 29 7 10 9 -11 11 -13 -14 17 15 26 -18 21 19 -21 -22 22 -24 -25 -26 -27 -28 28 -30 -31
leaf_value=-0.0071552151341665359 0.036021379857774816 0.025050885840755051 -0.059524147538790734 -0.076546848994958616 -0.040422082353520843 0.002472383294256177 0.080061203711746631 -0.0032603445286218755 0.050454409799582406 0.18180315935981425 -0.0045490964532205148 0.06288067717284157 -0.00015257920092246477 -0.049750167550009883 0.17740991977606668 0.12310726990621808 -0.0016253117875105489 0.018794541597271005 -0.1074076230886345 0.2353179506427869 0.036501597506759416 0.023103399348823911 -0.086527297118885571 0.14191941130574387 0.76011871874332426 -0.0058885807181435395 0.024818447486885855 0.069282098573859072 0.26411990297239013 0.0099452387778041912
leaf_weight=206961 2971 4791 1990 2124 3219 186812 991 62166 3799 658 3353 3572 6653 823 463 407 311970 36545 1770 211 3198 3707 1615 303 4.9999999999999991 11707 916 222 101 57401
leaf_count=206961 2971 4791 1990 2124 3219 186812 991 62166 3799 658 3353 3572 6653 823 463 407 311970 36545 1770 211 3198 3707 1615 303 5 11707 916 222 101 57401
internal_value=-2.26745e-12 0.00640744 0.00426202 -0.00315863 -0.0209816 0.00477487 -0.00265212 0.00488105 0.032198 0.0698458 9.65984e-05 0.030232 0.0102467 0.0161844 0.0418121 0.0867744 -0.00383076 0.0126854 -0.010775 -0.0709033 0.018848 0.0160244 -0.0101648 0.019807 -0.0130772 -0.0133362 0.0550554 0.0452569 0.130207 0.00422884
internal_weight=921424 304246 249497 617178 17055 247507 600123 81192 12101 4457 69091 6925 7644 54749 6577 1786 518931 48172 6002 1981 4021 42170 5322 36848 14931 14926 1323 3294 323 244213
internal_count=921424 304246 249497 617178 17055 247507 600123 81192 12101 4457 69091 6925 7644 54749 6577 1786 518931 48172 6002 1981 4021 42170 5322 36848 14931 14926 1323 3294 323 244213
is_linear=0
shrinkage=0.05


Tree=79
num_leaves=31
num_cat=0
split_feature=8 0 6 2 7 3 7 1 5 1 3 8 0 7 3 2 0 8 0 10 2 2 7 2 2 7 8 7 5 2
split_gain=6807.38 3018.54 2248.26 2119.74 2467.96 2559.12 4241.53 2420.22 1905.8 2406.24 1733.65 1510.56 1491.25 1471.07 3311.52 1933.82 1410.03 1269.82 1179.98 2026.54 2841.11 1130.97 1040.78 967.843 804.476 2238.91 1708.79 739.137 780.528 685.323
threshold=6.7321428571428585 27.500000000000004 6.5000000000000009 -0.90538146624550886 6.5000000000000009 1.0000000180025095e-35 15.500000000000002 -0.25881658133175128 1.0000000180025095e-35 -0.38267978949462739 1.0000000180025095e-35 6.0625000000000009 18.500000000000004 6.5000000000000009 1.0000000180025095e-35 -0.93894197835419624 21.500000000000004 17.380952380952383 17.500000000000004 29.550000000000001 0.33996843066449761 -0.9914354235332985 47.500000000000007 0.043619387365335889 0.17364817766693066 16.500000000000004 15.071428571428573 6.5000000000000009 6.5000000000000009 -0.87659322597609213
decision_type=2 2 10 2 10 2 10 2 8 2 2 2 2 8 2 2 2 2 2 2 2 2 10 2 2 10 2 8 10 2
left_child=2 3 11 4 10 -6 -7 24 9 17 -2 18 -9 14 -10 -16 -12 -3 -1 21 -21 -20 23 -15 26 -26 -5 28 -13 -4
right_child=1 8 29 7 5 6 -8 12 13 -11 16 27 -14 22 15 -17 -18 -19 19 20 -22 -23 -24 -25 25 -27 -28 -29 -30 -31
leaf_value=-0.0055630058358686514 -0.0067947462124348552 1.4904126326243077 -0.057860460795046198 0.0004935295292244242 0.0012930626519322447 -0.012619429150616708 -0.083113005308156546 0.0049680485870052639 0.0061911265630776192 -0.13965078294277192 0.057955133219337374 0.045897968476944155 0.01389804951999475 0.025415244847104564 0.34209466597346738 0.10995300399809488 0.19548884723834428 0.41152317047119136 0.017339717577575998 -0.0044746699757512364 0.036008102878315594 -0.0032357559915965855 0.19201892565278447 0.0076637884640773342 -0.001441118202870858 -0.036169655546973621 0.023493978768596741 -0.00090822007235687001 0.009153410401713585 -0.021688131444959152
leaf_weight=321724 552 6.0000000000000018 1545 61059 35725 18682 2409 112823 613 7.9999999999999991 509 2888 79830 15852 139 253 294 5 7011 8650 8686 140900 85 14892 56655 5055 9306 3787 2893 8588
leaf_count=321724 552 6 1545 61059 35725 18682 2409 112823 613 8 509 2888 79830 15852 139 253 294 5 7011 8650 8686 140900 85 14892 56655 5055 9306 3787 2893 8588
internal_value=1.34663e-12 0.00475006 -0.00388831 0.00351977 -0.00526996 -0.0068604 -0.0206712 0.00509435 0.0195391 0.520152 0.0614186 -0.00341251 0.00866839 0.0192404 0.0787706 0.192269 0.10831 1.00001 -0.00379908 -0.00036484 0.0158087 -0.00226048 0.0172997 0.0168167 -0.000118984 -0.00428592 0.00353541 0.016262 0.0275098 -0.0272034
internal_weight=921424 414752 506672 382899 58171 56816 21091 324728 31853 19 1355 496539 192653 31834 1005 392 803 11 486971 165247 17336 147911 30829 30744 132075 61710 70365 9568 5781 10133
internal_count=921424 414752 506672 382899 58171 56816 21091 324728 31853 19 1355 496539 192653 31834 1005 392 803 11 486971 165247 17336 147911 30829 30744 132075 61710 70365 9568 5781 10133
is_linear=0
shrinkage=0.05


Tree=80
num_leaves=31
num_cat=0
split_feature=8 7 0 3 2 0 8 6 8 7 3 7 6 7 9 0 8 0 1 0 2 2 1 1 1 10 7 5 2 2
split_gain=6274.6 2346.25 2446.54 3294.42 3506.26 2333.83 1977.73 2997.78 1974.18 2226.78 2207.48 1896.11 1555.34 1388.34 1472.46 1695.85 1365.34 1298.87 1636.05 1291.23 1828.37 1284.19 1231.31 1207.64 1158.15 1102.01 1044.56 1016.91 991.053 980.638
threshold=11.062500000000002 11.500000000000002 21.500000000000004 1.0000000180025095e-35 -0.93186591997002521 37.000000000000007 19.690476190476193 19.500000000000004 4.8452380952380958 11.500000000000002 1.0000000180025095e-35 4.5000000000000009 4.5000000000000009 19.500000000000004 0.39914592067938021 27.500000000000004 11.866071428571431 17.500000000000004 0.67397850752516431 51.500000000000007 -0.87659322597609213 -0.89673614347005204 0.49999524036036719 -0.53729960834682411 -0.86601715984676897 31.600000000000005 47.500000000000007 35.500000000000007 0.64111330583356219 -0.99894830403340407
decision_type=2 8 2 2 2 2 2 10 2 10 2 10 8 10 2 2 2 2 2 2 2 2 2 2 2 2 10 10 2 2
left_child=8 2 23 -4 5 -5 7 16 11 12 -11 17 29 14 15 -8 -3 -1 25 28 -21 -13 26 -2 -12 -19 -15 -24 -14 -10
right_child=1 6 3 4 -6 -7 13 -9 9 10 24 21 19 22 -16 -17 -18 18 -20 20 -22 -23 27 -25 -26 -27 -28 -29 -30 -31
leaf_value=-0.0058382195362298326 -0.0089664672930783226 -0.01619774588519193 0.023669491764980385 0.1873818074069441 0.069986106041244375 0.52430029440734349 0.054108878055687065 -0.058682385382026095 0.21409297632305205 -0.0030271048419294251 0.022925053206732337 -0.049285970218265862 -0.00074876732985117362 0.0066359621652061097 0.027611365828475717 0.20452149738000372 0.0064492034514006327 0.002871971782451228 -0.008445444045431301 0.52747201066878113 -0.1344731041613747 -0.014119128477990701 0.029908232259030477 0.02719706792984046 -0.067240730990318312 0.027574931207270604 0.18241797755746281 0.1659278425361429 0.005264402351302655 0.030170941959172939
leaf_weight=238975 3622 7018 2667 399 1305 59 486 1857 74 4596 405 3066 258806 14760 1481 305 128736 81333 36035 27 17 16934 7427 6366 2952 4780 85 140 93197 3514
leaf_count=238975 3622 7018 2667 399 1305 59 486 1857 74 4596 405 3066 258806 14760 1481 305 128736 81333 36035 27 17 16934 7427 6366 2952 4780 85 140 93197 3514
internal_value=4.04683e-13 0.00847019 0.0277998 0.0587263 0.111759 0.230784 0.00675298 0.00441531 -0.0020099 0.000625812 -0.0255404 -0.00452434 0.00121096 0.0197852 0.0570283 0.112106 0.00527844 -0.00369438 0.000499907 0.000877146 0.27172 -0.0195102 0.0160098 0.0140829 -0.0563628 0.0042432 0.00764246 0.0324248 0.000843291 0.0339642
internal_weight=921424 176713 14418 4430 1763 458 162295 137611 744711 363588 7953 381123 355635 24684 2272 791 135754 361123 122148 352047 44 20000 22412 9988 3357 86113 14845 7567 352003 3588
internal_count=921424 176713 14418 4430 1763 458 162295 137611 744711 363588 7953 381123 355635 24684 2272 791 135754 361123 122148 352047 44 20000 22412 9988 3357 86113 14845 7567 352003 3588
is_linear=0
shrinkage=0.05


Tree=81
num_leaves=31
num_cat=0
split_feature=8 8 6 7 7 2 0 0 2 3 0 10 2 9 7 3 2 2 2 3 0 4 2 10 9 8 7 2 0 1
split_gain=5716.21 2327.47 3189.22 2023.24 2009.25 2167.36 1905.56 1595.27 3585.72 3543.78 3426.27 2360.36 2709.02 1936.02 1586.23 3295.48 3071.63 1364.64 1303.43 4251.6 8534.11 2217.72 1424.84 4266.84 1279.14 1202.3 1309.19 1099.17 2578.77 1150.15
threshold=7.9285714285714297 15.380952380952383 15.500000000000002 15.500000000000002 7.5000000000000009 -0.88599923532063174 22.500000000000004 19.500000000000004 -0.90538146624550886 1.0000000180025095e-35 31.500000000000004 29.550000000000001 0.38267978949462689 0.41139506112120555 7.5000000000000009 1.0000000180025095e-35 -0.95436844760270667 -0.64445579466475167 -0.9404343180211393 1.0000000180025095e-35 39.500000000000007 -0.56174490092936669 0.25881658133175089 29.550000000000001 0.40177530397367139 1.0000000180025095e-35 1.0000000180025095e-35 -0.81915204428899169 51.500000000000007 -0.25881658133175128
decision_type=2 2 10 10 10 2 2 2 2 2 2 2 2 2 8 2 2 2 2 2 2 2 2 2 2 2 8 2 2 2
left_child=4 2 14 6 7 -6 -3 25 9 13 -11 -10 -13 -9 15 -2 -17 -8 19 21 -21 -5 24 -24 -20 -1 -27 28 -16 -29
right_child=1 3 -4 18 5 -7 17 8 11 10 -12 12 -14 -15 27 16 -18 -19 22 20 -22 -23 23 -25 -26 26 -28 29 -30 -31
leaf_value=-0.010885582065770564 -0.0010881614228956571 0.012645911981392158 -0.052093085356708119 -0.055680217025756165 -0.055088517658558669 -0.011198245258373742 0.11765963779823126 0.077770947822590641 -0.003551176548159553 0.048345756433656691 0.17636470735674445 -0.0021235165749374321 0.063118295898996687 -0.0014977444691835233 -0.0034413018739135361 0.1695412847058729 0.041136298683347533 0.046450629163182995 0.036212664327418743 -0.10259508336527963 0.24581709901619819 0.036037182161333135 0.012531859757934688 -0.04958815207721947 0.01361235069849934 0.013194614720167414 -0.0032194228889821548 -4.9306846176846987e-05 0.72960375448067982 0.0074022106154447336
leaf_weight=50650 5522 3376 2598 821 3411 16038 920 885 56436 3449 616 3388 3000 5942 57390 541 3348 2504 8663 1869 194 3342 18368 3254 22578 12517 412269 85001 11.999999999999998 132522
leaf_count=50650 5522 3376 2598 821 3411 16038 920 885 56436 3449 616 3388 3000 5942 57390 541 3348 2504 8663 1869 194 3342 18368 3254 22578 12517 412269 85001 12 132522
internal_value=1.95912e-11 0.00499942 0.0030534 0.013474 -0.0031022 -0.0188958 0.0393017 -0.00254284 0.00430109 0.0307852 0.0677454 -0.000290554 0.028516 0.00877804 0.00355727 0.0237421 0.0589988 0.0655839 0.0105017 -0.011137 -0.0698312 0.0179493 0.0130502 0.00318312 0.0198793 -0.00360399 -0.00273576 0.00286632 -0.00328806 0.0044904
internal_weight=921424 352823 286934 65889 568601 19449 6800 549152 73716 10892 4065 62824 6388 6827 284336 9411 3889 3424 59089 6226 2063 4163 52863 21622 31241 475436 424786 274925 57402 217523
internal_count=921424 352823 286934 65889 568601 19449 6800 549152 73716 10892 4065 62824 6388 6827 284336 9411 3889 3424 59089 6226 2063 4163 52863 21622 31241 475436 424786 274925 57402 217523
is_linear=0
shrinkage=0.05


Tree=82
num_leaves=31
num_cat=0
split_feature=8 6 8 6 6 6 0 10 2 7 0 8 7 5 0 8 7 3 6 8 6 2 0 2 6 5 7 1 7 1
split_gain=5276.12 2788.49 2615.57 2266.81 2141.55 1966.2 1265.45 1237.49 4778.04 2269.69 1885.45 1773.77 2164.87 1688.3 4629.22 1351.97 1211.29 1413.27 1199.92 1104.02 3814.6 1038.81 974.329 2341.66 887.986 1245.08 711.917 660.636 657.269 626.625
threshold=13.183333333333335 13.500000000000002 6.2083333333333348 6.5000000000000009 13.500000000000002 6.5000000000000009 21.500000000000004 29.550000000000001 0.46368156678007261 17.500000000000004 30.000000000000004 31.845238095238098 35.500000000000007 46.500000000000007 47.500000000000007 17.071428571428573 13.500000000000002 1.0000000180025095e-35 32.500000000000007 0.46428571428571436 1.0000000180025095e-35 0.64111330583356219 21.500000000000004 -0.95436844760270667 1.0000000180025095e-35 9.5000000000000018 46.500000000000007 0.33996843066449811 11.500000000000002 0.49999524036036719
decision_type=2 10 2 8 10 10 2 2 2 10 2 2 10 10 2 2 10 2 10 2 8 2 2 2 8 8 10 2 10 2
left_child=1 2 5 22 6 19 -2 11 13 10 -10 12 18 -9 -15 -11 21 -18 -6 27 -21 -5 -4 -24 25 -8 29 -1 -3 -13
right_child=4 28 3 16 7 -7 24 8 9 15 -12 26 -14 14 -16 -17 17 -19 -20 20 -22 -23 23 -25 -26 -27 -28 -29 -30 -31
leaf_value=-0.0047250110374107458 0.023000709376913942 -0.0082966289077286079 0.016571482004473378 0.00022399578867759938 0.0093292690249354993 -0.040386280941441019 1.0976125335693363 0.020009998858721421 -0.029502103706082028 -0.19409260380547494 0.14741119190598981 0.028799092471649263 -0.39586422091180629 -1.5868739207585658 0.20609529813130695 -0.07409598799793489 0.00027813621843218224 -0.049144086017518962 -0.19925231419881617 0.033413975285476974 -0.0029134999309181077 0.006961359381465357 0.17985791235763049 0.034294340882308719 0.069371655594538631 0.14602783159776164 0.17937724694896204 -0.014538610747667671 -0.063692271121310026 0.083380080642500479
leaf_weight=38626 3849 707 7662 215981 96661 3589 4.9999999999999973 6155 1726 275 165 1687 33 5.9999999999999973 9 1603 3383 2527 69 7355 413095 77830 315 2248 1934 11 104 30843 2207 764
leaf_count=38626 3849 707 7662 215981 96661 3589 5 6155 1726 275 165 1687 33 6 9 1603 3383 2527 69 7355 413095 77830 315 2248 1934 11 104 30843 2207 764
internal_value=-7.19252e-12 -0.00142918 -0.0012521 0.00234768 0.0100163 -0.00351293 0.0396256 0.00844479 -0.00837649 -0.0527326 -0.0140655 0.0101281 0.00904235 0.0187188 -0.511092 -0.0916674 0.0015579 -0.0208538 0.00918048 -0.00324281 -0.00227802 0.00200871 0.0254983 0.0521845 0.0724406 0.443398 0.0512492 -0.00908207 -0.0502521 0.0458125
internal_weight=921424 806368 803454 309946 115056 493508 5799 109257 9939 3769 1891 99318 96763 6170 15 1878 299721 5910 96730 489919 420450 293811 10225 2563 1950 16 2555 69469 2914 2451
internal_count=921424 806368 803454 309946 115056 493508 5799 109257 9939 3769 1891 99318 96763 6170 15 1878 299721 5910 96730 489919 420450 293811 10225 2563 1950 16 2555 69469 2914 2451
is_linear=0
shrinkage=0.05


Tree=83
num_leaves=31
num_cat=0
split_feature=8 6 6 8 6 8 6 6 6 0 8 7 10 0 2 9 8 7 5 1 0 5 0 2 0 2 2 0 7 8
split_gain=4877.11 2145.33 2053.72 1695.73 2015.39 1653.29 2578.57 1825.3 1617.96 1199.73 1051.23 1044.39 1407.3 976.721 1283.44 1007.29 941.23 932.542 1041.64 874.275 891.616 889.225 800.077 918.648 752.12 1833.95 1076.42 744.094 670.462 661.46
threshold=10.366666666666669 10.500000000000002 10.500000000000002 3.7321428571428577 3.5000000000000004 19.226190476190478 19.500000000000004 19.500000000000004 3.5000000000000004 51.500000000000007 3.3095238095238098 20.500000000000004 28.700000000000003 20.500000000000004 -0.95436844760270667 0.41263956161380622 15.071428571428573 6.5000000000000009 3.5000000000000004 0.55364818547156358 37.000000000000007 35.500000000000007 26.000000000000004 -0.81915204428899169 26.000000000000004 -0.85478166345418438 -0.64278760968653914 37.000000000000007 10.500000000000002 13.464285714285717
decision_type=2 10 8 2 8 2 10 10 10 2 2 10 2 2 2 2 2 10 10 2 2 10 2 2 2 2 2 2 8 2
left_child=1 3 9 8 17 6 11 22 10 13 27 16 -13 -2 15 -15 -4 18 -5 20 -9 -21 -7 -24 26 -26 -6 -1 -3 -16
right_child=2 28 5 4 24 7 -8 19 -10 -11 -12 12 -14 14 29 -17 -18 -19 -20 21 -22 -23 23 -25 25 -27 -28 -29 -30 -31
leaf_value=-0.0045161702938305986 0.021475239994694761 -0.01608704950381093 0.0029343106254620163 0.100789138633573 -0.004611995011100282 0.03702516284922399 -0.071313858049528472 0.0014633952209131282 -0.023993255807014443 0.6906274284635272 0.016729270765134193 -0.012792277437390635 -0.14761004555669499 0.25893229161717479 0.043891856611202366 0.00097080645187256438 0.011651498091628807 -0.02828162592334731 0.031270161844367927 0.025982868834979217 0.028036291792690338 0.15498314480132916 0.23742653468687991 0.083821445214446677 0.043817771421598761 0.0020910770282681671 0.001273777013094068 0.024758469856516207 -0.055300972145698069 0.18724909968235914
leaf_weight=289898 3852 2056 135577 655 109237 855 1125 12924 10334 6.9999999999999991 6068 824 253 139 1508 52 40132 514 3038 7535 4177 136 116 605 3302 13003 268910 2187 2320 85
leaf_count=289898 3852 2056 135577 655 109237 855 1125 12924 10334 7 6068 824 253 139 1508 52 40132 514 3038 7535 4177 136 116 605 3302 13003 268910 2187 2320 85
internal_value=-3.51682e-13 -0.00197577 0.00669742 -0.00175979 0.000394037 0.00587537 0.00414426 0.0175645 -0.00454319 0.036453 -0.00386905 0.00462444 -0.0444626 0.0356405 0.066226 0.188702 0.00492532 0.0348179 0.0436002 0.0142451 0.00795395 0.0282699 0.0697398 0.108535 2.68916e-05 0.0105413 -0.000426472 -0.00429698 -0.0368769 0.0515412
internal_weight=921424 711522 209902 707146 398659 204259 177911 26348 308487 5643 298153 176786 1077 5636 1784 191 175709 4207 3693 24772 17101 7671 1576 721 394452 16305 378147 292085 4376 1593
internal_count=921424 711522 209902 707146 398659 204259 177911 26348 308487 5643 298153 176786 1077 5636 1784 191 175709 4207 3693 24772 17101 7671 1576 721 394452 16305 378147 292085 4376 1593
is_linear=0
shrinkage=0.05


Tree=84
num_leaves=31
num_cat=0
split_feature=8 6 6 8 6 7 2 0 8 6 0 2 7 2 2 2 3 2 7 2 3 0 8 7 6 9 2 0 0 10
split_gain=4440.8 2460.86 2159.84 1727.72 2986.37 1427.55 1511.72 1659.51 1380.78 2440.89 1296.13 1336.86 1034.09 1048.58 1013.27 990.482 3224.74 1051.09 924.466 909.92 907.842 1168.05 878.859 930.217 846.506 802.39 770.593 1357.46 1047.73 717.848
threshold=9.3541666666666696 9.5000000000000018 9.5000000000000018 16.380952380952383 16.500000000000004 16.500000000000004 -0.64278760968653914 27.500000000000004 2.5857142857142863 2.5000000000000004 20.500000000000004 -0.9404343180211393 4.5000000000000009 -0.9404343180211393 -0.93186591997002521 -0.9404343180211393 1.0000000180025095e-35 0.17364817766693066 14.500000000000002 -0.98101942973744338 1.0000000180025095e-35 26.000000000000004 9.8660714285714306 9.5000000000000018 2.5000000000000004 0.38912061549843285 0.424593500821079 51.500000000000007 15.500000000000002 29.550000000000001
decision_type=2 8 10 2 10 10 2 2 2 8 2 2 10 2 2 2 2 2 10 2 2 2 2 10 10 2 2 2 2 2
left_child=2 10 8 4 22 6 7 -5 24 12 -2 20 13 -10 18 16 -7 -17 -6 -4 -12 -22 23 -3 29 -16 27 -11 -28 -1
right_child=1 3 19 5 14 15 -8 -9 9 26 11 -13 -14 -15 25 17 -18 -19 -20 -21 21 -23 -24 -25 -26 -27 28 -29 -30 -31
leaf_value=-0.0054995753745444818 0.021323507461122503 0.0087374314419335821 -0.11898384794302382 0.049325162981744802 0.084748349636793147 0.016603132339350939 0.021569405680774038 0.17295731665738462 0.11480811867610924 -0.0022807104840437522 0.059508784531437334 0.054650218266781452 -0.014568235065043034 0.034443534947960402 -0.17249345732596488 0.019277689469292543 -0.069743867537653076 0.0034692891616747617 -0.17365439906788824 -0.030393008734408162 0.1030290056132909 0.38718740338925273 0.0039653527121999016 -0.027960335217716244 -0.022694168609990614 -0.033255396180607147 -0.0010976639946387635 0.25078736029143606 0.0076520151702970454 0.0035567888429308262
leaf_weight=201458 4481 2819 311 1076 40 3344 4457 363 449 274892 94 1702 970 4228 109 23916 1598 18765 257 4261 66 80 189633 4457 6591 2039 88649 53 55719 24547
leaf_count=201458 4481 2819 311 1076 40 3344 4457 363 449 274892 94 1702 970 4228 109 23916 1598 18765 257 4261 66 80 189633 4457 6591 2039 88649 53 55719 24547
internal_value=1.30049e-11 0.00554682 -0.00217219 0.00477051 0.00262911 0.012747 0.0359553 0.0805124 -0.00193407 -0.000238979 0.0361099 0.0702283 0.0324145 0.0421587 -0.0522899 0.00987373 -0.0113172 0.0123274 -0.138853 -0.0364192 0.180703 0.258732 0.00331104 -0.0137422 -0.00503105 -0.040321 -0.000678733 -0.00223193 0.00227929 -0.00451594
internal_weight=921424 259296 662128 252873 199354 53519 5896 1439 657556 424960 6423 1942 5647 4677 2445 47623 4942 42681 297 4572 240 146 196909 7276 232596 2148 419313 274945 144368 226005
internal_count=921424 259296 662128 252873 199354 53519 5896 1439 657556 424960 6423 1942 5647 4677 2445 47623 4942 42681 297 4572 240 146 196909 7276 232596 2148 419313 274945 144368 226005
is_linear=0
shrinkage=0.05


Tree=85
num_leaves=31
num_cat=0
split_feature=8 0 7 2 3 7 0 1 2 7 5 1 0 10 2 2 0 3 8 7 2 6 8 7 0 10 4 8 7 8
split_gain=4087.92 2055.53 2049.81 1730.08 1889.58 3529.27 3090.99 1619.58 1605.08 1498.14 1483.39 2213.64 1222.19 1621.99 2839.61 1324.61 3699.79 1208.24 2315.54 2140.97 2102.78 1687.76 1169.66 1016.58 941.76 1181.73 782.748 1137.78 1072.1 724.659
threshold=6.6904761904761916 27.500000000000004 6.5000000000000009 -0.96591663137137795 1.0000000180025095e-35 15.500000000000002 20.500000000000004 -0.3007057995042734 -0.82039949111557775 21.500000000000004 1.0000000180025095e-35 -0.38267978949462739 17.500000000000004 29.550000000000001 0.40466461168876017 -0.9914354235332985 31.500000000000004 -1.0000000180025095e-35 40.619047619047628 6.5000000000000009 -0.95436844760270667 46.500000000000007 17.380952380952383 35.500000000000007 15.500000000000002 17.300000000000001 -0.56174490092936669 14.690476190476192 17.500000000000004 0.15476190476190479
decision_type=2 2 10 2 2 10 2 2 2 10 8 2 2 2 2 2 2 2 2 10 2 10 2 10 2 2 2 2 10 2
left_child=2 3 12 4 26 6 -6 -5 -4 -7 11 22 -1 15 -15 16 -14 18 23 20 -19 -21 -3 -12 -9 -26 28 -28 -2 -16
right_child=1 10 8 7 5 9 -8 24 -10 -11 17 -13 13 14 29 -17 -18 19 -20 21 -22 -23 -24 -25 25 -27 27 -29 -30 -31
leaf_value=-0.0042178483928299879 -0.0099515339874114567 1.3927999814351395 -0.051407038755804581 -0.00046793409034495459 -0.02222656901575552 -0.083346266522832391 0.064669621869303542 0.0031513954103590766 -0.012555514979413613 -0.29289702696950881 0.0047886036877996963 -0.13521994352340699 0.010717002565767632 -0.0023707368335587277 -0.017971814881438172 -0.0017010025600416251 0.15448577573367706 0.3074806551790486 0.18426555582960502 0.022298368621898341 0.06964125662202296 -0.26030381659291829 0.35733510017395015 -0.086452580270214158 -0.011672222022963872 0.011154336569674775 0.00017924580217290489 0.034595170062066402 -0.098045734328956441 0.042408630451209198
leaf_weight=322990 4116 6.0000000000000018 3297 139739 10577 1360 1133 105866 13725 91 14173 8.9999999999999982 6608 9806 534 140319 480 120 178 16690 412 53 5 312 6016 98560 13810 2907 377 7155
leaf_count=322990 4116 6 3297 139739 10577 1360 1133 105866 13725 91 14173 9 6608 9806 534 140319 480 120 178 16690 412 53 5 312 6016 98560 13810 2907 377 7155
internal_value=-6.51129e-12 0.0036668 -0.00302479 0.00265422 -0.00805052 -0.0229332 -0.0138189 0.00370491 -0.0200807 -0.0964883 0.0158513 0.446325 -0.00242973 0.00107262 0.0154667 -0.000635735 0.020453 0.0155817 0.00502591 0.0245414 0.123289 0.0214038 0.922134 0.00282331 0.00647578 0.00984118 0.00118434 0.006164 -0.0173434 0.0382152
internal_weight=921424 416510 504914 384552 34371 13161 11710 350181 17022 1451 31958 20 487892 164902 17495 147407 7088 31938 14663 17275 532 16743 11 14485 210442 104576 21210 16717 4493 7689
internal_count=921424 416510 504914 384552 34371 13161 11710 350181 17022 1451 31958 20 487892 164902 17495 147407 7088 31938 14663 17275 532 16743 11 14485 210442 104576 21210 16717 4493 7689
is_linear=0
shrinkage=0.05


Tree=86
num_leaves=31
num_cat=0
split_feature=8 7 7 6 8 7 3 7 3 2 2 2 0 0 0 1 10 8 6 1 0 7 0 2 0 0 8 7 0 7
split_gain=3767.94 2650.96 2268.32 2187.23 2182.81 2054.45 2033.72 1756.33 2844.2 2808.14 1438.26 1394.42 1303.97 1170.59 1145.88 1353.6 1044.17 1140.74 2769.32 907.852 931.577 785.045 783.802 782.568 1149.44 753.716 722.901 2420.47 1385.67 678.791
threshold=13.464285714285717 13.500000000000002 29.500000000000004 13.500000000000002 5.8660714285714297 5.5000000000000009 1.0000000180025095e-35 5.5000000000000009 1.0000000180025095e-35 -0.90538146624550886 -0.92387073784400886 -0.93186591997002521 19.500000000000004 30.000000000000004 17.500000000000004 0.62582814100751716 31.600000000000005 23.380952380952383 23.500000000000004 -0.84455963375842924 51.500000000000007 23.500000000000004 19.500000000000004 0.69140773499445529 51.500000000000007 15.500000000000002 40.619047619047628 42.500000000000007 47.500000000000007 18.500000000000004
decision_type=2 10 10 8 2 10 2 8 2 2 2 2 2 2 2 2 2 2 10 2 2 10 2 2 2 2 2 10 2 10
left_child=1 4 6 13 5 14 29 8 -6 -10 -8 -7 -12 -2 -1 -16 17 18 21 20 -18 -5 -21 24 -9 -25 27 -19 -28 -3
right_child=3 2 -4 16 7 11 10 23 9 -11 12 -13 -14 -15 15 -17 19 26 -20 22 -22 -23 -24 25 -26 -27 28 -29 -30 -31
leaf_value=-0.0043154849492529077 0.037750814766462665 -0.0048800524582278682 1.0366380721330644 0.0076000937721539255 1.3829320362362724e-05 -0.052893486729777707 -0.10919673149470761 8.5815948762781423e-05 0.13376844750243638 0.033081677509786488 -0.0071991570487978584 -0.013719621113226438 -0.073648762031192236 0.13362492167780249 0.0043749755339950484 -0.006081042673206194 -0.0022229194820880052 0.022504718237340918 -0.099471852580749323 -0.00097465688427871879 0.34072422504425054 -0.039323647471610462 -0.080329699993262754 0.0018970847454424164 0.25861792079238005 0.011793442399692877 -0.02621781763966595 -0.34100084757310867 0.15217397530666657 -0.11213010533124601
leaf_weight=282914 3164 5017 4.9999999999999991 92769 5788 2608 954 261249 875 3320 1562 17614 1400 354 100345 44759 1998 10269 613 486 20 900 865 49331 43 31541 175 46 288 152
leaf_count=282914 3164 5017 5 92769 5788 2608 954 261249 875 3320 1562 17614 1400 354 100345 44759 1998 10269 613 486 20 900 865 49331 43 31541 175 46 288 152
internal_value=1.10928e-11 -0.00118904 -0.0280386 0.00859781 -0.000884108 -0.00319849 -0.0286245 0.00206181 0.0227345 0.0540831 -0.0558036 -0.0187718 -0.0386068 0.0473982 -0.00246271 0.0011497 0.00733893 0.00821758 0.00645601 -0.0200611 0.00117596 0.00714924 -0.051783 0.00145866 0.000128362 0.00575678 0.0236271 0.0208837 0.0847473 -0.00803386
internal_weight=921424 809477 9090 111947 800387 448240 9085 352147 9983 4195 3916 20222 2962 3518 428018 145104 108429 105060 94282 3369 2018 93669 1351 342164 261292 80872 10778 10315 463 5169
internal_count=921424 809477 9090 111947 800387 448240 9085 352147 9983 4195 3916 20222 2962 3518 428018 145104 108429 105060 94282 3369 2018 93669 1351 342164 261292 80872 10778 10315 463 5169
is_linear=0
shrinkage=0.05


Tree=87
num_leaves=31
num_cat=0
split_feature=8 6 6 8 6 6 10 2 7 0 8 7 5 0 3 2 0 3 2 0 8 6 0 8 0 7 2 9 7 0
split_gain=3474.31 2237.97 1985.65 1540.42 2405.8 1995.46 1294.3 3474.55 2896.47 1686.29 1536.85 1935.53 1460.45 4092.58 1346.55 1233.41 1174.25 985.782 953.459 906.256 903.938 3429.8 869.386 794.844 1439.92 814.191 720.217 700.741 679.249 672.855
threshold=11.598214285714286 11.500000000000002 11.500000000000002 5.5357142857142865 5.5000000000000009 5.5000000000000009 29.550000000000001 0.46368156678007261 17.500000000000004 30.000000000000004 31.845238095238098 35.500000000000007 46.500000000000007 47.500000000000007 0.6078576107927941 -0.98821097822247983 20.500000000000004 -0.60785761079279388 -0.98821097822247983 31.500000000000004 0.46428571428571436 1.0000000180025095e-35 31.500000000000004 11.062500000000002 51.500000000000007 11.500000000000002 -0.9404343180211393 0.39481647128968428 46.500000000000007 22.500000000000004
decision_type=2 10 8 2 8 10 2 2 10 2 2 10 8 2 2 2 2 2 2 2 2 8 2 2 2 10 2 2 8 2
left_child=1 3 16 5 18 20 10 12 9 -9 11 15 29 -14 -10 -4 -2 -18 22 -19 -1 -22 -5 25 -25 -6 -3 -20 -12 -8
right_child=2 26 6 4 23 -7 7 8 14 -11 28 -13 13 -15 -16 -17 17 19 27 -21 21 -23 -24 24 -26 -27 -28 -29 -30 -31
leaf_value=-0.0079228830117772705 0.019650160757127635 -0.07688110620516668 -0.012116249870765776 0.083430246165746264 0.00092692430733090571 -0.030885482047872753 0.00037503830409438537 -0.021734554100935593 -0.036977539110020552 0.12000271829717997 0.039485933870243059 -0.37642510445562727 -1.4932921369870509 0.19255127774344549 -0.12221021161955375 0.0076641670359267298 0.023943409295658573 0.08882088962032858 0.064960192763569111 0.22276781535299583 0.032155152520334539 -0.0023952554324976187 0.31952894602798754 0.018863971590857911 0.86775111675262451 -0.017164154124494208 -0.02512771774168214 0.01960684821554954 0.15594045052191977 0.028401268736911612
leaf_weight=69469 1903 770 8355 292 291136 6371 5164 3558 766 223 2436 33 5.9999999999999973 9 1173 138886 495 723 1054 153 7331 355639 45 5551 4.9999999999999991 6355 5295 4437 132 3659
leaf_count=69469 1903 770 8355 292 291136 6371 5164 3558 766 223 2436 33 6 9 1173 138886 495 723 1054 153 7331 355639 45 5551 5 6355 5295 4437 132 3659
internal_value=-4.59818e-12 -0.00144808 0.00650961 -0.0012027 0.00150235 -0.00310677 0.00574176 -0.00849142 -0.0388546 -0.013375 0.0071246 0.00645594 0.0111598 -0.481786 -0.0885391 0.00654175 0.0450663 0.080345 0.0333226 0.112216 -0.00269752 -0.00169743 0.114957 0.000890408 0.0196279 0.000540463 -0.0316982 0.0283124 0.0454719 0.0119978
internal_weight=921424 753750 167674 747685 308875 438810 164400 14558 5720 3781 149842 147274 8838 15 1939 147241 3274 1371 5828 876 432439 362970 337 303047 5556 297491 6065 5491 2568 8823
internal_count=921424 753750 167674 747685 308875 438810 164400 14558 5720 3781 149842 147274 8838 15 1939 147241 3274 1371 5828 876 432439 362970 337 303047 5556 297491 6065 5491 2568 8823
is_linear=0
shrinkage=0.05


Tree=88
num_leaves=31
num_cat=0
split_feature=8 7 7 8 6 2 9 2 6 6 5 8 3 0 8 6 0 2 1 0 0 2 9 7 0 0 7 2 10 5
split_gain=3173.97 2453.32 2031.62 1937.37 1966.92 1770.68 1679.17 1663.15 1634.71 1556.31 1162.22 931.629 897.65 851.929 841.398 3074.05 835.854 1605.58 2599.29 1912.29 1289.35 1113.48 2813.9 4334.11 805.765 785.984 772.865 1129.68 771.766 720.876
threshold=13.845238095238097 13.500000000000002 29.500000000000004 6.2083333333333348 6.5000000000000009 -0.88801398733197889 0.3959568799366931 0.46368156678007261 6.5000000000000009 13.500000000000002 1.5000000000000002 6.7321428571428585 1.0000000180025095e-35 18.500000000000004 0.46428571428571436 1.0000000180025095e-35 37.000000000000007 0.64111330583356219 -0.42459350082107911 44.000000000000007 51.500000000000007 -0.9914354235332985 0.42148575258295012 18.500000000000004 19.500000000000004 51.500000000000007 10.500000000000002 -0.97676355679130589 31.600000000000005 13.500000000000002
decision_type=2 10 8 2 8 2 2 2 10 8 10 2 2 2 2 8 2 2 2 2 2 2 2 10 2 2 8 2 2 10
left_child=1 3 5 8 10 12 7 -7 14 -2 -5 -6 -3 -14 -1 -16 21 26 19 -19 -20 22 23 -11 -12 -13 27 -18 -23 -8
right_child=9 2 -4 4 11 6 29 -9 -10 16 24 25 13 -15 15 -17 17 18 20 -21 -22 28 -24 -25 -26 -27 -28 -29 -30 -31
leaf_value=-0.0075252907296535238 0.055753849320855899 -0.026540410996060283 0.98410164386034005 0.62648608982563025 -0.017041555295812326 0.0025833059121255051 0.003335016960540311 -0.089833043428102222 -0.036455799566624252 -0.015064959667999154 0.01401592953021205 0.0020184286798608708 -0.023712185614331402 -0.11464130263948993 0.030511222676953303 -0.0021546175106383456 0.64649182359377555 -0.030018278604522969 0.038524399787891545 -0.21281560381446113 -0.12478315911825691 0.0080579230769567082 0.028358197590533603 -0.16813257619257896 0.044423934813986203 0.17202781800673728 0.035004539190401224 0.10924141729285695 -0.018195122911955217 -0.036951832748518362
leaf_weight=69461 1687 942 4.9999999999999991 7.9999999999999991 6527 786 6256 1279 3555 1820 6918 292800 351 968 7330 412988 11.999999999999998 361 1233 237 134 90270 1807 620 3180 68 5529 53 2889 1350
leaf_count=69461 1687 942 5 8 6527 786 6256 1279 3555 1820 6918 292800 351 968 7330 412988 12 361 1233 237 134 90270 1807 620 3180 68 5529 53 2889 1350
internal_value=-2.7703e-12 -0.00106172 -0.0235623 -0.000727164 0.00237384 -0.0239846 -0.0146714 -0.0546567 -0.00267263 0.00811102 0.0240691 0.00164152 -0.0638199 -0.0904441 -0.00242742 -0.00158495 0.0073453 0.023362 -0.0155187 -0.102465 0.0225162 0.00610235 -0.0189351 -0.0539592 0.0235918 0.0020579 0.0370196 0.208426 0.00724378 -0.00381555
internal_weight=921424 814772 11937 802835 309501 11932 9671 2065 493334 106652 10106 299395 2261 1319 489779 420318 104965 7559 1965 598 1367 97406 4247 2440 10098 292868 5594 65 93159 7606
internal_count=921424 814772 11937 802835 309501 11932 9671 2065 493334 106652 10106 299395 2261 1319 489779 420318 104965 7559 1965 598 1367 97406 4247 2440 10098 292868 5594 65 93159 7606
is_linear=0
shrinkage=0.05


Tree=89
num_leaves=31
num_cat=0
split_feature=8 7 2 8 6 8 6 6 9 0 2 3 10 0 0 6 7 2 0 2 9 0 0 3 8 6 6 9 3 7
split_gain=2927.36 2130.06 2609.77 1408.13 1374.21 1345.03 2543.79 1726.81 1177.35 1105.26 3101.79 4567.56 1945.53 996.171 990.35 988.233 943.299 925.14 898.979 792.989 2488.94 927.047 751.244 698.106 659.399 2217.1 1674.74 588.534 577.602 679.611
threshold=8.8660714285714306 8.5000000000000018 -0.95990363414299973 8.071428571428573 8.5000000000000018 18.366666666666671 18.500000000000004 18.500000000000004 0.39549300731392245 21.500000000000004 -0.98101942973744338 1.0000000180025095e-35 29.550000000000001 44.000000000000007 26.000000000000004 8.5000000000000018 19.500000000000004 0.21643961393810271 15.500000000000002 0.38267978949462689 0.40788394466998051 44.000000000000007 27.500000000000004 1.0000000180025095e-35 15.071428571428573 15.500000000000002 15.500000000000002 0.39764873941007001 1.0000000180025095e-35 5.5000000000000009
decision_type=2 10 2 2 8 2 10 10 2 2 2 2 2 2 2 8 10 2 2 2 2 2 2 2 2 10 8 2 2 10
left_child=1 3 23 9 22 6 24 14 13 17 11 -11 -12 -4 -7 -5 -8 -1 -19 21 -21 -9 -2 -3 25 -6 -26 -16 -24 -30
right_child=4 2 8 15 5 7 16 19 -10 10 12 -13 -14 -15 27 -17 -18 18 -20 20 -22 -23 28 -25 26 -27 -28 -29 29 -31
leaf_value=-0.0042608268309545635 0.030886629773196075 -0.031530091691480681 -0.038398260481020741 0.031165358666890394 0.0024150456207120904 0.032715852874438671 -0.036904853645023147 0.013415794108925204 -0.0050301125279130872 0.0061605709534915815 -0.0012807136579683928 0.11565313142590761 0.031247892636991299 0.55865117141178677 0.18265943008163774 -0.0017470939660624068 -0.12291718344531107 -0.0022165940332553569 0.004556918479092965 -0.024595611477210226 0.024500756594315734 0.057866092426343607 0.065513585309523184 -0.091688641887407676 0.037947954097161542 -0.055201472973069099 0.0051032024919282484 0.079057227230320382 0.38106296297750974 0.10993887095128077
leaf_weight=306854 2312 741 3595 5583 227882 1122 1397 20017 13367 2571 51731 1513 5045 6.9999999999999991 196 3856 413 152220 72228 5340 4997 1246 185 1381 4483 1682 28907 456 38 59
leaf_count=306854 2312 741 3595 5583 227882 1122 1397 20017 13367 2571 51731 1513 5045 7 196 3856 413 152220 72228 5340 4997 1246 185 1381 4483 1682 28907 456 38 59
internal_value=-9.41815e-12 -0.00196169 -0.0184042 -0.00143991 0.0040488 0.00373353 0.00254119 0.0131927 -0.0118669 -0.00174532 0.00463712 0.0467243 0.00160971 -0.037238 0.0611942 0.01772 -0.0565309 -0.00247642 -3.68586e-05 0.0104979 -0.00086198 0.0160206 0.040284 -0.0706813 0.0029478 0.00199289 0.009513 0.110201 0.117329 0.216152
internal_weight=921424 620692 19091 601601 300732 298138 264764 33374 16969 592162 60860 4084 56776 3602 1774 9439 1810 531302 224448 31600 10337 21263 2594 2122 262954 229564 33390 652 282 97
internal_count=921424 620692 19091 601601 300732 298138 264764 33374 16969 592162 60860 4084 56776 3602 1774 9439 1810 531302 224448 31600 10337 21263 2594 2122 262954 229564 33390 652 282 97
is_linear=0
shrinkage=0.05


Tree=90
num_leaves=31
num_cat=0
split_feature=8 7 2 0 6 0 9 8 6 7 5 2 0 3 7 3 5 10 2 0 5 8 6 3 4 1 7 2 1 0
split_gain=2687.25 1995.91 1837.39 1902.85 1690.59 1396.3 1909.16 1260.5 2669.32 1324.02 1375.99 1219.85 3377.59 2784.6 6138.84 2243.31 2560.46 1403.81 3532.52 2881.44 1581.58 1345.95 1337.38 1203.68 1146.14 904.23 835.327 878.643 721.62 1706.93
threshold=11.183333333333335 11.500000000000002 -0.88599923532063174 44.000000000000007 11.500000000000002 21.500000000000004 0.40976323425315436 1.6904761904761907 1.5000000000000002 2.5000000000000004 1.5000000000000002 -0.90538146624550886 39.500000000000007 1.0000000180025095e-35 21.500000000000004 1.0000000180025095e-35 35.500000000000007 29.550000000000001 0.46368156678007261 19.500000000000004 46.500000000000007 21.071428571428573 21.500000000000004 -1.0000000180025095e-35 -0.56174490092936669 -0.6898024660358143 14.500000000000002 0.424593500821079 0.25881658133175106 37.000000000000007
decision_type=2 8 2 2 10 2 2 2 8 10 10 2 2 2 10 2 10 2 2 2 8 2 10 2 2 2 10 2 2 2
left_child=4 2 3 5 7 -2 -7 28 9 10 -9 12 13 24 -15 -14 -17 21 20 -20 -19 22 -13 -23 -3 -4 27 -10 29 -1
right_child=1 11 25 -5 -6 6 -8 8 26 -11 -12 17 15 14 -16 16 -18 18 19 -21 -22 23 -24 -25 -26 -27 -28 -29 -30 -31
leaf_value=-0.0026472721708781415 0.023724188586349275 -0.022665348605481472 -0.004604539850781378 0.43475375388349802 -0.037336304126896702 0.16682684514294233 0.012861984316259623 0.12153167164158574 -0.0017282106732801374 7.8797912569789915e-05 0.039201835439890795 0.0062088665601052464 0.02545860378284669 -0.019490559200809505 -0.17450336945548248 0.29088226610318563 -0.045168948163719552 0.011769005824970506 -0.0045950434754574885 -0.076234432882295408 -0.52009054592677528 0.0064963144947615559 -0.071328636573640927 0.036309917243241334 0.011042718372356555 0.026395219936877514 -0.052327468518027977 0.0023669537962090342 -0.0089756425090062389 0.096074133503187276
leaf_weight=89941 1041 3215 3440 35 3241 543 320 628 379864 1651 2645 108110 411 8150 693 223 76 8800 2855 2761 13.999999999999998 6312 559 7302 11696 7440 773 199914 68331 440
leaf_count=89941 1041 3215 3440 35 3241 543 320 628 379864 1651 2645 108110 411 8150 693 223 76 8800 2855 2761 14 6312 559 7302 11696 7440 773 199914 68331 440
internal_value=1.66605e-11 0.00559641 0.0245851 0.0694255 -0.00130281 0.0627099 0.109737 -0.00114588 -7.44799e-05 0.0365842 0.0549987 0.00408617 -0.00619665 -0.00940862 -0.0316385 0.101264 0.205465 0.00592622 -0.00882302 -0.0398152 0.0109242 0.0076667 0.00581001 0.0224871 0.00377483 0.0165938 -0.000385404 -0.000316152 -0.00509817 -0.00216667
internal_weight=921424 173996 12819 1939 747428 1904 863 744187 585475 4924 3273 161177 24464 23754 8843 710 299 136713 14430 5616 8814 122283 108669 13614 14911 10880 580551 579778 158712 90381
internal_count=921424 173996 12819 1939 747428 1904 863 744187 585475 4924 3273 161177 24464 23754 8843 710 299 136713 14430 5616 8814 122283 108669 13614 14911 10880 580551 579778 158712 90381
is_linear=0
shrinkage=0.05


Tree=91
num_leaves=31
num_cat=0
split_feature=8 6 7 2 0 8 7 6 3 2 8 8 7 8 6 7 3 5 2 9 6 5 7 5 6 1 7 3 5 10
split_gain=2476.58 2363.45 1462.65 1707.42 1597.34 1385.46 1560 1336.73 1172.9 1088.4 965.756 963.125 998.748 948.849 2519.73 1489.72 948.546 835.251 830.182 826.108 813.939 731.731 705.907 1292.86 692.445 689.284 885.333 779.678 681.257 677.752
threshold=12.690476190476192 12.500000000000002 12.500000000000002 -0.88801398733197889 31.500000000000004 3.9285714285714293 3.5000000000000004 3.5000000000000004 1.0000000180025095e-35 -0.72373135621670459 3.2083333333333335 12.071428571428573 12.500000000000002 20.535714285714288 20.500000000000004 22.500000000000004 1.0000000180025095e-35 3.5000000000000004 -0.96591663137137795 0.40854045730383087 20.500000000000004 1.0000000180025095e-35 5.5000000000000009 3.5000000000000004 3.5000000000000004 0.49999524036036719 22.500000000000004 -0.60785761079279388 10.500000000000002 29.350000000000005
decision_type=2 10 8 2 2 2 10 8 2 2 2 2 10 2 10 8 2 8 2 2 10 8 10 10 10 2 10 2 10 2
left_child=1 5 3 4 19 6 10 22 -6 16 -1 12 -9 14 21 -16 -8 -12 -3 -2 -15 -4 23 -7 -11 26 -22 -27 -5 -20
right_child=2 18 13 28 8 7 9 11 -10 24 17 -13 -14 20 15 -17 -18 -19 29 -21 25 -23 -24 -25 -26 27 -28 -29 -30 -31
leaf_value=-0.0029719492324574021 0.092175880418020439 -0.084124717611164912 0.37904387024732739 0.2954408625310076 -0.0065054987405621725 0.13641628471919037 -0.011731347098984849 0.00069984053433711901 0.2930816459003836 -0.0024715273279643179 0.037068543016971732 0.021748074277207954 -0.019745838864810916 0.061515634026041877 -0.039608244553740853 -0.17557823079405355 -0.057400437210962586 0.0038538391803637768 -0.018220350300347445 -0.0061961199938993837 0.024806811190157773 0.003897271276425922 -0.012673988619104902 0.031092445308371304 -0.0237038906275404 0.0020108017843106485 -0.002637166371157617 0.038102277705986037 0.016755951366215886 -0.067403737630415364
leaf_weight=282676 618 663 12.999999999999998 22 43 335 1983 451965 136 10163 2668 5360 6053 887 1254 240 2665 6514 5021 326 4312 104912 674 2237 6172 2274 9227 4376 6821 814
leaf_count=282676 618 663 13 22 43 335 1983 451965 136 10163 2668 5360 6053 887 1254 240 2665 6514 5021 326 4312 104912 674 2237 6172 2274 9227 4376 6821 814
internal_value=-7.94892e-12 -0.00107615 0.00624396 0.0270294 0.0841711 -0.000825807 -0.00340029 0.000900216 0.221114 -0.0165684 -0.00245358 0.000676233 0.000429638 0.00494527 0.00302569 -0.0614508 -0.0379164 0.013505 -0.0311058 0.0582042 0.0146378 0.00394375 0.0328746 0.0448108 -0.0104939 0.0125782 0.00610339 0.0257606 0.0176519 -0.0250816
internal_weight=921424 785963 135461 7966 1123 779465 312841 466624 179 20983 291858 463378 458018 127495 106419 1494 4648 9182 6498 944 21076 104925 3246 2572 16335 20189 13539 6650 6843 5835
internal_count=921424 785963 135461 7966 1123 779465 312841 466624 179 20983 291858 463378 458018 127495 106419 1494 4648 9182 6498 944 21076 104925 3246 2572 16335 20189 13539 6650 6843 5835
is_linear=0
shrinkage=0.05


Tree=92
num_leaves=31
num_cat=0
split_feature=0 8 6 2 1 0 3 2 2 0 7 3 2 3 5 3 2 1 0 8 10 7 7 2 9 7 8 4 0 7
split_gain=2371.98 1423.05 1509.15 1396.4 1356.4 981.106 1660.2 1778.81 979.657 4776.86 4595.3 3164.59 3388.09 3075.89 2658.67 2184.46 2086.53 2042.61 1936.37 1586.54 1769.26 1720.95 1480.73 1376.1 2784.27 1833.73 1419.44 1325.99 894.737 973.446
threshold=22.500000000000004 5.8660714285714297 5.5000000000000009 -0.75172529863468052 -0.55543802234893536 18.500000000000004 1.0000000180025095e-35 -0.9914354235332985 -0.81915204428899169 44.000000000000007 14.500000000000002 1.0000000180025095e-35 -0.98518190603514266 1.0000000180025095e-35 31.500000000000004 0.87837969732492682 -0.93894197835419624 -0.34406860020158053 51.500000000000007 14.154761904761907 31.600000000000005 29.500000000000004 18.500000000000004 0.087155742747658027 0.40878126481750049 15.500000000000002 33.071428571428577 -0.56174490092936669 27.500000000000004 11.500000000000002
decision_type=2 2 10 2 2 2 2 2 2 2 10 2 2 2 10 2 2 2 2 2 2 10 10 2 2 10 2 2 2 10
left_child=1 2 -1 5 -5 -3 -7 -8 9 10 11 -2 -13 -11 17 27 -17 -15 -16 20 21 22 -10 -21 25 -25 -26 -12 29 -22
right_child=8 3 -4 4 -6 6 7 -9 19 13 15 12 -14 14 18 16 -18 -19 -20 23 28 -23 -24 24 26 -27 -28 -29 -30 -31
leaf_value=-0.0026337564279291428 0.0079791093591506639 -0.00075111468207189397 -0.021766057255841527 -0.001904595552955601 0.0052596118459574456 -0.0025217757557460339 -0.06821383463886431 -0.017313838995258214 -0.0013737459720812939 0.054479442421392757 -0.044563840690848733 0.11002803593203403 0.030520826063218917 0.8216118499636651 0.22037186763503336 -0.14944014576127587 -0.0076503798986474678 0.29384519941935489 -0.23359763338798431 0.023992269145110681 0.036868681930211443 0.92580030560493476 -0.1130677236312838 0.03509100575870943 0.019589628387589875 -0.022649932816725088 0.12183908091359295 0.0038666534477097415 0.088467780002071686 -0.063654120412205265
leaf_weight=389872 11365 63402 10587 100508 192809 18098 2127 8893 69488 516 2038 1789 5338 20 55 602 456 220 41 15243 1685 4.9999999999999991 298 1626 9495 8908 352 4611 696 281
leaf_count=389872 11365 63402 10587 100508 192809 18098 2127 8893 69488 516 2038 1789 5338 20 55 602 456 220 41 15243 1685 5 298 1626 9495 8908 352 4611 696 281
internal_value=-7.80909e-12 -0.00105166 -0.00313956 0.00111537 0.00280472 -0.00424042 -0.0118381 -0.0271382 0.0061195 0.0146291 0.0108401 0.0243588 0.0504785 0.131141 0.248872 -0.0215964 -0.0883285 0.337826 0.0264891 0.0039896 -0.000258285 -0.00178424 -0.0018507 0.0126291 0.00413048 -0.0137372 0.0232447 -0.0109779 0.0397485 0.022501
internal_weight=921424 786296 400459 385837 293317 92520 29118 11020 135128 27051 26199 18492 7127 852 336 7707 1058 240 96 108077 72453 69791 69786 35624 20381 10534 9847 6649 2662 1966
internal_count=921424 786296 400459 385837 293317 92520 29118 11020 135128 27051 26199 18492 7127 852 336 7707 1058 240 96 108077 72453 69791 69786 35624 20381 10534 9847 6649 2662 1966
is_linear=0
shrinkage=0.05


Tree=93
num_leaves=31
num_cat=0
split_feature=8 6 6 8 7 6 1 10 8 6 7 5 0 0 2 8 9 7 2 2 8 0 1 0 3 7 5 7 0 7
split_gain=2159.72 2207.85 1985.21 1028.75 1877.13 1664.36 1528.1 1430.81 960.33 2310.95 1028.42 1458.26 888.667 848.34 921.493 783.843 771.939 743.296 1922.84 729.134 727.612 674.222 668.868 1581.33 2347.1 620.018 596.3 581.151 535.183 526.713
threshold=9.5357142857142865 9.5000000000000018 9.5000000000000018 18.071428571428573 18.500000000000004 18.500000000000004 -0.95925213728851977 29.250000000000004 1.7738095238095239 1.5000000000000002 2.5000000000000004 2.5000000000000004 28.500000000000004 20.500000000000004 -0.9474464830022985 18.690476190476193 0.39764873941007001 1.5000000000000002 -0.99913862891129024 -0.98101942973744338 9.0625000000000018 44.000000000000007 0.25881658133175106 37.000000000000007 0.6078576107927941 52.500000000000007 1.5000000000000002 19.500000000000004 14.500000000000002 9.5000000000000018
decision_type=2 10 8 2 10 10 2 2 2 8 10 10 2 2 2 2 2 8 2 2 2 2 2 2 2 10 8 8 2 8
left_child=1 8 13 4 26 12 -6 -8 22 10 11 -10 -5 -2 21 27 -14 18 -11 -3 -19 -15 23 28 -25 -17 -4 -7 -1 -28
right_child=2 19 3 5 6 15 7 -9 9 17 -12 -13 16 14 -16 25 -18 20 -20 -21 -22 -23 -24 24 -26 -27 29 -29 -30 -31
leaf_value=-0.0075086756946222454 0.020894202018400886 -0.093136759447247808 0.24674273601174992 0.033841119884830642 0.076064808776958259 -0.011676243418102748 -0.032985594801755856 -0.13348809800465866 0.093132671881154622 0.21037271779969458 0.0022022941946230139 0.021325557724455858 0.19750310979500604 0.14099644485977478 0.05103995893009966 0.0095279848757071402 0.067596608051754423 -0.00093877247704805843 0.011254557555374654 -0.026649975839812459 0.016253910095160549 0.51306776725328884 -0.0083125617800007684 0.017330929699651661 0.26604560642330738 0.20409617265913546 0.013944970604275365 -0.088922558173431004 0.00052242695256559909 0.0019947136169396937
leaf_weight=31730 3156 445 25 2301 272 1331 2349 417 1289 123 1464 1566 158 192 1391 30506 414 479137 8494 5622 6234 12.999999999999998 68828 319 135 41 9658 298 59913 203603
leaf_count=31730 3156 445 25 2301 272 1331 2349 417 1289 123 1464 1566 158 192 1391 30506 414 479137 8494 5622 6234 13 68828 319 135 41 9658 298 59913 203603
internal_value=2.05868e-11 -0.00150195 0.00390141 0.00329617 0.00200866 0.0112428 -0.0370171 -0.0481373 -0.00122563 -0.000141145 0.0362741 0.0537457 0.0477058 0.0359175 0.0656252 0.00798697 0.10348 -0.000459529 0.0140968 -0.0315266 -0.000717953 0.164591 -0.00458377 -0.00179708 0.0912879 0.00978913 0.00256453 -0.0258072 -0.00225822 0.00253591
internal_weight=921424 665299 256125 251373 216324 35049 3038 2766 659232 498307 4319 2855 2873 4752 1596 32176 572 493988 8617 6067 485371 205 160925 92097 454 30547 213286 1629 91643 213261
internal_count=921424 665299 256125 251373 216324 35049 3038 2766 659232 498307 4319 2855 2873 4752 1596 32176 572 493988 8617 6067 485371 205 160925 92097 454 30547 213286 1629 91643 213261
is_linear=0
shrinkage=0.05


Tree=94
num_leaves=31
num_cat=0
split_feature=0 2 8 1 0 0 2 0 7 3 3 0 3 2 6 1 4 0 8 10 7 2 9 0 7 2 9 7 8 0
split_gain=2033.36 1260.31 1292.98 1182.19 1042.37 1082.21 869.46 4249.18 4713.02 3421.35 2799.53 3094.66 2596.76 2367.73 2277.9 1514.31 1506.2 1428.83 1362.93 1595.06 2251.86 2115.29 1350.44 1352.96 1262.87 1222.13 2494.89 1653.38 1270.52 837.195
threshold=22.500000000000004 -0.53545706213121769 5.4642857142857153 -0.55543802234893536 20.500000000000004 18.500000000000004 -0.81915204428899169 39.500000000000007 14.500000000000002 1.0000000180025095e-35 1.0000000180025095e-35 26.000000000000004 0.87837969732492682 -0.93894197835419624 29.500000000000004 0.30070579950427329 -0.56174490092936669 51.500000000000007 14.154761904761907 29.550000000000001 15.500000000000002 0.25881658133175089 0.41139506112120555 51.500000000000007 25.500000000000004 0.087155742747658027 0.40878126481750049 16.500000000000004 33.071428571428577 21.500000000000004
decision_type=2 2 2 2 2 2 2 2 10 2 2 2 2 2 10 2 2 2 2 2 10 2 2 2 8 2 2 10 2 2
left_child=1 29 -3 -4 5 -5 7 8 10 22 -2 -12 16 -14 15 -11 -10 -16 19 -8 21 -21 -9 -24 -22 -20 27 -27 -28 -1
right_child=6 2 3 4 -6 -7 18 9 12 14 11 -13 13 -15 17 -17 -18 -19 25 20 24 -23 23 -25 -26 26 28 -29 -30 -31
leaf_value=-0.0039189157440521127 0.0068432878278726619 -0.0020374781522790246 -0.0018467931294526597 0.0030171278365496395 -0.03129333001476841 0.011526221008202697 -0.0027985727258285423 0.18931955740344331 -0.050337436351145806 0.32650097708471798 0.019745147749240834 0.087010429115710997 -0.16872093239903646 -0.012228984520301677 0.1160282991030093 0.12307728260921846 0.0029428378768220718 -0.22489240528681342 0.022375504388808976 -0.0062044987488662964 -0.14203739484087849 0.048852485347953709 -0.016480770799288211 0.17128503930954531 0.66065970897674564 0.02457168516032612 0.018293470911590431 -0.023629010806171979 0.11503066677277358 0.073134170809929552
leaf_weight=260514 11242 263358 86849 118779 1926 54517 64954 122 1914 264 4228 2871 557 427 145 140 4321 39 15243 2924 245 4325 669 112 4.9999999999999991 2267 9495 8267 352 353
leaf_count=260514 11242 263358 86849 118779 1926 54517 64954 122 1914 264 4228 2871 557 427 145 140 4321 39 15243 2924 245 4325 669 112 5 2267 9495 8267 352 353
internal_value=1.9232e-11 -0.000973703 0.000436781 0.00292319 0.00528744 0.00569399 0.00566588 0.0136826 0.00889642 0.0957315 0.0223664 0.0469488 -0.0253261 -0.100812 0.189592 0.256008 -0.013413 0.0437679 0.00365934 -0.000277826 0.0215561 0.0266444 0.0346127 0.010446 -0.125983 0.0116669 0.00365783 -0.0132558 0.0217515 -0.00381465
internal_weight=921424 786296 525429 262071 175222 173296 135128 27051 25560 1491 18341 7099 7219 984 588 404 6235 184 108077 72453 7499 7249 903 781 250 35624 20381 10534 9847 260867
internal_count=921424 786296 525429 262071 175222 173296 135128 27051 25560 1491 18341 7099 7219 984 588 404 6235 184 108077 72453 7499 7249 903 781 250 35624 20381 10534 9847 260867
is_linear=0
shrinkage=0.05


Tree=95
num_leaves=31
num_cat=0
split_feature=8 7 7 3 6 8 7 2 2 2 8 6 7 3 2 5 8 7 0 3 9 5 0 2 0 0 6 0 1 0
split_gain=1862.5 2223.27 2142.01 2064.4 1823.8 1281.67 1750.62 1210.13 1530.43 1084.83 1031.99 1098.78 1004.35 2281.67 2470.22 709.164 678.915 1423.32 1512.52 2208.13 1068.01 841.877 6435.01 652.731 1488.1 850.703 650.615 635.174 627.937 676.754
threshold=14.585714285714287 14.500000000000002 29.500000000000004 1.0000000180025095e-35 14.500000000000002 4.9285714285714297 4.5000000000000009 -0.92387073784400886 0.46368156678007261 -0.93186591997002521 4.0625000000000009 4.5000000000000009 4.5000000000000009 1.0000000180025095e-35 -0.95436844760270667 4.5000000000000009 40.619047619047628 41.500000000000007 47.500000000000007 0.6078576107927941 0.40098880924406599 46.500000000000007 47.500000000000007 0.69140773499445529 51.500000000000007 15.500000000000002 4.5000000000000009 14.500000000000002 -0.98055188006607052 51.500000000000007
decision_type=2 10 8 2 8 2 10 2 2 2 2 10 8 2 2 10 2 10 2 2 2 10 2 2 2 2 10 2 2 2
left_child=1 5 3 -3 -2 6 10 -5 -9 -8 27 -12 13 15 -15 -7 17 -6 19 -19 21 -18 -23 24 -14 -25 -11 -1 -22 -30
right_child=4 2 -4 7 16 12 9 8 -10 26 11 -13 23 14 -16 -17 20 18 -20 -21 28 22 -24 25 -26 -27 -28 -29 29 -31
leaf_value=-0.0051063589837013817 0.051502735279330629 -0.0051986338137911623 0.91909098426500957 -0.10329142311023705 0.0056941527641331466 0.077059041157322691 -0.046516258371603503 0.0058256663848224415 -0.06722031339379729 -0.004946478543031845 0.02553213793813618 -0.0060078363738237106 -0.00011505412977529187 0.1308685968589757 0.027952098516015902 -0.006735081141715317 0.046078076815250432 -0.1118715571130023 -0.030651287572539373 -0.97753130472623395 -0.23491097556220161 -1.5810564586094449 0.051072131774642253 0.00072934645467657457 0.2272200688273491 0.0099915276428613944 -0.024266699331786278 -0.00065534148491175174 -0.11226873584091664 0.2317789019488577
leaf_weight=124088 2248 5165 5.9999999999999991 926 81776 264 2642 1199 1784 11500 6936 4588 331359 694 3647 5796 314 17.000000000000004 46 12.999999999999998 8.9999999999999982 6.9999999999999991 44 60966 72 41780 7016 226372 15.999999999999998 134
leaf_count=124088 2248 5165 6 926 81776 264 2642 1199 1784 11500 6936 4588 331359 694 3647 5796 314 17 46 13 9 7 44 60966 72 41780 7016 226372 16 134
internal_value=5.07973e-13 -0.000714866 -0.0253216 -0.0259461 0.00706891 -0.000444932 -0.00256432 -0.0533599 -0.0378599 -0.0165439 -0.00174721 0.0129753 0.00138158 0.016736 0.0444055 -0.00308464 0.00585634 0.00549315 -0.210785 -0.486991 0.0625881 0.0154748 -0.172946 0.00101375 -6.56679e-05 0.00449566 -0.0122672 -0.00223132 0.170741 0.19508
internal_weight=921424 836800 9080 9074 84624 827720 383142 3909 2983 21158 361984 11524 444578 10401 4341 6060 82376 81852 76 30 524 365 51 434177 331431 102746 18516 350460 159 150
internal_count=921424 836800 9080 9074 84624 827720 383142 3909 2983 21158 361984 11524 444578 10401 4341 6060 82376 81852 76 30 524 365 51 434177 331431 102746 18516 350460 159 150
is_linear=0
shrinkage=0.05


Tree=96
num_leaves=31
num_cat=0
split_feature=0 2 8 1 0 0 2 0 7 9 5 3 5 1 3 2 0 8 7 7 9 6 1 4 2 9 0 2 9 7
split_gain=1750.31 1110.36 1076.7 1048.77 944.455 930.996 787.797 3815.46 3787.23 2695.34 3015.4 2536.24 2159.49 1818.08 1758.47 1668.32 1619.48 1184.45 2053.11 1634.18 1496.28 1423.73 1283.64 1076.5 897.231 2217.26 749.484 771.916 809.423 738.463
threshold=22.500000000000004 -0.53545706213121769 5.4642857142857153 -0.55543802234893536 20.500000000000004 18.500000000000004 -0.81915204428899169 44.000000000000007 14.500000000000002 0.41244546997146475 12.500000000000002 1.0000000180025095e-35 31.500000000000004 -0.34406860020158053 0.87837969732492682 -0.93894197835419624 51.500000000000007 17.071428571428573 34.500000000000007 18.500000000000004 0.39688767247340251 17.500000000000004 -0.53545706213121702 -0.56174490092936669 0.045798757943340172 0.40878126481750049 21.500000000000004 -0.93894197835419624 0.41139506112120555 1.0000000180025095e-35
decision_type=2 2 2 2 2 2 2 2 10 2 10 2 10 2 2 2 2 2 10 10 2 10 2 2 2 2 2 2 2 10
left_child=1 26 -3 -4 5 -5 7 8 9 10 -2 -9 13 -13 23 -16 -14 18 19 22 -21 -19 -8 -10 -23 -26 -1 28 -28 -11
right_child=6 2 3 4 -6 -7 17 11 14 29 -12 12 16 -15 15 -17 -18 21 -20 20 -22 24 -24 -25 25 -27 27 -29 -30 -31
leaf_value=-0.0036686402040417955 0.033076302201828806 -0.0018373374079135531 -0.0018032809653902694 0.0028204804658462767 -0.029903975409811736 0.010712758583622714 0.0097914957718690451 0.047404406088685923 -0.040680060875467258 0.044015239090232167 0.12667380889073962 0.76051472708582879 0.20081103268672118 0.26259898135015231 -0.13446345347006097 -0.0076771080387723553 -0.21435402431866019 0.059649149387595947 1.013503999710083 -0.14066203859207327 -0.018878160454296161 0.020477830319728101 -0.0034926566471194329 0.0029570218881867249 -0.017121472757554154 0.02223282832543887 0.35720493151591376 0.01346893124623845 0.084033336258085262 0.0043319206549602999
leaf_weight=260514 4986 263358 86849 118779 1926 54517 27880 516 2038 1310 1040 20 55 220 602 456 41 1509 4.9999999999999991 377 762 10887 52295 4611 7586 6776 39 225 89 11156
leaf_count=260514 4986 263358 86849 118779 1926 54517 27880 516 2038 1310 1040 20 55 220 602 456 41 1509 5 377 762 10887 52295 4611 7586 6776 39 225 89 11156
internal_value=2.73922e-13 -0.000903395 0.000420524 0.00268947 0.00491631 0.0053033 0.00525676 0.0128877 0.0095014 0.0217741 0.0492299 0.117017 0.223923 0.304092 -0.0199454 -0.0798183 0.023501 0.00334678 0.000344215 0.000281915 -0.0591877 0.0124717 0.00112677 -0.0104183 0.0096522 0.00144591 -0.00356999 0.0692365 0.167265 0.00850208
internal_weight=921424 786296 525429 262071 175222 173296 135128 27051 26199 18492 6026 852 336 240 7707 1058 96 108077 81319 81314 1139 26758 80175 6649 25249 14362 260867 353 128 12466
internal_count=921424 786296 525429 262071 175222 173296 135128 27051 26199 18492 6026 852 336 240 7707 1058 96 108077 81319 81314 1139 26758 80175 6649 25249 14362 260867 353 128 12466
is_linear=0
shrinkage=0.05


Tree=97
num_leaves=31
num_cat=0
split_feature=8 6 6 0 8 8 6 0 7 10 2 7 0 8 5 0 8 7 9 2 0 2 9 7 3 0 7 1 0 1
split_gain=1640.74 1920.13 1372.27 928.93 872.021 789.925 2653.58 870.857 847.202 768.255 2058.1 2142.08 1729.38 1248.81 1120.86 3451.12 1038.86 1647.57 961.966 676.398 626.114 559.625 548.202 500.203 515.756 500.129 496.224 489.21 697.283 485.876
threshold=10.690476190476192 10.500000000000002 10.500000000000002 51.500000000000007 10.062500000000002 0.46428571428571436 1.0000000180025095e-35 39.500000000000007 1.0000000180025095e-35 29.550000000000001 0.33996843066449761 15.500000000000002 27.500000000000004 15.937500000000002 46.500000000000007 47.500000000000007 31.845238095238098 35.500000000000007 0.39481647128968428 -0.96759678964602525 22.500000000000004 0.9467859074498246 0.41263956161380622 10.500000000000002 1.0000000180025095e-35 20.500000000000004 46.500000000000007 0.13052494970477632 34.000000000000007 -0.98055188006607052
decision_type=2 10 8 2 2 2 8 2 8 2 2 8 2 2 8 2 2 10 2 2 2 2 2 8 2 2 8 2 2 2
left_child=1 4 3 19 5 27 7 -7 -8 16 14 12 -12 -13 20 -16 17 18 -4 22 -11 23 25 -3 -25 -2 -18 28 -1 -28
right_child=2 21 9 -5 -6 6 8 -9 -10 10 11 13 -14 -15 15 -17 26 -19 -20 -21 -22 -23 -24 24 -26 -27 29 -29 -30 -31
leaf_value=-0.0025085693233092205 0.066331082048700821 -0.015127611541946001 0.018343096329648222 0.65869757731755574 0.01688380961877007 0.027649901978074598 0.014861895775984669 0.21147251791678945 -0.0010437183151027363 0.0015725253188844858 -0.010424698769238711 -0.11747270179897965 0.12308919524891287 -0.040024858794287077 -1.3500555435816453 0.19804428683386907 0.030876528670494868 -0.34929450222037062 0.0030998186496924026 0.029369009224879863 0.029408966732543118 0.0056527026238024913 -0.0034555053192889319 -0.028714360768291803 -0.066432018107536045 0.24633474658744842 -0.22421856721242273 -0.010224050774598217 0.073431302588738381 0.15636124644822225
leaf_weight=33894 67 2621 11023 5.9999999999999991 6859 7349 8487 65 617508 5730 5374 643 254 2732 5.9999999999999973 9 2436 33 169539 2835 3120 1171 64 2309 1492 91 8.9999999999999982 35270 305 123
leaf_count=33894 67 2621 11023 6 6859 7349 8487 65 617508 5730 5374 643 254 2732 6 9 2436 33 169539 2835 3120 1171 64 2309 1492 91 9 35270 305 123
internal_value=6.43465e-12 -0.00112542 0.00395553 0.0371704 -0.000857855 -0.00103099 -0.00047588 0.0292615 -0.000828076 0.00344945 -0.00644683 -0.0232856 -0.00439902 -0.0547801 0.0106541 -0.421196 0.00441486 0.00396583 0.00403039 0.0359505 0.0113861 -0.0261357 0.119998 -0.031932 -0.0435196 0.170004 0.0359929 -0.00609237 -0.00183131 0.130413
internal_weight=921424 717330 204094 3063 709737 702878 633409 7414 625995 201031 17868 9003 5628 3375 8865 15 183163 180595 180562 3057 8850 7593 222 6422 3801 158 2568 69469 34199 132
internal_count=921424 717330 204094 3063 709737 702878 633409 7414 625995 201031 17868 9003 5628 3375 8865 15 183163 180595 180562 3057 8850 7593 222 6422 3801 158 2568 69469 34199 132
is_linear=0
shrinkage=0.05


Tree=98
num_leaves=31
num_cat=0
split_feature=8 6 6 8 2 0 3 5 7 3 0 8 6 6 0 2 5 0 1 10 2 7 3 8 0 10 1 2 2 8
split_gain=1518.62 2255.29 1254.7 1078.84 841.997 3556.9 3376.9 2449.12 1877.66 4904.02 1362.86 909.011 2351.42 1394.26 761.279 779.889 720.943 710.024 945.691 2120.28 892.713 725.023 1201.5 762.949 610.182 591.56 563.377 554.891 444.417 384.727
threshold=7.7321428571428585 7.5000000000000009 7.5000000000000009 7.1833333333333345 -0.98101942973744338 39.500000000000007 1.0000000180025095e-35 31.500000000000004 18.500000000000004 1.0000000180025095e-35 24.500000000000004 17.380952380952383 17.500000000000004 17.500000000000004 19.500000000000004 -0.82039949111557775 3.5000000000000004 39.500000000000007 -0.99143542353329861 31.350000000000005 -0.81915204428899169 7.5000000000000009 1.0000000180025095e-35 1.7738095238095239 27.500000000000004 32.350000000000009 -0.3007057995042734 0.13052494970477621 -0.9474464830022985 13.464285714285717
decision_type=2 10 8 2 2 2 2 10 10 2 2 2 10 8 2 2 8 2 2 2 2 10 2 2 2 2 2 2 2 2
left_child=1 3 14 17 5 8 -7 -8 10 -10 -4 12 26 24 -2 -16 -5 21 19 -19 -20 23 -23 -1 -13 -14 -6 -15 -3 -17
right_child=2 28 4 16 11 6 7 -9 9 -11 -12 13 25 27 15 29 -18 18 20 -21 -22 22 -24 -25 -26 -27 -28 -29 -30 -31
leaf_value=-0.0041841187945634226 0.012868792952914319 -0.05533198091543421 -0.0085002852040488488 0.49361114744096996 -0.00050432178366945372 0.015599352219434466 0.42887337205656728 -0.045599286258220677 0.0026641958703526574 -0.17573423428830978 0.044216331952725188 0.036584595292974961 -0.048833737751707865 0.013293147174954943 0.13554671141234922 0.038073661035070053 0.018661071365694348 0.0189345223563058 0.10168589574624459 0.90351638704538351 0.0082665933233356994 -0.00040636461290027913 -0.037081661376561909 -6.5958351067741278e-05 0.10469861580221372 -0.23429285882210193 0.0040517298309224537 0.0012351786273538559 -0.0215915764024022 0.24035183358888995
leaf_weight=160131 2079 1099 20257 7.9999999999999991 110194 207 122 35 1096 594 1305 1397 1887 21393 277 1144 6368 21.000000000000004 314 9.9999999999999982 1378 5455 3781 377853 430 44 176582 17222 8717 24
leaf_count=160131 2079 1099 20257 8 110194 207 122 35 1096 594 1305 1397 1887 21393 277 1144 6368 21 314 10 1378 5455 3781 377853 430 44 176582 17222 8717 24
internal_value=6.31444e-12 -0.00161172 0.00255646 -0.00119178 0.0022599 -0.00685969 0.14823 0.323099 -0.00928755 -0.0600392 -0.00530971 0.00291422 0.00193079 0.00993476 0.0322433 0.0601184 0.019257 -0.00142929 0.0306173 0.304284 0.0256033 -0.00153019 -0.0154204 -0.00129173 0.0526158 -0.0530596 0.00230106 0.00791538 -0.0253692 0.0422301
internal_weight=921424 565135 356289 555319 352765 23616 364 157 23252 1690 21562 329149 288707 40442 3524 1445 6376 548943 1723 31 1692 547220 9236 537984 1827 1931 286776 38615 9816 1168
internal_count=921424 565135 356289 555319 352765 23616 364 157 23252 1690 21562 329149 288707 40442 3524 1445 6376 548943 1723 31 1692 547220 9236 537984 1827 1931 286776 38615 9816 1168
is_linear=0
shrinkage=0.05


Tree=99
num_leaves=31
num_cat=0
split_feature=0 2 8 0 0 2 0 7 3 3 0 3 2 6 1 4 9 0 0 8 10 7 2 2 6 2 9 6 2 0
split_gain=1446.75 989.901 905.162 1002.46 927.366 682.666 3190.96 3826.6 2719.11 2327.32 2829.95 2072.85 1865.62 1766.32 1265.31 1218.63 1214.33 1196.98 1128.15 994.351 1422.31 1777.34 2575.27 1663.01 1032.14 1064.33 2090.55 773.856 645.14 640.191
threshold=22.500000000000004 -0.47898255845512089 1.0000000180025095e-35 18.500000000000004 20.500000000000004 -0.81915204428899169 39.500000000000007 14.500000000000002 1.0000000180025095e-35 1.0000000180025095e-35 31.500000000000004 0.87837969732492682 -0.95436844760270667 29.500000000000004 0.36033438033905096 -0.56174490092936669 0.41139506112120555 51.500000000000007 51.500000000000007 14.071428571428573 29.550000000000001 13.500000000000002 0.33996843066449761 0.46368156678007261 14.500000000000002 0.087155742747658027 0.40878126481750049 6.5000000000000009 0.64111330583356219 21.500000000000004
decision_type=2 2 2 2 2 2 2 10 2 2 2 2 2 10 2 2 2 2 2 2 2 10 2 2 10 2 2 10 2 2
left_child=1 29 -3 -4 28 6 7 9 16 -2 -11 15 -13 14 -10 -9 27 -15 -18 20 -7 22 -22 -23 -21 -26 -27 -8 -5 -1
right_child=5 2 3 4 -6 19 8 11 13 10 -12 12 -14 17 -16 -17 18 -19 -20 24 21 23 -24 -25 25 26 -28 -29 -30 -31
leaf_value=-0.003345245650993776 0.0057190481786141417 -0.0074843343864322391 -0.00043298391578092447 0.0025363194150142313 -0.014585272568934913 -0.0027566507403486459 0.42966590424378714 -0.045670911299209277 0.27589460411599198 0.028370062787484884 0.11390186427296159 -0.16432537476879883 -0.026301654796169173 0.10438901547727915 0.070862397636752575 0.0022539971880301962 -0.019006576025733232 -0.20764827970892955 0.15245102458367391 0.047275528988204626 -0.0054394131287412231 0.070636544840537621 0.055737663343343229 -0.11953504798535389 0.017970459195921062 -0.015750394458131901 0.017227632355646071 0.11288326899426021 0.0096030320741116518 0.062557808082073743
leaf_weight=272322 11242 33426 341186 77699 6023 64799 24 1914 304 5944 1155 458 526 145 100 4321 669 39 112 1749 3221 161 3692 402 14805 9974 9274 98 55271 369
leaf_count=272322 11242 33426 341186 77699 6023 64799 24 1914 304 5944 1155 458 526 145 100 4321 669 39 112 1749 3221 161 3692 402 14805 9974 9274 98 55271 369
internal_value=9.57872e-13 -0.000821329 0.000471359 0.00102517 0.00460449 0.00477923 0.0118828 0.00773519 0.0829846 0.0198725 0.042286 -0.0231016 -0.0905444 0.16666 0.225144 -0.0124578 0.028498 0.0382507 0.00558145 0.00300125 -0.000374206 0.0202759 0.0272332 -0.0651521 0.00981543 0.00789144 0.000138956 0.175201 0.00547371 -0.00325607
internal_weight=921424 786296 513605 480179 138993 135128 27051 25560 1491 18341 7099 7219 984 588 404 6235 903 184 781 108077 72275 7476 6913 563 35802 34053 19248 122 132970 272691
internal_count=921424 786296 513605 480179 138993 135128 27051 25560 1491 18341 7099 7219 984 588 404 6235 903 184 781 108077 72275 7476 6913 563 35802 34053 19248 122 132970 272691
is_linear=0
shrinkage=0.05


Tree=100
num_leaves=31
num_cat=0
split_feature=8 6 6 8 6 7 2 8 2 7 5 2 0 0 0 6 8 7 1 9 1 5 2 5 8 7 7 6 6 5
split_gain=1333.61 2488.28 1660.3 881.658 1253.38 1120.66 1216.29 1015.75 849.734 805.446 1065.3 665.364 1495.58 1096.8 664.474 617 584.559 2213.71 1037.92 857.259 1105.77 686.788 515.798 523.61 478.977 555.946 465.496 440.078 402.624 400.954
threshold=13.380952380952383 13.500000000000002 13.500000000000002 2.9285714285714293 2.5000000000000004 2.5000000000000004 -0.76744313759621874 2.0625000000000004 -0.98101942973744338 4.5000000000000009 3.5000000000000004 0.48091551200015975 51.500000000000007 15.500000000000002 30.000000000000004 2.5000000000000004 34.071428571428577 35.500000000000007 -0.84455963375842924 0.40788394466998051 0.17149884075797781 46.500000000000007 0.77836700843141082 46.500000000000007 13.845238095238097 13.500000000000002 6.5000000000000009 4.5000000000000009 31.500000000000004 23.500000000000004
decision_type=2 10 8 2 8 10 2 2 2 10 10 2 2 2 2 10 2 10 2 2 2 10 2 8 2 8 10 10 10 8
left_child=1 3 14 5 9 7 -7 -1 -9 10 -5 12 -6 -13 -2 -8 17 24 -19 20 21 -18 23 -21 -4 -26 -3 29 -20 -16
right_child=2 26 16 4 11 6 15 8 -10 -11 -12 13 -14 -15 27 -17 19 18 28 22 -22 -23 -24 -25 25 -27 -28 -29 -30 -31
leaf_value=-0.0028276396062188545 0.029948803897006184 0.044456095467011139 -0.013581302866614624 0.086493655405540215 -0.00087632048157114438 -0.039122009461177713 -0.00043544645466022774 0.064777550774594322 0.0088736900062275584 -0.016688448763657812 0.020306408193545959 -0.00036332810632355006 0.19753586651463259 0.0075029017712755488 0.73874842226505311 -0.020668677737280997 0.01988814183426325 0.073891785843618982 -0.42979916267924845 0.046213000942456034 -0.54321496486663823 -0.15015627636063486 0.21864446717003982 0.19236701105322157 0.020203640440089623 0.0034718189399694909 -0.045483651360507589 0.089203099816832554 -0.20877952058424898 0.15251032199178421
leaf_weight=209838 3650 150 3876 935 376589 3985 9778 725 10887 703 1738 108630 95 74844 4.9999999999999973 6130 1405 29 27 492 8.9999999999999982 62 60 70 5231 97493 3517 377 87 7.0000000000000009
leaf_count=209838 3650 150 3876 935 376589 3985 9778 725 10887 703 1738 108630 95 74844 5 6130 1405 29 27 492 9 62 60 70 5231 97493 3517 377 87 7
internal_value=1.04745e-12 -0.000710742 0.00509095 -0.000523519 0.000559441 -0.00305222 -0.01442 -0.00203104 0.0123641 0.0309337 0.0434583 0.00037638 -0.000826281 0.00284552 0.0365695 -0.00823213 0.0039228 0.00340909 -0.193186 0.0300598 0.0093118 0.0127015 0.0792945 0.0644172 0.00367282 0.00432385 -0.0418046 0.0986912 -0.261126 0.396776
internal_weight=921424 808544 112880 804877 563534 241343 19893 221450 11612 3376 2673 560158 376684 183474 4039 15908 108841 106743 143 2098 1476 1467 622 562 106600 102724 3667 389 114 12
internal_count=921424 808544 112880 804877 563534 241343 19893 221450 11612 3376 2673 560158 376684 183474 4039 15908 108841 106743 143 2098 1476 1467 622 562 106600 102724 3667 389 114 12
is_linear=0
shrinkage=0.05


Tree=101
num_leaves=31
num_cat=0
split_feature=8 6 6 8 2 5 8 6 6 7 0 3 1 7 0 2 7 10 0 5 2 6 9 9 7 0 3 8 7 1
split_gain=1253.2 2012.18 1369.3 936.406 895.891 666.721 665.38 2101.08 1417.29 655.942 641.729 1033.02 7356.94 683.848 625.942 711.124 621.568 594.764 581.589 509.083 488.454 515.285 486.86 476.716 476.377 437.702 444.713 426.69 295.814 277.338
threshold=8.7321428571428594 8.5000000000000018 8.5000000000000018 8.071428571428573 -0.95990363414299973 1.5000000000000002 19.464285714285719 19.500000000000004 19.500000000000004 8.5000000000000018 39.500000000000007 0.6078576107927941 -0.34406860020158053 10.500000000000002 16.500000000000004 -0.81915204428899169 25.500000000000004 31.600000000000005 26.000000000000004 8.5000000000000018 0.65918890865109991 1.0000000180025095e-35 0.3933742304209466 0.39549300731392245 22.500000000000004 24.500000000000004 -1.0000000180025095e-35 40.619047619047628 11.500000000000002 -0.38267978949462739
decision_type=2 10 8 2 2 8 2 10 10 8 2 2 2 10 2 2 10 2 2 10 2 10 2 2 10 2 2 2 8 2
left_child=1 3 14 10 -3 29 7 16 18 19 13 22 -13 17 -2 25 -7 -1 -8 -5 21 -17 -12 -15 -9 -16 -27 -10 -6 -4
right_child=2 4 5 9 28 6 8 24 27 -11 11 12 -14 23 15 20 -18 -19 -20 -21 -22 -23 -24 -25 -26 26 -28 -29 -30 -31
leaf_value=-0.0014713402899909397 -0.002032929389373269 -0.068604448680877131 0.49048679385866434 0.042657544451254754 -0.016498262933038198 0.0018833793978977106 0.028922366742360223 -0.048597396417611627 0.0064049570222391083 -0.0015522759934643692 -0.098800808308940183 0.76270538493010565 0.023258365137407592 -0.072834093052242851 0.07789847503047384 0.30229021469751993 -0.15774043605769758 0.0071047726907781704 0.099372996913372286 0.011293305822989146 0.060043940581372385 0.0070614258254450019 0.018009432564800806 -0.015651225603491734 -0.14135441071804494 0.044522876688279214 0.2695246030337044 0.052143940988091497 -0.056844026724832852 0.14488306999863815
leaf_weight=574304 861 1005 6.9999999999999991 2539 8191 273777 594 1294 23919 3416 95 38 293 515 279 14.999999999999998 61 20954 578 2638 1042 1007 1462 1247 155 32 70 521 481 34
leaf_count=574304 861 1005 7 2539 8191 273777 594 1294 23919 3416 95 38 293 515 279 15 61 20954 578 2638 1042 1007 1462 1247 155 32 70 521 481 34
internal_value=8.41575e-14 -0.00129466 0.00262629 -0.000934339 -0.0239151 0.00227472 0.00224724 0.00153007 0.00995567 0.0154541 -0.00116948 0.027935 0.10815 -0.00126152 0.0346297 0.0475403 0.00184782 -0.00116945 0.0636668 0.0266755 0.0359549 0.0113945 0.0108823 -0.0323647 -0.0585196 0.110302 0.198936 0.00738 -0.0187361 0.203889
internal_weight=921424 617178 304246 607501 9677 300940 300899 275287 25612 8593 598908 1888 331 597020 3306 2445 273838 595258 1172 5177 2064 1022 1557 1762 1449 381 102 24440 8672 41
internal_count=921424 617178 304246 607501 9677 300940 300899 275287 25612 8593 598908 1888 331 597020 3306 2445 273838 595258 1172 5177 2064 1022 1557 1762 1449 381 102 24440 8672 41
is_linear=0
shrinkage=0.05


Tree=102
num_leaves=31
num_cat=0
split_feature=0 2 8 0 0 2 0 7 9 1 3 5 1 3 2 0 8 8 7 7 6 10 2 1 4 0 8 7 6 1
split_gain=1193.52 850.074 783.319 843.068 808.415 625.075 2785.55 3155.08 2266.12 2679.54 1999.81 1718.17 5217.94 1402.8 1334 1020.06 966.899 840.328 1587.48 1442.56 1141.99 1065.33 864.282 2125.31 714.444 912.798 809.835 668.869 630.985 600.159
threshold=22.500000000000004 -0.53545706213121769 1.0000000180025095e-35 18.500000000000004 20.500000000000004 -0.81915204428899169 44.000000000000007 14.500000000000002 0.41244546997146475 -0.28186850698112392 0.6078576107927941 30.500000000000004 -0.3007057995042734 0.87837969732492682 -0.92387073784400886 51.500000000000007 15.937500000000002 15.380952380952383 30.500000000000004 18.500000000000004 15.500000000000002 29.550000000000001 0.087155742747658027 -0.55543802234893536 -0.56174490092936669 51.500000000000007 1.6904761904761907 1.0000000180025095e-35 46.500000000000007 -0.34406860020158053
decision_type=2 2 2 2 2 2 2 10 2 2 2 10 2 2 2 2 2 2 10 10 10 2 2 2 2 2 2 10 10 2
left_child=1 -1 -3 29 -5 6 7 8 9 -2 24 12 -12 16 -15 -13 -9 18 19 21 -19 -7 28 -24 26 -26 -8 -10 -22 -4
right_child=5 2 3 4 -6 17 10 13 27 -11 11 15 -14 14 -16 -17 -18 20 -20 -21 22 -23 23 -25 25 -27 -28 -29 -30 -31
leaf_value=-0.0030791978314287224 0.009564876418581154 -0.0068961156103940994 -0.0029631880391372723 0.0049711912358189527 -0.013544944053516944 -0.0017233835433494737 -0.022709368100533121 -0.048181983066486779 0.041075397763714085 0.076331793808383577 1.4261703587323429 0.18350255351241043 0.24503813394338875 -0.11474674514778677 0.0018198898986212968 -0.20396937293337725 -0.00057076955258770503 0.05686234690670007 0.8130433519681296 -0.083117066295746139 0.017788546770510907 0.017806275955565255 -0.025161723417800149 0.012279263432146494 -0.028741291850780695 0.14482525080294892 0.18676793439747216 0.0033082424845262632 -0.14608482233548567 0.0012772984685793839
leaf_weight=260867 2862 34271 138020 135975 6162 67773 65 1334 1310 3164 9.9999999999999982 41 144 671 387 29 5315 1221 5.9999999999999991 522 13386 7785 5601 11724 303 101 159 11156 59 211001
leaf_count=260867 2862 34271 138020 135975 6162 67773 65 1334 1310 3164 10 41 144 671 387 29 5315 1221 6 522 13386 7785 5601 11724 303 101 159 11156 59 211001
internal_value=3.4728e-12 -0.000745994 0.000412404 0.000922363 0.00416847 0.00434086 0.0111382 0.00824477 0.0194465 0.0446214 0.100111 0.228374 0.321735 -0.0186323 -0.0721085 0.0229785 -0.0101231 0.00263953 -0.000219303 -0.00028344 0.00943886 0.000288824 0.00755703 0.000174965 0.054361 0.0146503 0.125982 0.00727704 0.0170694 -0.000399598
internal_weight=921424 786296 525429 491158 142137 135128 27051 26199 18492 6026 852 224 154 7707 1058 70 6649 108077 76086 76080 31991 75558 30770 17325 628 404 224 12466 13445 349021
internal_count=921424 786296 525429 491158 142137 135128 27051 26199 18492 6026 852 224 154 7707 1058 70 6649 108077 76086 76080 31991 75558 30770 17325 628 404 224 12466 13445 349021
is_linear=0
shrinkage=0.05


Tree=103
num_leaves=31
num_cat=0
split_feature=8 6 6 2 0 3 5 9 7 5 2 0 1 7 8 6 1 7 1 2 5 7 3 8 5 8 0 10 2 9
split_gain=1130.59 2012.65 1451.78 943.273 2721.19 3029.82 2055.2 1752.53 4396.37 882.566 890.052 1325.15 737.722 737.306 691.808 2353.69 941.54 807.971 714.122 1155.95 940.405 589.895 1115.39 999.241 691.351 660.066 630.863 845.475 405.957 388.072
threshold=6.5857142857142863 6.5000000000000009 6.5000000000000009 -0.98101942973744338 39.500000000000007 1.0000000180025095e-35 33.500000000000007 0.41989313215905727 18.500000000000004 1.0000000180025095e-35 -0.9404343180211393 21.500000000000004 -0.3007057995042734 15.500000000000002 22.535714285714288 23.500000000000004 -0.67397850752516397 24.500000000000004 -0.53729960834682411 0.53913703985740891 35.500000000000007 6.5000000000000009 1.0000000180025095e-35 6.0625000000000009 6.5000000000000009 5.5857142857142863 14.500000000000002 29.550000000000001 -0.87659322597609213 0.41139506112120555
decision_type=2 10 8 2 2 2 10 2 10 10 2 2 2 10 2 10 2 10 2 2 8 10 2 2 8 2 2 2 2 2
left_child=1 21 9 4 7 -6 -7 8 -4 12 11 -11 -2 -9 15 17 -17 -5 19 -16 -20 23 -23 26 -25 -24 -1 -28 -3 -13
right_child=2 28 3 14 5 6 -8 13 -10 10 -12 29 -14 -15 18 16 -18 -19 20 -21 -22 22 25 24 -26 -27 27 -29 -30 -31
leaf_value=-0.0036383934110792941 0.69613989988962821 -0.055126249697017821 -0.013189166656135648 0.0020229147808225665 0.0090195380774818271 0.38174872780292057 -0.07234266993980254 0.00056745122900246148 -0.12232497003032615 0.025944758809578524 0.020550414342627468 0.23223039859867828 -0.061345497369775327 0.036993956216398977 0.010550027687748631 -0.038533328819032923 -0.22669049960790907 -0.072609263364053739 0.019189370400828881 -0.049146284576466817 0.095821645885446768 0.00036247982914211344 -0.048432836039908472 0.038062338557597539 0.001155302586031145 -0.010787265544735589 -0.00072676832047989699 0.0078336678950404037 -0.02247303928971188 0.077554891727465602
leaf_weight=168584 8.9999999999999982 1120 14833 372479 233 127 31 9749 984 317 4288 147 4.9999999999999991 1620 4504 117 154 363 7175 989 424 6970 2540 2754 2353 2150 277824 32185 6340 56
leaf_count=168584 9 1120 14833 372479 233 127 31 9749 984 317 4288 147 5 1620 4504 117 154 363 7175 989 424 6970 2540 2754 2353 2150 277824 32185 6340 56
internal_value=8.09495e-12 -0.00159804 0.00191954 0.00160167 -0.00733217 0.123634 0.292655 -0.00921579 -0.0199787 0.0291962 0.0280419 0.0898181 0.425609 0.00575796 0.00223959 0.00184319 -0.145457 0.00195025 0.0135368 -0.000198134 0.0234652 -0.00120984 -0.0123229 -0.000941947 0.0210578 -0.0311753 -0.0011767 0.000161972 -0.0273754 0.189561
internal_weight=921424 502820 418604 413782 27577 391 158 27186 15817 4822 4808 520 14 11369 386205 373113 271 372842 13092 5493 7599 495360 11660 483700 5107 4690 478593 310009 7460 203
internal_count=921424 502820 418604 413782 27577 391 158 27186 15817 4822 4808 520 14 11369 386205 373113 271 372842 13092 5493 7599 495360 11660 483700 5107 4690 478593 310009 7460 203
is_linear=0
shrinkage=0.05


Tree=104
num_leaves=31
num_cat=0
split_feature=8 6 6 8 7 3 8 6 7 2 0 2 10 10 2 0 1 5 0 9 8 2 6 7 7 6 5 0 7 0
split_gain=1043.41 2120.84 1218.3 853.634 753.857 1437.11 743.513 1205.02 1047.69 727.725 672.021 647.685 555.199 543.268 2559.25 1792.06 2372.56 973.165 3103.05 801.987 1044.18 818.833 573.215 997.955 576.489 498.537 622.386 459.108 458.523 434.479
threshold=12.690476190476192 12.500000000000002 12.500000000000002 12.071428571428573 12.500000000000002 1.0000000180025095e-35 2.9285714285714293 2.5000000000000004 2.5000000000000004 -0.9404343180211393 23.500000000000004 -0.96591663137137795 29.350000000000005 29.550000000000001 0.52053679269617514 19.500000000000004 -0.58943521219697059 46.500000000000007 47.500000000000007 0.39310637691736899 40.619047619047628 -0.72373135621670459 46.500000000000007 46.500000000000007 12.500000000000002 4.5000000000000009 9.5000000000000018 47.500000000000007 1.5000000000000002 37.000000000000007
decision_type=2 10 8 2 10 2 2 8 10 2 2 2 2 2 2 2 2 8 2 2 2 2 10 10 10 10 8 2 8 2
left_child=1 3 10 4 6 -6 8 -8 -1 -7 -2 -3 -13 19 17 -16 -17 29 -19 22 21 -21 24 -24 -4 26 -12 -22 -27 -15
right_child=2 11 13 -5 5 9 7 -9 -10 -11 25 12 -14 14 15 16 -18 18 -20 20 27 -23 23 -25 -26 28 -28 -29 -30 -31
leaf_value=-0.001771007740711179 0.021040438266741207 -0.07597534599621622 0.075047575342369069 0.019416142347578765 0.0030977862530863396 -0.09262130307771449 0.030622015868124089 0.000403640965631376 -0.013761780661033727 -0.031124374505761172 0.82139914512634304 -0.017614115772767083 -0.062129233360101177 0.0071266956035044033 -0.0011767940040722264 -0.098672280654400271 0.020378621653244035 -1.2733410596847539 0.19461461702982583 -0.0036672136822187076 0.0079453781166154407 0.0058379817124807141 -0.63636732763714243 0.014760880259906545 0.019218422650659064 -0.36382758418718975 0.11028118897229432 0.14402122766171629 0.074963967781513929 0.051352395343615909
leaf_weight=221450 1727 663 513 5364 3507 628 3320 523290 19850 2056 4.9999999999999973 5021 814 7165 1717 1683 557 5.9999999999999973 9 30922 92 84775 9.0000000000000018 17 4687 5.9999999999999991 8 190 771 602
leaf_count=221450 1727 663 513 5364 3507 628 3320 523290 19850 2056 5 5021 814 7165 1717 1683 557 6 9 30922 92 84775 9 17 4687 6 8 190 771 602
internal_value=3.48981e-12 -0.000698513 0.00405287 -0.000461368 -0.000599106 -0.0179767 -0.000459005 0.000594152 -0.0027574 -0.0455134 0.0385142 -0.0291452 -0.0238241 0.00340042 -0.00686998 -0.0396096 -0.069069 0.00977749 -0.392568 0.00439513 0.00353178 0.00329756 0.0235553 -0.21063 0.0247262 0.0767133 0.383788 0.0996277 0.0715756 0.0105545
internal_weight=921424 785963 135461 779465 774101 6191 767910 526610 241300 2684 2517 6498 5835 132944 11739 3957 2240 7782 15 121205 115979 115697 5226 26 5200 790 13 282 777 7767
internal_count=921424 785963 135461 779465 774101 6191 767910 526610 241300 2684 2517 6498 5835 132944 11739 3957 2240 7782 15 121205 115979 115697 5226 26 5200 790 13 282 777 7767
is_linear=0
shrinkage=0.05


Tree=105
num_leaves=31
num_cat=0
split_feature=0 2 0 2 7 8 0 9 3 0 3 3 2 9 8 7 7 9 6 1 0 1 0 2 1 0 2 9 1 8
split_gain=1024.88 722.947 670.581 581.195 2524.23 2470.46 1828.22 1466.68 1519.24 1366.61 1347.23 1123.61 950.004 895.824 719.9 1518.8 1303.9 1194.31 1133.48 1064.19 707.797 607.941 576.723 2199 623.319 566.868 717.594 711.371 560.495 887.115
threshold=22.500000000000004 -0.47898255845512089 14.500000000000002 -0.81915204428899169 10.500000000000002 11.062500000000002 39.500000000000007 0.39226616107222395 1.0000000180025095e-35 51.500000000000007 -0.60785761079279388 1.0000000180025095e-35 -0.9914354235332985 0.41652205830590799 17.071428571428573 34.500000000000007 18.500000000000004 0.39688767247340251 17.500000000000004 -0.53545706213121702 51.500000000000007 -0.36238283721496317 44.000000000000007 0.65918890865109991 -0.64278760968653914 21.500000000000004 -0.93894197835419624 0.41139506112120555 -0.73579992312290443 1.4642857142857146
decision_type=2 2 2 2 10 2 2 2 2 2 2 2 2 2 2 10 10 2 10 2 2 2 2 2 2 2 2 2 2 2
left_child=1 25 -3 4 5 9 7 -6 -9 11 20 -2 -12 21 15 16 19 -18 -16 -5 -8 -7 24 -24 -20 -1 27 -27 -4 -30
right_child=3 2 28 14 6 13 10 8 -10 -11 12 -13 -14 -15 18 -17 17 -19 22 -21 -22 -23 23 -25 -26 26 -28 -29 29 -31
leaf_value=-0.0028559015407063982 0.0079213968274101168 -0.0021836593602181644 -0.0014731209673216608 0.0086316216953872173 0.074679359139801213 0.074318071293759891 -0.062799339124821232 -0.0020844745587944693 -0.04193656802032017 0.27541803259115955 0.21511758604525208 0.036603402407448471 0.067637644417580578 -0.0035320283090641172 0.051590533979574062 0.87145112037658701 -0.12592378845117216 -0.017120449066869766 -0.0013880719190379675 -0.003463828575869481 0.13175003022739762 0.18191180944453042 0.015341847527262212 -0.10914811387934867 0.015382403407788231 0.3328976007608267 0.0083432869667368955 0.076805707092627129 -0.004106464470549475 0.004236862452339867
leaf_weight=272322 9140 167495 100596 27880 457 206 260 6446 3802 52 136 5451 554 128 1509 4.9999999999999991 377 762 8927 52295 57 362 1215 501 14606 39 241 89 37626 207888
leaf_count=272322 9140 167495 100596 27880 457 206 260 6446 3802 52 136 5451 554 128 1509 5 377 762 8927 52295 57 362 1215 501 14606 39 241 89 37626 207888
internal_value=1.24323e-11 -0.000691285 0.000413432 0.00402252 0.0105769 0.0239232 -0.00690247 -0.0129613 -0.0168696 0.0195485 0.0575066 0.0186366 0.0967062 0.115962 0.00238199 4.11577e-05 -1.24253e-05 -0.0531335 0.0094959 0.000742235 -0.0278173 0.14289 0.00698013 -0.021004 0.0090207 -0.00277199 0.0591584 0.154834 0.00167026 0.00295821
internal_weight=921424 786296 513605 135128 27051 15339 11712 10705 10248 14643 1007 14591 690 696 108077 81319 81314 1139 26758 80175 317 568 25249 1716 23533 272691 369 128 346110 245514
internal_count=921424 786296 513605 135128 27051 15339 11712 10705 10248 14643 1007 14591 690 696 108077 81319 81314 1139 26758 80175 317 568 25249 1716 23533 272691 369 128 346110 245514
is_linear=0
shrinkage=0.05


Tree=106
num_leaves=31
num_cat=0
split_feature=0 2 7 3 2 0 8 8 10 2 8 6 1 0 2 2 6 6 8 7 10 7 7 6 9 2 8 8 6 6
split_gain=941.164 2272.63 1907 3152.44 3146.18 2349.79 1617.07 1372.83 826.225 809.363 818.385 822.196 789.538 781.569 935.871 738.868 731.567 597.168 579.772 1261.85 1194.27 1280.82 880.961 741.61 692.697 1136.54 812.295 510.461 1364.68 504.013
threshold=26.000000000000004 -0.64278760968653914 20.500000000000004 1.0000000180025095e-35 -0.95436844760270667 31.500000000000004 20.773809523809529 16.380952380952383 21.550000000000001 -0.55543802234893469 5.4642857142857153 5.5000000000000009 -0.23552078107181532 39.500000000000007 -0.96591663137137795 -0.88599923532063174 1.0000000180025095e-35 5.5000000000000009 19.464285714285719 34.500000000000007 31.850000000000005 17.500000000000004 21.500000000000004 19.500000000000004 0.40572968766454037 0.53913703985740891 28.071428571428573 0.30952380952380959 1.0000000180025095e-35 20.500000000000004
decision_type=2 2 10 2 2 2 2 2 2 2 2 10 2 2 2 2 10 10 2 10 2 10 10 10 2 2 2 2 8 10
left_child=9 2 3 8 5 -5 15 -6 -2 -1 11 27 17 14 -8 29 -10 -12 19 20 22 -22 -3 -20 25 -25 -26 -11 -29 -4
right_child=1 18 6 4 7 -7 13 -9 16 10 12 -13 -14 -15 -16 -17 -18 -19 23 -21 21 -23 -24 24 26 -27 -28 28 -30 -31
leaf_value=-0.0026823187971305798 -0.0052077251952212444 -0.0044038962745266618 -0.1036368893801108 0.061718268192845621 0.018683446872612811 0.17721313183494997 -0.059323154675105752 0.1026298155031352 0.11288194782182313 -0.0061302563976165236 0.022690543890946335 -0.024719120288134402 0.0046031400889714937 0.041480486974945024 0.0051208707874156982 0.01741602847965934 0.021054003508735736 -0.0011624582304873286 0.071478334068751107 0.66770689317158294 0.068685128670365483 -0.10235584674054765 -0.074550560782848149 0.011260071335799302 0.0068110233281575925 -0.034341763344219726 0.046788999916358903 0.021792234709672023 -0.0007515962305051332 -0.24958998084600484
leaf_weight=273234 4104 31712 169 968 2933 808 777 584 228 41177 2683 3696 175273 875 2049 82 4452 119161 459 6.9999999999999991 933 124 454 3701 4373 2166 1791 6910 235450 91
leaf_count=273234 4104 31712 169 968 2933 808 777 584 228 41177 2683 3696 175273 875 2049 82 4452 119161 459 7 933 124 454 3701 4373 2166 1791 6910 235450 91
internal_value=5.58537e-12 0.00585686 0.020842 0.0295349 0.0600162 0.114263 -0.00942498 0.0326228 0.0111677 -0.000435994 0.000614356 -0.00128873 0.00245413 0.000187517 -0.0125978 -0.113448 0.0255277 -0.000637216 -8.21466e-05 -0.00353407 -0.0036755 0.0486198 -0.00539397 0.0091018 0.00672205 -0.00557538 0.0184269 -0.000983309 -0.000108842 -0.15472
internal_weight=921424 63840 18120 14077 5293 1776 4043 3517 8784 857584 584350 287233 297117 3701 2826 342 4680 121844 45720 33230 33223 1057 32166 12490 12031 5867 6164 283537 242360 260
internal_count=921424 63840 18120 14077 5293 1776 4043 3517 8784 857584 584350 287233 297117 3701 2826 342 4680 121844 45720 33230 33223 1057 32166 12490 12031 5867 6164 283537 242360 260
is_linear=0
shrinkage=0.05


Tree=107
num_leaves=31
num_cat=0
split_feature=8 7 2 8 3 6 9 2 6 6 5 1 6 0 8 6 7 7 1 7 2 7 10 2 7 5 8 6 5 0
split_gain=877.752 2091.96 1553.96 1083.34 972.933 956.773 844.872 733.199 722.894 593.872 592.715 588.405 1107.39 578.529 516.918 2086.49 664.843 557.934 491.97 755.93 582.454 478.428 472.201 1445.54 1589.1 887.893 658.089 1505.26 391.538 349.796
threshold=9.8660714285714306 9.5000000000000018 -0.92387073784400886 9.0625000000000018 1.0000000180025095e-35 9.5000000000000018 0.39570858461769415 -0.97676355679130589 9.5000000000000018 9.5000000000000018 1.0000000180025095e-35 -0.86601715984676897 1.5000000000000002 26.000000000000004 1.7738095238095239 1.5000000000000002 2.5000000000000004 1.5000000000000002 -0.64278760968653914 1.5000000000000002 0.13052494970477621 13.500000000000002 29.550000000000001 0.25881658133175089 16.500000000000004 46.500000000000007 31.845238095238098 32.500000000000007 28.500000000000004 18.500000000000004
decision_type=2 10 2 2 2 8 2 2 10 8 8 2 10 2 2 8 10 8 2 10 2 10 2 2 10 8 2 10 10 2
left_child=1 3 4 14 -3 7 11 13 -8 -5 -7 12 -4 -2 18 16 -16 -17 20 -20 -1 -13 26 25 -25 -24 27 -12 -28 -9
right_child=5 2 6 9 -6 10 8 29 -10 -11 22 21 -14 -15 15 17 -18 -19 19 -21 -22 -23 23 24 -26 -27 28 -29 -30 -31
leaf_value=-0.0036505862349592044 0.067058198907402125 -0.011668961820370461 0.63069665729999547 0.02799926947758143 -0.075156465726777311 0.21740848298650237 0.0035587140269926227 -0.0071760044937642922 -0.021394812929383958 0.0014512389196551017 0.002673393992420539 -0.038972823533810964 -0.0012595455519207005 0.27697409672232776 0.048875616437959936 0.012343173622639104 0.006314448319414751 -0.00043119331079470027 -0.0036591722314119877 -0.018076612376126622 0.0077677747274708872 -0.11162425179472524 0.010727772319267392 -0.0052612772062619328 -0.045869414329245933 -0.37426934560139974 0.34030839502811433 -0.21561981849843945 0.026832497447878023 0.038215840956855991
leaf_weight=26131 89 927 6.9999999999999991 5112 1729 32 7781 564 4629 3583 221321 2172 715 52 2851 8705 1353 472719 105286 9951 19505 253 9226 9074 3280 14.999999999999998 9.9999999999999982 79 2558 1715
leaf_count=26131 89 927 7 5112 1729 32 7781 564 4629 3583 221321 2172 715 52 2851 8705 1353 472719 105286 9951 19505 253 9226 9074 3280 15 10 79 2558 1715
internal_value=4.96345e-12 -0.000936539 -0.0176514 -0.000471903 -0.052998 0.00254288 -0.0116168 0.033828 -0.00574909 0.0170595 0.00223461 -0.0347555 0.00486745 0.144474 -0.000707688 0.000106052 0.0351779 -0.00020021 -0.00316413 -0.00490415 0.00122966 -0.0465525 0.00220657 -0.00485446 -0.0160428 0.0101028 0.0028874 0.0025955 0.0280532 0.0269824
internal_weight=921424 673409 18213 655196 2656 248015 15557 2420 12410 8695 245595 3147 722 141 646501 485628 4204 481424 160873 115237 45636 2425 245563 21595 12354 9241 223968 221400 2568 2279
internal_count=921424 673409 18213 655196 2656 248015 15557 2420 12410 8695 245595 3147 722 141 646501 485628 4204 481424 160873 115237 45636 2425 245563 21595 12354 9241 223968 221400 2568 2279
is_linear=0
shrinkage=0.05


Tree=108
num_leaves=31
num_cat=0
split_feature=0 2 0 0 10 1 7 8 3 1 8 2 3 2 3 2 1 1 10 5 7 2 4 8 6 8 9 0 2 9
split_gain=850.646 573.121 583.316 512.754 613.6 510.792 1460.32 2058.89 1745.26 1697.79 1623.68 1218.06 2798.78 1083.22 1469.29 976.336 2202.59 1446.8 897.354 839.428 967.06 1168.97 827.903 669.466 887.006 531.272 530.503 509.42 647.397 640.409
threshold=22.500000000000004 -0.47898255845512089 14.500000000000002 21.500000000000004 31.600000000000005 0.15210021706137414 14.500000000000002 15.380952380952383 1.0000000180025095e-35 -0.70710005003962695 14.154761904761907 -0.95436844760270667 1.0000000180025095e-35 -0.92387073784400886 1.0000000180025095e-35 0.52053679269617514 -0.58943521219697059 -0.23552078107181532 29.550000000000001 36.500000000000007 35.500000000000007 0.91517207274776669 -0.56174490092936669 22.535714285714288 23.500000000000004 38.773809523809533 0.40545906867234 21.500000000000004 -0.93894197835419624 0.41139506112120555
decision_type=2 2 2 2 2 2 10 2 2 2 2 2 2 2 2 2 2 2 2 10 10 2 2 2 10 2 2 2 2 2
left_child=1 27 -3 -4 -5 6 10 8 22 -10 11 12 -2 14 -12 17 -17 -9 -13 20 23 -22 -8 24 -7 -15 -25 -1 29 -29
right_child=5 2 3 4 -6 19 7 15 9 -11 13 18 -14 25 -16 16 -18 -19 -20 -21 21 -23 -24 26 -26 -27 -28 28 -30 -31
leaf_value=-0.0025619284587729591 0.0035214150347912081 -0.0020684024083563444 0.0016123412685311563 -0.030397087170909217 -0.24238502830266953 -0.0011367310454522351 -0.058735530073476809 0.016768315732762877 0.0085440310408367963 -0.10910266848213024 -0.013936466513467687 0.002350190398399139 0.071478529865129384 0.036590383018578546 0.18122127277671451 -0.05139502112668496 0.0090583791959974146 -0.028636763743478108 0.022023986994149765 0.1079616123481103 -0.033772769395042861 -0.69527222134850242 0.014300675686501015 -0.11987327734806708 -0.2207836894207108 -0.43455145681897805 0.018653470213546554 0.31605062446533105 0.0079604223244354958 0.073067392565812281
leaf_weight=272322 3947 167495 345415 659 36 58482 545 11828 417 1159 140 30903 2459 2172 310 2405 4034 2060 7134 181 17.000000000000004 10.999999999999998 1347 70 46 5.9999999999999991 5455 39 241 89
leaf_count=272322 3947 167495 345415 659 36 58482 545 11828 417 1159 140 30903 2459 2172 310 2405 4034 2060 7134 181 17 11 1347 70 46 6 5455 39 241 89
internal_value=2.84203e-14 -0.000629788 0.000353817 0.00152602 -0.0413778 0.00366467 0.00659204 -0.00350303 -0.0391104 -0.0779741 0.0116952 0.00943707 0.0296074 0.0498837 0.120506 0.00257197 -0.0135213 0.0100334 0.00604009 0.000436465 0.000132755 -0.293648 -0.00673777 0.000261177 -0.00130936 0.0352925 0.0168984 -0.00248238 0.0562261 0.147101
internal_weight=921424 786296 513605 346110 695 135128 70866 23795 3468 1576 47071 44443 6406 2628 450 20327 6439 13888 38037 64262 64081 28 1892 64053 58528 2178 5525 272691 369 128
internal_count=921424 786296 513605 346110 695 135128 70866 23795 3468 1576 47071 44443 6406 2628 450 20327 6439 13888 38037 64262 64081 28 1892 64053 58528 2178 5525 272691 369 128
is_linear=0
shrinkage=0.05


Tree=109
num_leaves=31
num_cat=0
split_feature=8 7 3 2 2 1 6 8 6 6 8 0 7 5 7 8 6 4 6 7 10 7 7 8 2 3 6 9 0 1
split_gain=796.922 1894.31 1459.55 1053.19 1321.49 1846.67 877.559 697.727 1496.78 1010.97 949.016 672.644 569.195 1050.6 562.365 551.734 726.808 478.238 609.721 479.205 477.999 470.415 370.847 1351.44 1027.58 857.101 783.667 667.339 1610.37 1237.07
threshold=14.866071428571431 14.500000000000002 1.0000000180025095e-35 -0.92387073784400886 0.46368156678007261 -0.34406860020158053 14.500000000000002 3.9285714285714293 3.5000000000000004 3.5000000000000004 3.3095238095238098 44.000000000000007 6.5000000000000009 4.5000000000000009 3.5000000000000004 14.071428571428573 14.500000000000002 1.0000000180025095e-35 3.5000000000000004 19.500000000000004 32.550000000000004 3.5000000000000004 16.500000000000004 16.845238095238098 -0.93186591997002521 1.0000000180025095e-35 17.500000000000004 0.39457421305217361 27.500000000000004 -0.77836700843141071
decision_type=2 10 2 2 2 2 8 2 10 8 2 2 10 10 10 2 10 2 10 10 2 10 10 2 2 2 10 2 2 2
left_child=1 7 17 -4 11 -6 -2 8 10 12 -1 -5 13 -9 -10 16 -11 19 -19 -3 -17 -12 27 24 25 -24 -26 28 -8 -30
right_child=6 2 3 4 5 -7 22 9 14 15 21 -13 -14 -15 -16 20 -18 18 -20 -21 -22 -23 23 -25 26 -27 -28 -29 29 -31
leaf_value=-0.0017394916856742389 0.044871718004943606 -0.01531441224621229 -0.08456469734779723 0.0026054329089928679 -0.11240348199347626 -0.017374544593270223 0.016931990356976675 0.079382962220117467 -0.0058668706703600415 0.00069435090190282797 0.027368634245768655 0.46220362186431885 -0.026348419222953279 0.014878503478604877 -0.026517812948794395 0.01823789751078092 -0.041595996742701757 0.36463166872660319 0.0075382130897018564 -0.13560202803681878 -0.17869256011420681 0.00098908279746829915 -0.026228892186830284 0.0041490511230407963 -0.0049645374221962994 -0.12812838185950162 -0.072690790492769164 0.0058422668146277442 -0.019416632810262621 0.17929737208233412
leaf_weight=292067 1340 3196 1096 1634 843 1299 2944 959 5520 507248 4231 7.9999999999999991 407 1847 8185 5122 1018 11.999999999999998 3108 85 31 2814 437 45725 3526 391 486 25452 108 285
leaf_count=292067 1340 3196 1096 1634 843 1299 2944 959 5520 507248 4231 8 407 1847 8185 5122 1018 12 3108 85 31 2814 437 45725 3526 391 486 25452 108 285
internal_value=1.08269e-11 -0.000455555 -0.0208067 -0.0414044 -0.0289035 -0.0547739 0.00474631 -0.000178767 -0.00204241 0.000949658 -0.00130208 0.00484464 0.0289091 0.036924 -0.0182002 0.000774686 0.000609648 -0.00510337 0.00891165 -0.0184307 0.0170532 0.0168318 0.00406873 0.00148962 -0.0236349 -0.0743481 -0.0131687 0.0085987 0.0296226 0.124689
internal_weight=921424 840730 11281 4880 3784 2142 80694 829449 312817 516632 299112 1642 3213 2806 13705 513419 508266 6401 3120 3281 5153 7045 79354 50565 4840 828 4012 28789 3337 393
internal_count=921424 840730 11281 4880 3784 2142 80694 829449 312817 516632 299112 1642 3213 2806 13705 513419 508266 6401 3120 3281 5153 7045 79354 50565 4840 828 4012 28789 3337 393
is_linear=0
shrinkage=0.05


Tree=110
num_leaves=31
num_cat=0
split_feature=0 2 7 3 0 2 8 3 10 2 10 5 6 2 0 8 3 6 1 8 7 10 7 7 0 1 0 7 3 1
split_gain=754.294 1965.92 1751.51 2747.45 2504.38 1813.13 1766.57 987.155 880.753 796.639 733.646 713.699 679.995 660.263 743.016 632.607 587.394 570.794 679.644 480.723 1066.49 1066.34 1074.6 751.946 716.712 1830.57 4870.63 916.74 763.802 1036.29
threshold=26.000000000000004 -0.64278760968653914 22.500000000000004 1.0000000180025095e-35 47.500000000000007 -0.95436844760270667 22.773809523809529 1.0000000180025095e-35 24.950000000000003 -0.87659322597609213 21.550000000000001 34.500000000000007 1.0000000180025095e-35 -0.64278760968653914 18.500000000000004 0.15476190476190479 1.0000000180025095e-35 1.0000000180025095e-35 -0.1950438958025166 19.464285714285719 34.500000000000007 31.850000000000005 17.500000000000004 21.500000000000004 44.000000000000007 -0.84221522938863902 47.500000000000007 26.500000000000004 -0.60785761079279388 -0.60875563403867206
decision_type=2 2 10 2 2 2 2 2 2 2 2 10 10 2 2 2 2 8 2 2 10 2 10 10 2 2 2 10 2 2
left_child=13 2 3 10 5 -5 7 -4 -6 -9 -2 16 -12 -1 -15 -16 -8 18 -17 20 21 23 -23 -3 28 27 -27 -26 -21 -30
right_child=1 19 6 4 8 -7 11 9 -10 -11 12 -13 -14 14 15 17 -18 -19 -20 24 -22 22 -24 -25 25 26 -28 -29 29 -31
leaf_value=-0.0025940770777380705 -0.005499348335781422 -0.0042628559209341391 -0.028507387425310705 0.089253401519327341 0.24028153213568859 0.028658032089707443 0.0085495952166946831 -0.24729951099419087 0.73076696038246158 0.062677626994748922 0.10710977108724284 0.051445055047124821 0.018693737394340222 -0.00078923628782364634 -0.0074330842398360915 0.035150093151043837 -0.041101243841021151 0.0031586296337953708 -0.003648692181714778 -0.0092735567908954139 0.61367240803582335 0.064240501560809821 -0.09242694643624183 -0.069069903366891297 0.18595826834399296 -0.29522059438119563 -0.0042390556172199586 0.013341502804249165 0.00023074017136698804 0.03616167646059
leaf_weight=243412 4286 31712 144 1861 108 3667 1355 152 9.9999999999999982 24 228 517 4705 400050 13954 3007 1063 195354 1807 3007 6.9999999999999991 933 124 454 91 192 573 497 3607 4523
leaf_count=243412 4286 31712 144 1861 108 3667 1355 152 10 24 228 517 4705 400050 13954 3007 1063 195354 1807 3007 7 933 124 454 91 192 573 497 3607 4523
internal_value=-3.03622e-12 0.00524327 0.0191806 0.0264549 0.0539227 0.0490575 -0.0140397 -0.125595 0.281848 -0.20503 0.00963281 -0.00187694 0.0227803 -0.000390318 0.000483088 0.00286021 -0.0132779 0.00357777 0.0205864 -0.000280462 -0.00342372 -0.00355374 0.0458613 -0.00517756 0.00808227 -0.0262812 -0.0772697 0.040056 0.012257 0.0202204
internal_weight=921424 63840 18120 14865 5646 5528 3255 320 118 176 9219 2935 4933 857584 614172 214122 2418 200168 4814 45720 33230 33223 1057 32166 12490 1353 765 588 11137 8130
internal_count=921424 63840 18120 14865 5646 5528 3255 320 118 176 9219 2935 4933 857584 614172 214122 2418 200168 4814 45720 33230 33223 1057 32166 12490 1353 765 588 11137 8130
is_linear=0
shrinkage=0.05


Tree=111
num_leaves=31
num_cat=0
split_feature=8 7 2 5 7 3 2 0 1 2 0 3 3 1 6 8 5 6 3 10 2 8 10 0 5 8 6 1 6 3
split_gain=734.607 1762.75 1237.72 1075.41 939.391 1885.6 1626.14 970.426 825.16 727.454 2063.17 2319.68 1907.29 718.339 703.384 671.169 866.801 659.207 618.284 592.816 1162.88 571.979 481.276 539.109 426.218 409.124 2056.75 403.089 386.341 385.553
threshold=6.8660714285714297 6.5000000000000009 -0.93186591997002521 1.0000000180025095e-35 6.5000000000000009 1.0000000180025095e-35 -0.95436844760270667 26.000000000000004 -0.84455963375842924 -0.98101942973744338 39.500000000000007 1.0000000180025095e-35 1.0000000180025095e-35 -0.42459350082107911 5.5000000000000009 6.0625000000000009 6.5000000000000009 5.5000000000000009 1.0000000180025095e-35 29.550000000000001 0.19504389580251666 28.690476190476193 31.600000000000005 15.500000000000002 6.5000000000000009 1.6904761904761907 1.5000000000000002 -0.92387073784400886 14.500000000000002 1.0000000180025095e-35
decision_type=2 10 2 8 8 2 2 2 2 2 2 2 2 2 10 2 8 8 2 2 2 2 2 2 10 2 8 2 10 2
left_child=1 15 18 13 5 24 7 -7 -8 10 12 -12 -6 14 -2 22 17 -17 -3 21 -21 -11 25 -24 -5 -1 -27 -25 -16 -4
right_child=3 2 29 4 9 6 8 -9 -10 19 11 -13 -14 -15 28 16 -18 -19 -20 20 -22 -23 23 27 -26 26 -28 -29 -30 -31
leaf_value=-0.0033682678887001481 0.86086372647966614 -0.015196781481896272 -0.0053105112587212974 0.07825570854992589 0.0019733430173398815 0.080500831643075019 -0.033459134349527783 0.22341871463693677 0.03893115301718935 0.00214726514429866 0.0059904355052011939 0.25949262888414265 -0.025777090135802091 0.10346611495006759 -0.10488314628601077 0.097227795387599014 0.00068041743240866074 0.02424184781193699 -0.065111975838304761 0.0071277334638605349 -0.011674397967399167 0.021223648185580566 -0.00012967918216237701 0.0016585164829844908 -0.0037470608943126074 0.034437414393970044 -0.00068438710932530213 0.026476558033254084 0.49021815856297812 -0.020772928902056721
leaf_weight=152589 7.0000000000000027 966 11190 163 16489 461 453 160 3005 335390 220 153 9915 53 4.9999999999999982 339 6416 3540 1734 13320 21493 3976 10280 2526 5687 4226 305716 4644 6 6302
leaf_count=152589 7 966 11190 163 16489 461 453 160 3005 335390 220 153 9915 53 5 339 6416 3540 1734 13320 21493 3976 10280 2526 5687 4226 305716 4644 6 6302
internal_value=9.73143e-12 -0.00126672 -0.0157448 0.00157345 0.00153983 0.0167323 0.0428264 0.117323 0.029448 0.00116362 -0.00679767 0.109974 -0.00844726 0.19615 0.469052 -0.00067044 0.0119613 0.0306204 -0.0472534 0.00173334 -0.00448041 0.00237076 -0.000941376 0.00720994 -0.0014622 -0.0012489 -0.000205508 0.0177331 0.219718 -0.0108813
internal_weight=921424 510468 20192 410956 410885 9929 4079 621 3458 400956 26777 373 26404 71 18 490276 10295 3879 2700 374179 34813 339366 479981 17450 5850 462531 309942 7170 11 17492
internal_count=921424 510468 20192 410956 410885 9929 4079 621 3458 400956 26777 373 26404 71 18 490276 10295 3879 2700 374179 34813 339366 479981 17450 5850 462531 309942 7170 11 17492
is_linear=0
shrinkage=0.05


Tree=112
num_leaves=31
num_cat=0
split_feature=8 6 8 7 3 0 2 1 2 0 3 3 7 5 4 7 3 8 5 10 2 7 5 10 0 0 5 7 0 1
split_gain=672.574 1957.54 1132.36 679.25 2191.26 1544.22 1531.17 929.809 564.956 1881.27 2095.41 1737.11 3247.76 1231.01 589.578 548.167 980.259 647.947 513.955 512.244 1233.76 1432.91 1014.01 510.763 698.396 510.041 492.871 477.683 757.385 453.212
threshold=7.9285714285714297 7.5000000000000009 7.3095238095238102 7.5000000000000009 1.0000000180025095e-35 17.500000000000004 -0.95436844760270667 -0.84221522938863902 -0.9914354235332985 39.500000000000007 1.0000000180025095e-35 1.0000000180025095e-35 22.500000000000004 31.500000000000004 -0.56174490092936669 7.5000000000000009 1.0000000180025095e-35 5.8660714285714297 7.5000000000000009 29.550000000000001 0.25881658133175089 11.500000000000002 46.500000000000007 31.600000000000005 23.500000000000004 51.500000000000007 3.5000000000000004 42.500000000000007 47.500000000000007 -0.77836700843141071
decision_type=2 10 2 8 2 2 2 2 2 2 2 2 10 10 2 10 2 2 10 2 2 10 10 2 2 2 8 10 2 2
left_child=1 2 15 4 18 -6 25 -8 9 11 -11 14 -13 -12 -5 23 -17 -18 -2 27 22 -22 -21 -1 -25 -7 -4 -10 -29 -20
right_child=3 -3 26 8 5 6 7 -9 19 10 13 12 -14 -15 -16 16 17 -19 29 20 21 -23 -24 24 -26 -27 -28 28 -30 -31
leaf_value=-0.00093762445756738553 0.079631678353606961 -0.020618379825071035 0.39094455126259064 -0.021516711099966838 -0.001272818761928177 0.14542047973941355 -0.028626464963765138 0.061759979476573371 0.0023624709557286145 0.0040197678882142769 0.37780427485704426 -0.025155166190249191 -0.24212226618180743 -0.099826266150921592 0.008917649641929341 0.00047253759850865982 -0.055702588290958234 -0.014885592979805141 -0.03027659443700495 0.007910096046515604 0.0015081378911719198 -0.027318764370262712 -0.41785314423697334 0.0050597652278934271 0.046707315144922996 0.65337768077850344 0.020649045365693727 -0.082134021225117024 0.12443461594218648 0.0013252397030312304
leaf_weight=521143 173 12517 8.9999999999999982 1997 1315 425 334 1921 297257 138 86 5561 178 15.999999999999998 7833 5907 1641 2386 1602 12594 8483 8765 13.999999999999998 18069 1066 4.9999999999999991 5863 59 179 3888
leaf_count=521143 173 12517 9 1997 1315 425 334 1921 297257 138 86 5561 178 16 7833 5907 1641 2386 1602 12594 8483 8765 14 18069 1066 5 5863 59 179 3888
internal_value=-3.27413e-12 -0.00106411 -0.000623955 0.00171489 0.0147886 0.0431191 0.0648604 0.0483724 0.00134675 -0.007885 0.131036 -0.0100265 -0.0318846 0.302882 0.0027348 -0.000857043 -0.0124958 -0.0315185 -0.00522237 0.00179258 -0.00445089 -0.013141 0.00743733 -0.000643042 0.00737993 0.151327 0.0212166 0.00241916 0.0732264 -0.00789628
internal_weight=921424 568601 556084 352823 9663 4000 2685 2255 343160 15809 240 15569 5739 102 9830 550212 9934 4027 5663 327351 29856 17248 12608 540278 19135 430 5872 297495 238 5490
internal_count=921424 568601 556084 352823 9663 4000 2685 2255 343160 15809 240 15569 5739 102 9830 550212 9934 4027 5663 327351 29856 17248 12608 540278 19135 430 5872 297495 238 5490
is_linear=0
shrinkage=0.05


Tree=113
num_leaves=31
num_cat=0
split_feature=8 7 3 6 2 0 8 5 3 7 5 10 2 5 7 5 0 2 1 1 2 10 9 5 7 8 6 8 1 8
split_gain=641.399 1659.55 1336.98 821.529 766.948 739.635 586.259 666.224 574.625 598.067 565.758 541.526 822.831 543.049 496.987 442.403 429.111 802.168 1622.85 569.218 450.729 989.543 519.93 425.672 390.183 1194.23 657.423 593.535 914.377 413.368
threshold=10.845238095238097 10.500000000000002 1.0000000180025095e-35 10.500000000000002 -0.86601715984676897 27.500000000000004 10.062500000000002 10.500000000000002 1.0000000180025095e-35 4.5000000000000009 10.500000000000002 29.250000000000004 0.33996843066449761 5.5000000000000009 14.500000000000002 1.0000000180025095e-35 39.500000000000007 -0.70710005003962684 -0.34406860020158053 -0.99409982388573015 0.38267978949462689 29.550000000000001 0.39619152946770875 11.500000000000002 11.500000000000002 11.866071428571431 11.500000000000002 11.183333333333335 -0.6898024660358143 40.619047619047628
decision_type=2 10 2 8 2 2 2 8 2 10 10 2 2 10 10 8 2 2 2 2 2 2 2 10 8 2 10 2 2 2
left_child=1 6 10 5 -4 -2 16 -8 9 -7 -3 13 -13 -6 23 -5 20 18 -18 -19 22 -22 -1 -10 27 26 -26 -17 -29 -27
right_child=3 2 4 15 11 8 7 -9 14 -11 -12 12 -14 -15 -16 24 17 19 -20 -21 21 -23 -24 -25 25 29 -28 28 -30 -31
leaf_value=-0.0058230551179266257 0.020639856044280133 0.0008541441008828246 -0.061259741891569325 0.20837885781836052 -0.07931771441362799 -0.26971610869680135 0.03288767199068892 0.0019090775282529652 0.37068613590672617 0.070273220187929628 -0.030881819279145517 0.005768629240557697 -0.063654945924890599 -6.2350104736607812e-05 -0.08223054809495807 0.0022754603708164483 0.29136929563750086 0.18761668201626802 0.040059328812233785 -0.0011207395935497924 -0.00010234727510910187 0.0090695642587644756 -0.00083364615034515479 0.15805342680450238 -0.0010417643564665047 0.0019165887471874771 -0.029678130082944766 -0.00683376723658978 0.024388231653777379 0.046571176568082039
leaf_weight=60492 2101 7856 1873 26 239 13.999999999999998 2802 4560 32 170 1710 614 1400 2259 15.999999999999998 23609 74 41 487 1558 218692 33976 381556 89 3485 154550 4717 3211 8695 520
leaf_count=60492 2101 7856 1873 26 239 14 2802 4560 32 170 1710 614 1400 2259 16 23609 74 41 487 1558 218692 33976 381556 89 3485 154550 4717 3211 8695 520
internal_value=5.95034e-12 -0.000697321 -0.0166454 0.0024956 -0.0343637 0.03144 -0.000336098 0.0136996 0.102129 0.0444045 -0.00481892 -0.0231988 -0.0424901 -0.00764523 0.179657 0.00214299 -0.000484375 0.0217668 0.073209 0.00371868 -0.000553559 0.00113099 -0.00151642 0.214287 0.00211602 0.00108288 -0.0175106 0.00686566 0.0159678 0.00206633
internal_weight=921424 720189 15951 201235 6385 2422 704238 7362 321 184 9566 4512 2014 2498 137 198813 696876 2160 561 1599 694716 252668 442048 121 198787 163272 8202 35515 11906 155070
internal_count=921424 720189 15951 201235 6385 2422 704238 7362 321 184 9566 4512 2014 2498 137 198813 696876 2160 561 1599 694716 252668 442048 121 198787 163272 8202 35515 11906 155070
is_linear=0
shrinkage=0.05


Tree=114
num_leaves=31
num_cat=0
split_feature=0 2 0 0 1 8 1 0 10 1 7 8 3 1 2 3 0 6 2 1 1 10 2 4 5 7 2 8 8 6
split_gain=614.488 455.552 785.387 619.616 596.851 602.146 467.301 519.234 502.071 448.417 1246.27 1663.52 1410.14 1424.09 1346.65 2575.74 3016.23 1863.85 832.962 1883.13 1267.82 820.792 1923.6 724.779 695.009 881.163 1051.5 604.062 526.029 794.349
threshold=22.500000000000004 0.67719547657430124 15.500000000000002 20.500000000000004 0.1929129249116884 1.8660714285714288 -0.33996843066449778 21.500000000000004 28.450000000000003 0.15210021706137414 14.500000000000002 15.380952380952383 1.0000000180025095e-35 -0.70710005003962695 -0.90538146624550886 1.0000000180025095e-35 31.500000000000004 1.0000000180025095e-35 0.52053679269617514 -0.60875563403867206 -0.28186850698112392 29.550000000000001 0.33996843066449761 -0.56174490092936669 36.500000000000007 35.500000000000007 0.91517207274776669 36.226190476190482 22.535714285714288 23.500000000000004
decision_type=2 2 2 2 2 2 2 2 2 2 10 2 2 2 2 2 2 10 2 2 2 2 2 2 10 10 2 2 2 10
left_child=1 4 -3 -4 -1 -6 7 -5 -8 10 14 12 23 -14 15 17 -17 -2 20 -20 -13 27 -23 -12 25 28 -27 -16 29 -11
right_child=9 2 3 6 5 -7 8 -9 -10 24 11 18 13 -15 21 16 -18 -19 19 -21 -22 22 -24 -25 -26 26 -28 -29 -30 -31
leaf_value=-0.0027692958861545622 0.12402247821138997 -0.00087279506018024327 0.0066048360025686374 0.030190415147619394 -0.0046666215945594235 0.0014237743519751695 -0.026105590069294221 -0.10752493162675725 -0.12996588481205798 -0.0012925368681926733 -0.055027432055074377 0.01554069164421178 0.0088295707425517997 -0.098917907395185564 0.0028939994792367783 0.039605119415648225 0.15988849617584172 -0.00066216596817649355 -0.050824536212115995 0.0063923853952554304 -0.025401124777406393 -0.0063066669957357619 0.04471727951493959 0.013308836362734659 0.09792933202662521 -0.034144219931434176 -0.66152752854607322 -0.5467243325710297 0.01468384053956083 -0.20915085591537799
leaf_weight=303729 318 120900 68900 616 48775 241652 1521 77 126 58482 545 11630 417 1159 30529 2929 634 5216 2168 4271 2258 3411 4029 1347 181 17.000000000000004 10.999999999999998 4.9999999999999991 5525 46
leaf_count=303729 318 120900 68900 616 48775 241652 1521 77 126 58482 545 11630 417 1159 30529 2929 634 5216 2168 4271 2258 3411 4029 1347 181 17 11 5 5525 46
internal_value=-1.84292e-12 -0.000535274 0.00158108 0.00574549 -0.00121967 0.000400939 -0.0195574 0.0148887 -0.0340512 0.00311471 0.00585752 -0.00346838 -0.0354749 -0.0704086 0.0105719 0.0278507 0.0610083 0.00650258 0.00199227 -0.0128725 0.00888411 0.00643259 0.0213244 -0.00637577 9.00235e-05 -0.000186328 -0.280616 0.002804 -6.37419e-05 -0.0014559
internal_weight=921424 786296 192140 71240 594156 290427 2340 693 1647 135128 70866 23795 3468 1576 47071 9097 3563 5534 20327 6439 13888 37974 7440 1892 64262 64081 28 30534 64053 58528
internal_count=921424 786296 192140 71240 594156 290427 2340 693 1647 135128 70866 23795 3468 1576 47071 9097 3563 5534 20327 6439 13888 37974 7440 1892 64262 64081 28 30534 64053 58528
is_linear=0
shrinkage=0.05


Tree=115
num_leaves=31
num_cat=0
split_feature=8 7 6 2 3 8 5 2 6 2 2 0 3 5 7 3 0 4 1 0 2 8 7 6 3 6 7 5 8 0
split_gain=584.637 1373.65 918.529 864.669 689.935 598.451 857.851 584.505 538.244 524.768 450.057 2204.86 1933.11 1726.94 1156.97 3056.17 1081.63 696.99 495.408 879.541 927.891 792.059 1013.23 745.326 610.896 419.368 408.575 1096.63 680.072 408.735
threshold=3.9285714285714293 3.5000000000000004 3.5000000000000004 -0.83251919187752454 1.0000000180025095e-35 3.3095238095238098 3.5000000000000004 -0.98101942973744338 3.5000000000000004 -0.99913862891129024 -0.98101942973744338 39.500000000000007 1.0000000180025095e-35 33.500000000000007 20.500000000000004 1.0000000180025095e-35 24.500000000000004 -0.56174490092936669 -0.55543802234893536 51.500000000000007 0.13052494970477621 25.535714285714288 26.500000000000004 46.500000000000007 -0.60785761079279388 2.5000000000000004 5.5000000000000009 3.5000000000000004 4.7321428571428585 17.500000000000004
decision_type=2 10 8 2 2 2 8 2 10 2 2 2 2 10 10 2 2 2 2 2 2 2 10 10 2 10 10 10 2 2
left_child=1 5 9 4 -3 -1 7 -7 -5 -2 11 14 17 -14 16 -16 -4 -13 19 23 -21 22 -20 -12 -23 -9 27 28 -11 -29
right_child=2 3 10 8 -6 6 -8 25 -10 26 18 12 13 -15 15 -17 -18 -19 21 20 -22 24 -24 -25 -26 -27 -28 29 -30 -31
leaf_value=-0.0012500640287904882 0.25108524179802488 -0.0089334214648529083 -0.0062137410399324038 -0.0023957726186822764 -0.052582282573882505 0.15043019399705249 0.0034121533083693242 0.1064399052258642 -0.020631796036421672 0.081166742236486511 -0.0012071521773630311 0.1864763850277221 0.31765612262397025 -0.095882718913978149 0.013602284702615795 -0.16725583428288907 0.030168348369095457 -0.013815938405323407 0.0019392008771521507 0.0056137129813432695 0.17831302974107011 -0.0059977341684238064 -0.091879649124489843 -0.21981200682811247 0.034999672458305695 0.026620801042626225 -0.0087657062387861834 -0.0075613750629090455 0.25303824161355565 0.03758653980848365
leaf_weight=283788 26 1479 37081 10641 2334 116 6138 183 6529 259 172440 54 136 31 578 392 2162 222 387158 175 140 1278 288 39 3144 1633 684 764 74 1458
leaf_count=283788 26 1479 37081 10641 2334 116 6138 183 6529 259 172440 54 136 31 578 392 2162 222 387158 175 140 1278 288 39 3144 1633 684 764 74 1458
internal_value=3.5913e-12 -0.00175663 0.000902995 -0.0141132 -0.0356516 -0.000868262 0.0125581 0.041615 -0.00933013 0.0273518 0.000760333 -0.0043206 0.106617 0.240891 -0.00554273 -0.0594868 -0.00420936 0.0253717 0.00112616 -0.00110413 0.082369 0.00210961 0.00186946 -0.00125658 0.023151 0.0346642 0.0255559 0.0347441 0.11936 0.0220631
internal_weight=921424 312841 608583 20983 3813 291858 8070 1932 17170 3265 605318 40656 443 167 40213 970 39243 276 564662 172794 315 391868 387446 172479 4422 1816 3239 2555 333 2222
internal_count=921424 312841 608583 20983 3813 291858 8070 1932 17170 3265 605318 40656 443 167 40213 970 39243 276 564662 172794 315 391868 387446 172479 4422 1816 3239 2555 333 2222
is_linear=0
shrinkage=0.05


Tree=116
num_leaves=31
num_cat=0
split_feature=8 6 6 7 8 7 7 8 2 9 0 1 3 9 2 8 6 0 10 3 0 6 2 8 7 9 6 2 6 2
split_gain=551.308 1984.33 1025.53 723.654 558.913 711.832 536.88 1105.87 699.511 692.085 1148.31 863.864 683.598 462.929 480.155 437.268 368.41 334.106 379.969 320.606 311.734 308.323 308.285 300.595 1081.01 491.224 292.092 337.028 266.993 266.473
threshold=15.690476190476192 15.500000000000002 15.500000000000002 29.500000000000004 15.071428571428573 20.500000000000004 16.500000000000004 16.690476190476193 -0.93186591997002521 0.39481647128968428 27.500000000000004 -0.79334578813923284 1.0000000180025095e-35 0.38912061549843285 -0.88599923532063174 2.7321428571428577 19.500000000000004 40.500000000000007 24.950000000000003 1.0000000180025095e-35 19.500000000000004 17.500000000000004 -0.9914354235332985 40.619047619047628 41.500000000000007 0.40098880924406599 17.500000000000004 -0.28186850698112381 21.500000000000004 -0.98101942973744338
decision_type=2 10 8 10 2 10 10 2 2 2 2 2 2 2 2 2 10 2 2 2 2 10 2 2 10 2 10 2 10 2
left_child=1 3 -2 4 5 15 9 8 12 10 -4 -12 -8 20 16 -1 19 -6 -19 -15 -3 -10 -7 24 -9 -25 -16 -28 29 -11
right_child=2 13 6 -5 17 22 7 23 21 28 11 -13 -14 14 26 -17 -18 18 -20 -21 -22 -23 -24 25 -26 -27 27 -29 -30 -31
leaf_value=-0.0020461887657130468 0.043601926093417308 -0.028209930177157123 0.022733542455088834 0.60135375261306767 0.020029015086303927 0.22563583382538388 -0.029791455018102084 0.0028555030500254245 -0.010450241812184832 0.042986352096623298 -0.03009445610866229 0.17242174903953039 -0.14557236169408685 -0.037577459190918205 -0.018971893761140946 0.00048202238847151307 0.23223912596702576 0.085765193626284597 0.51378319774355208 -0.10573613367473277 -0.1723704868927598 -0.064790341083115585 -0.11282641443644646 0.0092816488069180306 -0.18587380404535092 0.11643183207335442 0.059151866432370206 -0.096354644318765573 -0.040424750081391708 0.0075122589880326678
leaf_weight=237072 1634 60 1344 4.9999999999999991 2895 6.9999999999999991 283 45697 2010 559 67 246 232 328 2990 613891 9.9999999999999982 20.000000000000004 6.9999999999999991 364 100 300 173 361 76 152 41 232 276 9992
leaf_count=237072 1634 60 1344 5 2895 7 283 45697 2010 559 67 246 232 328 2990 613891 10 20 7 364 100 300 173 361 76 152 41 232 276 9992
internal_value=3.31617e-12 -0.000331973 0.0045058 -0.000164883 -0.000168405 -0.000243349 0.00346866 0.00111511 -0.0292552 0.0127273 0.0428203 0.129072 -0.0819491 -0.0349274 -0.0315627 -0.000222319 -0.0690755 0.0216618 0.196733 -0.0734297 -0.11831 -0.0175074 -0.099664 0.00296871 0.00254214 0.0410299 -0.0234922 -0.0730002 0.00812179 0.0093917
internal_weight=921424 858195 63229 854070 854065 851143 61595 49111 2825 12484 1657 313 515 4125 3965 850963 702 2922 27 692 160 2310 180 46286 45773 513 3263 273 10827 10551
internal_count=921424 858195 63229 854070 854065 851143 61595 49111 2825 12484 1657 313 515 4125 3965 850963 702 2922 27 692 160 2310 180 46286 45773 513 3263 273 10827 10551
is_linear=0
shrinkage=0.05


Tree=117
num_leaves=31
num_cat=0
split_feature=0 1 7 8 4 1 8 7 2 3 2 9 2 3 10 5 7 2 8 6 10 2 2 0 0 1 8 1 0 10
split_gain=516.05 411.467 1128.08 1465.53 1858.31 1930.53 1222.85 965.538 883.479 2141.28 846.265 1084.41 806.375 705.001 668.574 598.455 796.233 950.831 439.534 907.193 433.606 397.21 395.979 700.681 557.571 491.553 597.2 421.868 466.204 451.719
threshold=22.500000000000004 0.15210021706137414 14.500000000000002 16.183333333333337 0.81174490092936691 -0.79334578813923284 14.154761904761907 17.500000000000004 -0.95436844760270667 1.0000000180025095e-35 -0.60875563403867161 0.41620971289770597 -0.96591663137137795 1.0000000180025095e-35 29.550000000000001 36.500000000000007 35.500000000000007 0.90538146624550897 22.062500000000004 22.500000000000004 32.550000000000004 -0.75172529863468052 0.67719547657430124 15.500000000000002 20.500000000000004 0.36033438033905096 1.8660714285714288 -0.33996843066449778 21.500000000000004 28.450000000000003
decision_type=2 2 10 2 2 2 2 10 2 2 2 2 2 2 2 10 10 2 2 10 2 2 2 2 2 2 2 2 2 2
left_child=22 2 6 4 5 -4 8 13 9 -2 11 -8 -9 -5 -10 16 18 -18 19 -3 -12 -20 25 -24 -25 -1 -27 28 -26 -29
right_child=1 15 3 7 -6 -7 10 12 14 -11 20 -13 -14 -15 -16 -17 17 -19 21 -21 -22 -23 23 24 27 26 -28 29 -30 -31
leaf_value=-0.0024268506046292073 0.0023683677429343596 -0.0011977653214037629 0.01337623290195899 0.0079710934382039977 0.051596898983793049 -0.062108618868892386 0.10465948283075399 -0.035121087970987598 0.0019292277262756771 0.061809596690635606 0.022732134873440418 -0.02452778323815007 0.0020997552508325323 0.061783951850054787 0.01891091693644242 0.090746121696139895 -0.014539828896522521 -0.60331593453884125 -0.013040773377038673 -0.12817842600972837 -0.29226617487994105 0.019270502085819326 -0.00083517561352380474 0.0062312200597735359 0.028641446000312806 -0.0047995813601096537 0.0015276539630136221 -0.024821153752399634 -0.10185206752367222 -0.12333591945085026
leaf_weight=327377 3947 57983 1189 1361 633 2945 813 1612 30903 2459 1601 203 14954 1101 7134 181 16.000000000000004 11.999999999999998 1190 141 10.999999999999998 4739 120900 68900 616 44825 221954 1521 77 126
leaf_count=327377 3947 57983 1189 1361 633 2945 813 1612 30903 2459 1601 203 14954 1101 7134 181 16 12 1190 141 11 4739 120900 68900 616 44825 221954 1521 77 126
internal_value=-4.29684e-14 0.00285434 0.00548173 -0.00339094 -0.0281822 -0.0403981 0.00996697 0.00281991 0.00800727 0.0251854 0.0431082 0.0788475 -0.00152212 0.0320361 0.00511422 -4.30453e-05 -0.000299484 -0.266872 -0.000182955 -0.0015058 0.0205826 0.0127854 -0.00049053 0.00148259 0.00541603 -0.0011286 0.000464533 -0.0185867 0.0141422 -0.0323578
internal_weight=921424 135128 70866 23795 4767 4134 47071 19028 44443 6406 2628 1016 16566 2462 38037 64262 64081 28 64053 58124 1612 5929 786296 192140 71240 594156 266779 2340 693 1647
internal_count=921424 135128 70866 23795 4767 4134 47071 19028 44443 6406 2628 1016 16566 2462 38037 64262 64081 28 64053 58124 1612 5929 786296 192140 71240 594156 266779 2340 693 1647
is_linear=0
shrinkage=0.05


Tree=118
num_leaves=31
num_cat=0
split_feature=8 6 6 3 5 2 2 5 7 3 8 1 5 2 0 0 10 2 7 5 9 8 6 4 0 6 0 7 5 7
split_gain=489.226 1725.97 1151.46 537.14 650.741 585.224 521.886 481.764 399.131 891.659 676.019 463.954 438.34 407.616 392.548 370.686 365.969 1099.48 1249.26 692.217 624.3 657.797 618.203 359.633 357.881 349.104 346.262 278.365 496.398 272.31
threshold=10.535714285714286 10.500000000000002 10.500000000000002 1.0000000180025095e-35 11.500000000000002 -0.97676355679130589 0.9467859074498246 1.0000000180025095e-35 10.500000000000002 1.0000000180025095e-35 10.062500000000002 -0.92387073784400886 10.500000000000002 0.97167097301693828 20.500000000000004 10.500000000000002 29.550000000000001 0.33996843066449761 15.500000000000002 46.500000000000007 0.39248784482803406 40.619047619047628 46.500000000000007 1.0000000180025095e-35 39.500000000000007 5.5000000000000009 39.500000000000007 9.5000000000000018 10.500000000000002 1.0000000180025095e-35
decision_type=2 10 8 2 10 2 2 8 10 2 2 2 8 2 2 2 2 2 10 8 2 2 10 2 2 10 2 8 10 10
left_child=1 8 3 4 -2 14 27 -4 10 -10 15 25 -12 -13 -5 -1 20 19 -19 -18 22 -22 -9 -16 -17 -11 -6 -3 -29 -7
right_child=2 6 7 5 26 29 -8 16 9 11 12 13 -14 -15 23 24 17 18 -20 -21 21 -23 -24 -25 -26 -27 -28 28 -30 -31
leaf_value=-0.0076568950796376909 0.035153467213171356 -0.014427232043193331 0.20538502207090117 0.050852995407390036 -0.013131455964869499 0.33119034320116048 0.006508616976982174 0.018371345164633329 0.0019288934806441151 0.44034689813852312 0.037850516106457434 -0.041091248706810829 0.0021659709088482945 0.010271257380069954 0.13672245601192118 -0.0002514979375203464 0.0078015045163244206 -0.0032225751002352174 -0.041558203260994075 -0.33214434305826823 0.0015643680807054775 0.077586652723614855 -0.23586090877652169 0.34097437430173161 0.020208891127088045 0.01956220877576946 -0.26347861034529552 -0.032937495139342077 -0.081548984896125748 0.038675072833020088
leaf_weight=17024 1469 1268 29 74 1029 7.9999999999999991 923 6498 5774 4.9999999999999991 1906 3064 1569 442 66 676376 8932 5727 3379 14.999999999999998 177999 285 24 32 2144 348 13.999999999999998 2906 641 1454
leaf_count=17024 1469 1268 29 74 1029 8 923 6498 5774 5 1906 3064 1569 442 66 676376 8932 5727 3379 15 177999 285 24 32 2144 348 14 2906 641 1454
internal_value=-8.99682e-13 -0.000620223 0.00214014 0.0282249 0.01371 0.0505392 -0.0279323 0.0016071 -0.000399076 -0.0105073 -0.000259777 -0.0291149 0.0217386 -0.034616 0.137779 -0.000369682 0.00157797 -0.00521686 -0.0174479 0.00723157 0.00224173 0.0016859 0.0174358 0.203417 -0.000186847 0.0255223 -0.0164918 -0.0345344 -0.0417224 0.0402757
internal_weight=921424 714390 207034 4146 2512 1634 5738 202888 708652 9633 699019 3859 3475 3506 172 695544 202859 18053 9106 8947 184806 178284 6522 98 678520 353 1043 4815 3547 1462
internal_count=921424 714390 207034 4146 2512 1634 5738 202888 708652 9633 699019 3859 3475 3506 172 695544 202859 18053 9106 8947 184806 178284 6522 98 678520 353 1043 4815 3547 1462
is_linear=0
shrinkage=0.05


Tree=119
num_leaves=31
num_cat=0
split_feature=8 6 6 8 0 7 7 2 9 2 2 0 1 0 10 0 1 10 9 7 0 2 4 7 8 2 0 6 1 4
split_gain=464.515 1914.81 1405.4 570.882 560.897 469.236 465.323 628.484 606.285 515.415 430.929 918.576 1407.42 863.643 1669.39 477.617 385.487 394.196 372.751 365.087 321.004 1027.44 314.316 293.391 1033.25 532.109 719.826 459.769 329.685 288.887
threshold=13.183333333333335 13.500000000000002 13.500000000000002 13.732142857142859 22.500000000000004 4.5000000000000009 13.500000000000002 -0.88801398733197889 0.3959568799366931 0.424593500821079 0.46368156678007261 51.500000000000007 0.8776048238336821 15.500000000000002 29.250000000000004 26.000000000000004 -0.83009552862669211 29.550000000000001 0.41636787809080261 18.500000000000004 34.000000000000007 -0.30278504926614219 0.81174490092936691 14.500000000000002 14.866071428571431 -0.93186591997002521 21.500000000000004 14.500000000000002 -0.96591663137137795 1.0000000180025095e-35
decision_type=2 10 8 2 2 10 10 2 2 2 2 2 2 2 2 2 2 2 2 10 2 2 2 10 2 2 2 10 2 2
left_child=1 6 4 -4 -2 -3 10 22 9 -9 11 15 -13 -12 -15 -1 20 -18 -6 -10 -7 -22 -8 25 27 26 -5 -25 -26 -19
right_child=2 5 3 23 18 16 7 8 19 -11 13 12 -14 14 -16 -17 17 29 -20 -21 21 -23 -24 24 28 -27 -28 -29 -30 -31
leaf_value=-0.0013625115092436447 0.016444703018385687 0.073491331639474841 -0.017433295645449931 0.014530985077375739 0.063926873954600283 -0.017489155414616635 -0.054207415611557452 0.011802710899229249 0.005789257391577575 -0.061358586644043325 -0.00087479237610075177 0.21545556298782673 -0.020937164718386279 0.0023852033257882529 0.02018025375974826 0.005909634498368968 -0.046958530507178527 -0.082106287907434003 0.012176057553622239 -0.079423500285125695 0.80094695091247559 0.031819456364169267 0.049115562160746966 -0.0016599626608776357 0.013996470691851302 0.0045489370229516478 0.076304168963647556 -0.030169637635763615 0.0015928172950845202 -0.21282768204050551
leaf_weight=507395 3649 87 3750 2231 1340 523 1078 349 3798 776 158472 123 129 92115 15380 23630 2058 149 470 130 4.9999999999999991 33 79 2313 5806 21950 598 3639 69310 59
leaf_count=507395 3649 87 3750 2231 1340 523 1078 349 3798 776 158472 123 129 92115 15380 23630 2058 149 470 130 5 33 79 2313 5806 21950 598 3639 69310 59
internal_value=-3.55053e-12 -0.000424061 0.00297202 0.00173871 0.0277325 -0.0408818 -0.000277327 -0.0139111 -0.00629974 -0.0386623 -0.000171129 -0.000993619 0.094445 0.00147182 0.00493126 -0.00103891 -0.0444016 -0.0535884 0.0504888 0.00296908 -0.00729421 0.13302 -0.0471525 0.00241795 0.000962585 0.00717937 0.0275887 -0.0190905 0.00255154 -0.119186
internal_weight=921424 806368 115056 109597 5459 2914 803454 6210 5053 1125 797244 531277 252 265967 107495 531025 2827 2266 1810 3928 561 38 1157 105847 81068 24779 2829 5952 75116 208
internal_count=921424 806368 115056 109597 5459 2914 803454 6210 5053 1125 797244 531277 252 265967 107495 531025 2827 2266 1810 3928 561 38 1157 105847 81068 24779 2829 5952 75116 208
is_linear=0
shrinkage=0.05


Tree=120
num_leaves=31
num_cat=0
split_feature=8 6 6 7 3 2 0 9 5 2 0 3 3 7 5 8 2 4 5 8 5 0 0 2 1 2 5 2 5 7
split_gain=455.99 1645.4 1412.97 585.315 749.497 582.468 805.079 611.562 577.279 538.758 1351.74 1771.31 1399.52 2704.98 997.393 505.029 498.777 464.516 459.193 422.43 480.361 369.376 368.957 547.897 367.387 911.754 647.671 337.896 325.774 574.74
threshold=6.3809523809523823 6.5000000000000009 6.5000000000000009 6.5000000000000009 1.0000000180025095e-35 -0.9474464830022985 19.500000000000004 0.41118400316964515 1.5000000000000002 -0.9914354235332985 39.500000000000007 1.0000000180025095e-35 1.0000000180025095e-35 22.500000000000004 29.500000000000004 7.9285714285714297 -0.81915204428899169 -0.56174490092936669 1.0000000180025095e-35 6.0625000000000009 6.5000000000000009 32.500000000000007 14.500000000000002 -0.9914354235332985 -0.55543802234893536 0.17364817766693066 33.500000000000007 -0.59121958904006366 6.5000000000000009 6.5000000000000009
decision_type=2 10 8 10 2 2 2 2 10 2 2 2 2 10 10 2 2 2 8 2 10 2 2 2 2 2 10 2 10 8
left_child=1 3 5 19 -5 6 -2 21 15 10 12 -12 17 -14 -13 -7 -6 -4 -11 22 -21 -8 -1 -24 25 -20 -26 -3 29 -10
right_child=2 27 9 4 16 8 7 -9 28 18 11 14 13 -15 -16 -17 -18 -19 24 20 -22 -23 23 -25 26 -27 -28 -29 -30 -31
leaf_value=-0.0024951210935429988 0.018754729635792146 -0.055600820496669361 -0.018227835216299719 -0.0014118908733159749 -0.053286316534051539 0.74801530838012709 0.13901416492979807 0.03332976861370366 0.074321656239025494 0.13112728411660476 0.0010286762559553609 0.35960482327561633 -0.02166358179616458 -0.2191028522599614 0.0058249005875377746 0.090077611378261022 -0.016783639221128532 0.0066108981119292077 0.002580151536142584 0.029386720251578308 -0.012297442355571309 0.30802255811599588 0.010358999618102868 -3.2943279826779518e-05 0.0020318188266929271 -0.0063083034057772498 0.042525094974839556 -0.023288093601398295 0.010159750924995504 0.015810551312179271
leaf_weight=168584 467 1035 2359 6343 1375 4.9999999999999982 189 134 616 68 160 76 6824 178 27 7 2930 9314 68794 2368 976 39 13250 296759 278023 49691 991 3706 4819 1317
leaf_count=168584 467 1035 2359 6343 1375 5 189 134 616 68 160 76 6824 178 27 7 2930 9314 68794 2368 976 39 13250 296759 278023 49691 991 3706 4819 1317
internal_value=-7.75694e-13 -0.00102714 0.0012045 -0.000744992 -0.0123404 0.0225795 0.0621366 0.118102 0.0177314 0.000814824 -0.00742456 0.10514 -0.00900981 -0.0266827 0.266866 0.364218 -0.0284425 0.00159123 0.0012073 -0.000488801 0.0172205 0.167923 -0.000612539 0.000411216 0.00118508 -0.00114755 0.00217564 -0.0303422 0.0171156 0.0344566
internal_weight=921424 497326 424098 492585 10648 7593 829 362 6764 416505 18938 263 18675 7002 103 12 4305 11673 397567 481937 3344 228 478593 310009 397499 118485 279014 4741 6752 1933
internal_count=921424 497326 424098 492585 10648 7593 829 362 6764 416505 18938 263 18675 7002 103 12 4305 11673 397567 481937 3344 228 478593 310009 397499 118485 279014 4741 6752 1933
is_linear=0
shrinkage=0.05


Tree=121
num_leaves=31
num_cat=0
split_feature=8 6 6 8 5 7 8 7 3 2 2 2 0 3 5 7 3 3 4 5 2 0 0 1 0 5 8 1 7 5
split_gain=428.224 1841.08 996.721 814.776 571.83 1406.4 563.17 415.357 779.658 607.879 413.168 383.299 1785.87 1593.12 1457.76 1002.1 1343.18 776.04 630.523 372.733 348.208 1483.57 363.936 343.782 758.665 630.993 320.212 424.391 316.002 309.9
threshold=4.7321428571428585 4.5000000000000009 4.5000000000000009 4.3095238095238102 5.5000000000000009 4.5000000000000009 7.3095238095238102 4.5000000000000009 1.0000000180025095e-35 -0.47898255845512089 -0.88801398733197889 -0.98101942973744338 39.500000000000007 1.0000000180025095e-35 31.500000000000004 4.5000000000000009 1.0000000180025095e-35 1.0000000180025095e-35 -0.56174490092936669 1.0000000180025095e-35 -0.9914354235332985 31.500000000000004 39.500000000000007 -0.55543802234893536 51.500000000000007 35.500000000000007 5.354166666666667 -0.87659322597609202 6.5000000000000009 6.5000000000000009
decision_type=2 10 8 2 10 8 2 10 2 2 2 2 2 2 10 10 2 2 2 8 2 2 2 2 2 10 2 2 8 10
left_child=1 3 4 7 5 6 10 20 -9 -10 -2 12 15 18 -15 17 -17 -4 -14 -13 21 -1 -22 24 -21 -25 -6 -28 -7 -5
right_child=2 -3 11 29 26 28 -8 8 9 -11 -12 19 13 14 -16 16 -18 -19 -20 23 22 -23 -24 25 -26 -27 27 -29 -30 -31
leaf_value=0.0045108357334141709 0.17808161978879253 -0.021841038125682423 -0.028277479639787502 0.019339719603621089 -0.012664106156631189 0.035266411859225764 0.41406311563083104 0.00088492331534127655 -0.050852394690254821 -0.012392246572845204 0.076728094805720681 0.091076529657711167 0.17376518942700286 0.29369737049282502 -0.069255037379584147 0.0010656746040406638 -0.019072006266889169 0.097334818779574353 -0.017343473838815512 -0.0010823917417573366 -0.0011269089427844966 0.11683756751691302 0.02967058979778351 0.0018460638221838431 0.076593510021292985 0.064917762362297335 -0.037167810589042415 0.037826230471156207 -0.018168434740897511 -0.064633088661191454
leaf_weight=14591 121 10593 176 5781 996 602 13.999999999999998 5958 1651 2720 595 115 54 132 35 21870 13326 408 215 153033 336259 300 962 348260 315 397 228 1093 512 112
leaf_count=14591 121 10593 176 5781 996 602 14 5958 1651 2720 595 115 54 132 35 21870 13326 408 215 153033 336259 300 962 348260 315 397 228 1093 512 112
internal_value=-3.69127e-12 -0.00128972 0.000900855 -0.000698684 0.0252782 0.0460554 0.0999972 -0.000998544 -0.0108812 -0.0269193 0.0938563 0.000712434 -0.00425538 0.0963271 0.21763 -0.00548104 -0.00655891 0.0594791 0.0210203 0.00107074 -0.000708642 0.00677381 -0.00103905 0.00105012 -0.000922834 0.00191788 0.00874249 0.0248825 0.0107075 0.0177438
internal_weight=921424 378927 542497 368334 4161 1844 730 362441 10329 4371 716 538336 36216 436 167 35780 35196 584 269 502120 352112 14891 337221 502005 153348 348657 2317 1321 1114 5893
internal_count=921424 378927 542497 368334 4161 1844 730 362441 10329 4371 716 538336 36216 436 167 35780 35196 584 269 502120 352112 14891 337221 502005 153348 348657 2317 1321 1114 5893
is_linear=0
shrinkage=0.05


Tree=122
num_leaves=31
num_cat=0
split_feature=8 6 8 6 0 2 7 5 7 2 1 5 2 0 2 0 10 7 0 1 1 2 0 9 0 1 2 0 10 7
split_gain=402.735 972.31 850.674 832.093 640.681 969.442 604.44 824.513 573.814 541.379 432.248 419.096 347.853 345.782 321.607 828.016 1471.12 363.677 333.869 1328.59 310.829 305.687 476.645 520.14 417.184 765.433 733.261 305.384 295.46 278.114
threshold=2.9285714285714293 2.5000000000000004 2.3541666666666674 2.5000000000000004 34.000000000000007 -0.9914354235332985 4.5000000000000009 3.5000000000000004 2.5000000000000004 -0.93894197835419624 -0.94043431802113941 1.0000000180025095e-35 -0.46174861323503363 10.500000000000002 -0.9914354235332985 26.000000000000004 23.300000000000001 1.0000000180025095e-35 39.500000000000007 -0.33996843066449778 -0.77836700843141071 0.9530563751957527 51.500000000000007 0.41303314382016426 26.000000000000004 0.33996843066449811 -0.64278760968653914 37.000000000000007 29.550000000000001 2.5000000000000004
decision_type=2 10 2 8 2 2 10 10 8 2 2 10 2 2 2 2 2 10 2 2 2 2 2 2 2 2 2 2 2 10
left_child=1 2 14 4 6 -6 7 9 -3 -2 11 -7 -10 -5 15 17 -17 -1 28 -20 -9 24 27 -24 25 -15 -26 -23 -16 -4
right_child=3 8 29 13 5 10 -8 20 12 -11 -12 -13 -14 21 18 16 -18 -19 19 -21 -22 22 23 -25 26 -27 -28 -29 -30 -31
leaf_value=0.019637331481675874 0.17628938805944516 -0.0021566145443720919 0.027334128173291068 -0.011449966736725905 0.65787623524665839 0.69164663553237871 -0.021898112988022137 -0.022508014563666828 -0.039497372250057644 0.055922710980327743 0.057339827804230997 0.18229379405577978 -0.016608832467537495 -0.0018723017715564752 -0.0026578537575638536 0.024161062581531171 0.25557033361478165 -0.0023985940153023683 0.1875748077682827 0.004178957878252244 0.02473581867780511 0.0036018142261371906 -0.16462483977755676 0.12118740975856782 0.013900866712172007 0.0018317844543740678 0.00050672208001415441 0.030211734737292079 0.0032353563098640476 0.004728847240741769
leaf_weight=2750 106 5199 3357 6001 7.9999999999999991 5.0000000000000027 670 496 2387 787 133 21 5450 295054 188893 280 91 5867 115 699 1168 62917 78 20 15009 264500 32011 1097 23967 2288
leaf_count=2750 106 5199 3357 6001 8 5 670 496 2387 787 133 21 5450 295054 188893 280 91 5867 115 699 1168 62917 78 20 15009 264500 32011 1097 23967 2288
internal_value=-2.22534e-12 -0.00175474 -0.000996394 0.000622711 0.025318 0.120812 0.0203761 0.031453 -0.0150361 0.0702104 0.0937899 0.280246 -0.0235802 0.00049885 -0.00148235 0.00778283 0.0809218 0.00463388 -0.00187209 0.0300887 0.0106535 0.000605762 0.00388914 -0.106296 0.000258725 -0.000121388 0.00478219 0.00405783 -0.00199431 0.0181719
internal_weight=921424 241343 228307 680081 3394 167 3227 2557 13036 893 159 26 7837 676687 222662 8988 371 8617 213674 814 1664 670686 64112 98 606574 559554 47020 64014 212860 5645
internal_count=921424 241343 228307 680081 3394 167 3227 2557 13036 893 159 26 7837 676687 222662 8988 371 8617 213674 814 1664 670686 64112 98 606574 559554 47020 64014 212860 5645
is_linear=0
shrinkage=0.05


Tree=123
num_leaves=31
num_cat=0
split_feature=8 6 7 7 2 3 8 6 7 2 8 8 7 0 1 7 10 1 0 9 3 1 0 2 3 1 2 3 8 0
split_gain=390.167 2142.52 1109.6 613.891 1072.7 991.894 599.522 775.776 684.761 791.377 566.566 543.036 813.889 1065.51 461.99 423.455 396.068 335.266 314.399 2879.43 1379.67 2263.12 303.579 280.588 210.723 174.475 151.632 303.963 312.917 399.363
threshold=0.46428571428571436 1.0000000180025095e-35 34.500000000000007 1.0000000180025095e-35 -0.9914354235332985 1.0000000180025095e-35 2.8452380952380958 2.5000000000000004 1.5000000000000002 -0.99638010029475332 2.3095238095238098 0.73214285714285732 2.5000000000000004 39.500000000000007 -0.0065449223915601653 2.5000000000000004 17.300000000000001 0.13052494970477632 34.000000000000007 0.42838858635411614 0.87837969732492682 -0.3007057995042734 8.5000000000000018 0.19504389580251666 1.0000000180025095e-35 -0.089328680705530128 -0.75172529863468052 1.0000000180025095e-35 1.0000000180025095e-35 44.000000000000007
decision_type=2 8 10 8 2 2 2 10 8 2 2 2 10 2 2 8 2 2 2 2 2 2 2 2 2 2 2 2 2 2
left_child=17 2 11 4 5 25 7 10 9 -8 -5 -2 13 -13 -7 -9 -6 18 -1 20 -20 -22 -10 -18 -14 -3 27 -19 -29 -30
right_child=1 3 -4 6 16 14 8 15 22 -11 -12 12 24 -15 -16 -17 23 26 19 -21 21 -23 -24 -25 -26 -27 -28 28 29 -31
leaf_value=-0.00053040208418698846 0.012428663424152345 0.23862982889016471 0.77158887863159187 -0.0025746959957898652 0.10520285905976952 0.028393030618982656 0.18820503931492569 -0.0029073779896718233 -0.012628933826783977 0.021277990230757122 0.012788158475784468 0.049343356806882052 0.023953333793320514 0.3440415303403091 0.21628469098862768 -0.023239675852535266 -0.0014696165250311075 -0.0091871622356584203 -0.03403063166971234 1.2404677200317384 0.46139783570542936 -0.071141747502904182 0.00054736550510135838 0.017135399492769262 -0.023382247689850404 -0.039838190244303816 -0.0086453910623558762 0.0062260355703933137 0.06981501251691194 -0.22421332746744158
leaf_weight=33894 3572 5.9999999999999991 4.9999999999999991 138083 108 42 73 4071 4400 2594 6274 2899 447 31 148 6903 3663 4067 220 4.9999999999999991 42 38 673514 4536 496 90 28335 2549 307 11.999999999999998
leaf_count=33894 3572 6 5 138083 108 42 73 4071 4400 2594 6274 2899 447 31 148 6903 3663 4067 220 5 42 38 673514 4536 496 90 28335 2549 307 12
internal_value=-6.78175e-12 0.000293801 0.0269898 5.82953e-05 0.0133543 0.108563 -7.83852e-05 -0.00288126 0.000561322 0.025847 -0.001907 0.0264898 0.0394581 0.0524613 0.174751 -0.015697 0.0100764 -0.00360312 -7.56316e-05 0.050462 0.0306286 0.208442 0.000461845 0.00882339 -0.000944279 -0.0224339 -0.00702349 -0.000396738 0.0120686 0.0587544
internal_weight=921424 851955 7450 844505 8593 286 835912 155331 680581 2667 144357 7445 3873 2930 190 10974 8307 69469 34199 305 300 80 677914 8199 943 96 35270 6935 2868 319
internal_count=921424 851955 7450 844505 8593 286 835912 155331 680581 2667 144357 7445 3873 2930 190 10974 8307 69469 34199 305 300 80 677914 8199 943 96 35270 6935 2868 319
is_linear=0
shrinkage=0.05


Tree=124
num_leaves=31
num_cat=0
split_feature=8 6 6 0 10 2 7 2 9 2 3 8 3 0 8 2 0 7 8 5 8 2 8 6 1 7 10 1 2 5
split_gain=368.325 1728.68 1334.58 507.719 429.106 453.144 421.909 874.111 474.671 469.183 431.518 386.093 384.729 466.056 366.069 369.34 342.874 333.985 745.615 416.832 341.977 402.838 317.305 1893.82 302.638 298.674 289.894 287.148 283.489 299.004
threshold=12.35416666666667 12.500000000000002 12.500000000000002 23.500000000000004 29.550000000000001 -0.96591663137137795 12.500000000000002 -0.87659322597609213 0.39644167239285111 0.49999524036036719 1.0000000180025095e-35 12.071428571428573 1.0000000180025095e-35 39.500000000000007 12.845238095238097 -0.99913862891129024 18.500000000000004 13.500000000000002 13.928571428571431 13.500000000000002 13.071428571428573 -0.88801398733197889 0.46428571428571436 1.0000000180025095e-35 0.13052494970477632 6.5000000000000009 29.750000000000004 -0.96591663137137795 -0.60875563403867161 10.500000000000002
decision_type=2 10 8 2 2 2 10 2 2 2 2 2 2 2 2 2 2 10 2 10 2 2 2 8 2 8 2 2 2 10
left_child=1 6 3 -2 5 -3 11 10 9 -9 -8 22 13 -5 15 -4 -12 20 19 -19 -16 -22 24 -24 -1 -7 -6 -20 29 -14
right_child=2 4 14 12 26 25 7 8 -10 -11 16 -13 28 -15 17 -17 -18 18 27 -21 21 -23 23 -25 -26 -27 -28 -29 -30 -31
leaf_value=-7.1850029425953236e-05 0.019303063869939158 -0.079805579491529499 -0.11582995146074715 0.045677849939745628 -0.19254106908291579 0.045463943942786793 -0.012275722816826628 0.012299896308531365 0.0039757786596904647 -0.050024272217963107 -0.014920912607442261 0.021991463623365053 0.52691672325134276 -0.12984935643617065 0.0019490561943410246 -0.010600792088584032 -0.085787051302233075 -0.0064981397424440316 0.011264064603869887 -0.033248053378771146 0.03879358474453596 0.010026676409196467 0.025304413087190315 -0.00014883219124071315 -0.0066733454615804308 -0.024964452210206656 -0.06516617546185878 0.0009994995765488636 0.06145194765109914 0.13444735492099866
leaf_weight=34199 3463 371 85 693 50 159 564 450 4659 918 228 1965 4.9999999999999991 40 14468 4392 679 4173 7361 2237 1387 9928 7386 691063 35262 2828 419 91589 238 165
leaf_count=34199 3463 371 85 693 50 159 564 450 4659 918 228 1965 5 40 14468 4392 679 4173 7361 2237 1387 9928 7386 691063 35262 2828 419 91589 238 165
internal_value=6.1693e-12 -0.000423532 0.00235953 0.0288339 -0.0339457 -0.0276887 -0.000258502 -0.0120618 -0.0036277 -0.0295229 -0.0466179 -0.000143547 0.0577605 0.0360993 0.00146078 -0.0125987 -0.0679729 0.00194075 0.000692533 -0.0158335 0.00704148 0.0135529 -0.000200188 0.000120332 -0.00342311 -0.0212155 -0.0787456 0.00176309 0.0966764 0.145991
internal_weight=921424 781200 140224 4604 3827 3358 777373 7498 6027 1368 1471 769875 1141 733 135620 4477 907 131143 105360 6410 25783 11315 767910 698449 69461 2987 469 98950 408 170
internal_count=921424 781200 140224 4604 3827 3358 777373 7498 6027 1368 1471 769875 1141 733 135620 4477 907 131143 105360 6410 25783 11315 767910 698449 69461 2987 469 98950 408 170
is_linear=0
shrinkage=0.05


Tree=125
num_leaves=31
num_cat=0
split_feature=8 6 6 7 1 7 9 8 6 7 0 9 8 8 0 3 10 2 7 2 8 6 6 2 6 2 1 10 7 2
split_gain=346.66 1930.87 1141.92 530.68 487.602 406.578 442.826 388.33 389.557 387.701 593.299 890.706 485.325 380.788 365.779 360.811 351.66 447.164 411.33 321.681 302.693 1371.83 366.345 301.212 300.86 288.794 285.53 272.713 247.668 244.514
threshold=16.183333333333337 16.500000000000004 16.500000000000004 29.500000000000004 -0.94043431802113941 20.500000000000004 0.39719246322346541 16.937500000000004 17.500000000000004 17.500000000000004 26.000000000000004 0.39764873941007001 17.928571428571434 14.380952380952383 30.000000000000004 -0.8783796973249266 29.000000000000004 -0.90722548043086537 14.500000000000002 -0.99913862891129024 1.7738095238095239 1.5000000000000002 1.5000000000000002 -0.82039949111557775 17.500000000000004 -0.95436844760270667 -0.99143542353329861 17.300000000000001 20.500000000000004 -0.70710005003962684
decision_type=2 10 8 10 2 10 2 2 10 10 2 2 2 2 2 2 2 2 10 2 2 8 10 2 10 2 2 2 10 2
left_child=1 3 14 5 -3 20 -7 8 27 10 25 -12 23 -8 -2 -16 17 18 -6 -10 22 -22 -1 -11 -14 -9 -21 -4 -18 -17
right_child=2 4 7 -5 16 6 13 9 19 12 11 -13 24 -15 15 29 28 -19 -20 26 21 -23 -24 -25 -26 -27 -28 -29 -30 -31
leaf_value=-0.0014879430929625589 0.025271280786163964 0.016337809016124954 -0.097805382308986374 0.51497966527938843 0.051052485661847252 -0.13744778678353345 -0.077556517438756092 0.040614627565679365 -0.33204271286726 -0.04485421661938653 0.093150608443464497 0.016304113101040307 0.054002661802905041 0.075551022405459273 -0.037683822803977716 0.14686302258595219 -0.097814672703952554 -0.037065533028453723 -0.13293583001253073 0.090419127036713898 0.028351005694014882 0.00015941185140553918 -0.011842097797411744 -0.0088072359416824404 0.0021545279346415294 0.0031591820404063054 -0.054819003026148116 -0.0034451343154414289 -0.26700693468252817 0.064564881119004852
leaf_weight=151868 2692 247 79 4.9999999999999991 35 112 90 556 9.9999999999999982 796 518 1386 282 74 67 123 219 1237 230 36 4342 699140 9052 2131 35762 6917 564 2491 24 339
leaf_count=151868 2692 247 79 5 35 112 90 556 10 796 518 1386 282 74 67 123 219 1237 230 36 4342 699140 9052 2131 35762 6917 564 2491 24 339
internal_value=4.70712e-12 -0.000243754 0.00385862 -0.000130479 -0.049414 -0.000133458 -0.0608096 0.00205322 -0.0148716 0.00316642 0.0122943 0.0372109 0.000970127 -0.00847141 0.0327405 0.0707502 -0.0587209 -0.0496927 -0.108635 -0.0507922 -0.000114084 0.000333415 -0.00207038 -0.0186102 0.00256018 0.00594591 -0.0461047 -0.0063457 -0.114525 0.0864754
internal_weight=921424 866675 54749 864683 1992 864678 276 51528 3180 48348 9377 1904 38971 164 3221 529 1745 1502 265 610 864402 703482 160920 2927 36044 7473 600 2570 243 462
internal_count=921424 866675 54749 864683 1992 864678 276 51528 3180 48348 9377 1904 38971 164 3221 529 1745 1502 265 610 864402 703482 160920 2927 36044 7473 600 2570 243 462
is_linear=0
shrinkage=0.05


Tree=126
num_leaves=31
num_cat=0
split_feature=8 6 6 2 1 5 0 7 5 7 3 8 2 5 5 3 10 2 10 0 6 8 2 2 0 7 10 1 0 0
split_gain=333.779 1926.58 1350.99 533.539 455.611 566.994 421.496 442.412 391.97 384.44 813.612 767.911 556.415 463.133 435.931 360.965 353.439 941.054 338.496 353.249 315.269 299.393 286.857 285.103 1175.01 264.795 249.729 205.729 196.871 192.498
threshold=8.5357142857142865 8.5000000000000018 8.5000000000000018 -0.9474464830022985 -0.60875563403867206 10.500000000000002 17.500000000000004 8.5000000000000018 1.5000000000000002 8.5000000000000018 1.0000000180025095e-35 8.071428571428573 -0.93186591997002521 5.5000000000000009 8.5000000000000018 1.0000000180025095e-35 29.550000000000001 0.40466461168876017 32.550000000000004 51.500000000000007 3.5000000000000004 0.61904761904761918 0.90722548043086571 -0.9914354235332985 39.500000000000007 14.500000000000002 17.300000000000001 -0.38267978949462739 19.500000000000004 39.500000000000007
decision_type=2 10 8 2 2 10 2 8 8 10 2 2 2 10 10 2 2 2 2 2 10 2 2 2 2 10 2 2 2 2
left_child=1 9 4 -3 5 20 -6 15 27 11 -11 16 -12 -14 28 -8 21 -18 23 29 -2 -1 -9 24 -10 -22 -25 -4 -13 -20
right_child=2 3 8 -5 6 -7 7 22 18 10 12 14 13 -15 -16 -17 17 -19 19 -21 25 -23 -24 26 -26 -27 -28 -29 -30 -31
leaf_value=-0.0039463678947985296 0.33343903720378876 -0.069790960995377918 0.39535929730960301 -0.02308383417287433 0.012874662324744299 -0.051389101127982978 0.045217177759107087 0.00057520776868896621 -0.0079078078639999196 0.001731671592976383 -0.059336361653374761 0.027486155831140214 -0.048798302536883026 -0.0062360485162772598 0.0028168412093413052 0.098755564359199188 -0.0026009588770694232 0.010097352665983255 -0.021311618044207364 0.36091467638810482 0.02158697680540651 -0.00033372850775829357 0.058846606802068317 -0.0062650839377261548 0.10346451454189186 -0.13943353914297546 0.0016339870313968382 0.10153531670570373 0.061872615336824401 -0.16399160275856656
leaf_weight=65382 7.9999999999999991 686 6.9999999999999991 5624 1085 339 679 528 13670 6341 985 1805 848 2595 1822 587 31330 27307 1574 5.9999999999999991 1419 466826 352 10379 241 26 278368 40 541 24
leaf_count=65382 8 686 7 5624 1085 339 679 528 13670 6341 985 1805 848 2595 1822 587 31330 27307 1574 6 1419 466826 352 10379 241 26 278368 40 541 24
internal_value=2.68852e-12 -0.000676509 0.00133864 -0.0281617 0.0270579 0.00683775 0.0382726 0.0511136 0.000914116 -0.000390216 -0.00975293 -0.000220762 -0.0261991 -0.016719 0.0211655 0.0700411 -0.000371627 0.00331259 0.000891813 -0.0220167 0.0204227 -0.000777543 0.0238838 0.00101322 -0.00597835 0.0186897 0.00135006 0.145296 0.0354159 -0.0234545
internal_weight=921424 612092 309332 6310 5023 1792 3231 2146 304309 605782 10769 595013 4428 3443 4168 1266 590845 58637 304262 1604 1453 532208 880 302658 13911 1445 288747 47 2346 1598
internal_count=921424 612092 309332 6310 5023 1792 3231 2146 304309 605782 10769 595013 4428 3443 4168 1266 590845 58637 304262 1604 1453 532208 880 302658 13911 1445 288747 47 2346 1598
is_linear=0
shrinkage=0.05


Tree=127
num_leaves=31
num_cat=0
split_feature=8 6 6 0 3 8 2 7 3 1 5 0 7 10 2 0 5 9 6 8 5 7 7 5 1 5 2 0 9 7
split_gain=311.217 1643.1 1238.86 622.687 571.274 525.625 479.556 434.979 795.631 597.882 341.946 323.115 325.702 305.085 1181.55 1609.07 621.567 603.4 581.742 540.585 304.505 309.761 302.908 321.596 293.932 291.531 278.276 898.753 809.21 275.655
threshold=11.598214285714286 11.500000000000002 11.500000000000002 20.500000000000004 -0.60785761079279388 11.154761904761907 0.9467859074498246 11.500000000000002 1.0000000180025095e-35 -0.92387073784400886 4.5000000000000009 30.000000000000004 15.500000000000002 29.550000000000001 0.52053679269617514 19.500000000000004 46.500000000000007 0.39248784482803406 46.500000000000007 40.619047619047628 12.500000000000002 11.500000000000002 8.5000000000000018 11.500000000000002 -0.84455963375842924 10.500000000000002 0.25881658133175089 51.500000000000007 0.39039632441605382 11.500000000000002
decision_type=2 10 8 2 2 2 2 10 2 2 8 2 10 2 2 2 8 2 10 2 8 8 8 10 2 10 2 2 2 8
left_child=1 5 3 -2 -5 7 22 26 -9 -10 -4 -6 -13 17 16 -16 -15 18 -12 -19 21 25 -3 -24 -22 -7 27 -1 -28 -25
right_child=2 6 10 4 11 20 -8 8 9 -11 13 12 -14 14 15 -17 -18 19 -20 -21 24 -23 23 29 -26 -27 28 -29 -30 -31
leaf_value=-0.0010615450582877014 0.013895109150503286 0.0030363818151560073 0.20309071221521924 0.015157340688047687 0.066159419232059022 0.12327826977314721 0.0077291937817584077 0.0018115888284567349 0.04046026986867246 -0.038505413636073765 0.019587040271642472 0.16125585726414135 -0.051798984035849573 0.0052324317281423807 0.0027123432098460363 -0.053958766514211713 -0.31688161611557009 0.0012409640097863 -0.22713408345977465 0.070170964105544908 -0.13210312216703235 0.0035108302270953243 -0.028470091821300315 -0.038525159839026796 -0.007835485156063202 0.028025708155655596 0.012180764276126866 0.10548908505118404 0.00036368719200786898 -0.086991537141919428
leaf_weight=436161 1903 547 21 495 682 83 882 4120 262 2817 5324 174 20 9531 2538 2473 14.999999999999998 144189 24 285 58 1682 3424 714 265 2496 15265 198 284278 498
leaf_count=436161 1903 547 21 495 682 83 882 4120 262 2817 5324 174 20 9531 2538 2473 15 144189 24 285 58 1682 3424 714 265 2496 15265 198 284278 498
internal_value=4.31574e-13 -0.000433402 0.00194828 0.0324033 0.0580935 -0.000223148 -0.0263532 -0.000327271 -0.0125581 -0.031786 0.00134178 0.0823553 0.139291 0.001316 -0.00559449 -0.0252557 0.00472628 0.00198744 0.0184798 0.00137694 0.016656 0.0202041 -0.0321531 -0.0363051 -0.0301498 0.0310912 -0.000207623 -0.0010132 0.000965897 -0.0584396
internal_weight=921424 753750 167674 3274 1371 747685 6065 743101 7199 3079 164400 876 194 164379 14557 5011 9546 149822 5348 144474 4584 4261 5183 4636 323 2579 735902 436359 299543 1212
internal_count=921424 753750 167674 3274 1371 747685 6065 743101 7199 3079 164400 876 194 164379 14557 5011 9546 149822 5348 144474 4584 4261 5183 4636 323 2579 735902 436359 299543 1212
is_linear=0
shrinkage=0.05


Tree=128
num_leaves=31
num_cat=0
split_feature=0 1 7 8 1 4 8 7 6 8 7 8 1 9 8 0 8 7 3 8 6 9 2 0 2 9 0 10 0 0
split_gain=301.264 352.213 992.936 1495.8 1577.13 1478.57 1102.22 925.891 839.04 1166.91 821.456 934.125 724.159 598.624 755.719 576.086 457.923 376.899 457.682 351.714 827.744 693.325 282.19 426.395 569.697 546.303 383.854 532.265 386.988 378.658
threshold=22.500000000000004 0.15210021706137414 16.500000000000004 17.690476190476193 -0.95925213728851977 0.81174490092936691 15.535714285714286 23.500000000000004 18.500000000000004 18.690476190476193 12.500000000000002 11.062500000000002 -0.85478166345418416 0.39457421305217361 22.535714285714288 27.500000000000004 37.535714285714292 37.500000000000007 0.6078576107927941 22.062500000000004 22.500000000000004 0.40545906867234 -0.47898255845512089 21.500000000000004 -0.93894197835419624 0.41139506112120555 21.500000000000004 31.600000000000005 18.500000000000004 19.500000000000004
decision_type=2 2 10 2 2 2 2 10 10 2 10 2 2 2 2 2 2 10 2 2 10 2 2 2 2 2 2 2 2 2
left_child=22 2 6 4 7 -6 10 -4 -5 -10 11 -2 -12 15 -15 -8 17 19 -19 20 -3 -21 23 -1 25 -25 28 -28 -24 -30
right_child=1 16 3 8 5 -7 13 -9 9 -11 12 -13 -14 14 -16 -17 -18 18 -20 21 -22 -23 26 24 -26 -27 27 -29 29 -31
leaf_value=-0.0017475265691406111 0.0063126600278825291 -0.0015107063339774615 0.046583623859713569 0.041787384194995968 -0.058014405122282613 0.041487949597500025 0.039610695230607271 0.5895623832941056 -0.073611860086559538 0.001200779098813602 0.01632176870191223 0.03119001184314768 -0.022689333798589742 0.027173185217378767 -0.1445081180526 0.11843949328506574 0.093610067609625383 -0.32061034308539493 0.22013694286346436 -0.12919614686277406 -0.12280373270788514 0.012990203361833758 -0.00050908730097638322 0.29332770804564157 0.0067601979431682717 0.068906158583468935 -0.026591125887759276 -0.22402993285407624 0.0035851854806586321 -0.003492267044402423
leaf_weight=272322 37873 57983 422 1209 2878 429 629 7.9999999999999991 541 14262 1678 4191 4087 2226 66 367 129 18.000000000000004 4.9999999999999991 87 141 5899 364875 39 241 89 659 36 125795 22240
leaf_count=272322 37873 57983 422 1209 2878 429 629 8 541 14262 1678 4191 4087 2226 66 367 129 18 5 87 141 5899 364875 39 241 89 659 36 125795 22240
internal_value=-7.44138e-13 0.00218089 0.00461174 -0.00491012 -0.0333937 -0.0451065 0.0082905 0.0566856 0.0017376 -0.00153337 0.00636545 0.00879129 -0.0113345 0.0362933 0.0222295 0.068657 -0.000499768 -0.000689064 -0.203057 -0.000616463 -0.00180494 0.0109237 -0.000374795 -0.00167475 0.052037 0.137285 0.000315395 -0.0368182 0.000365712 0.00252191
internal_weight=921424 135128 70866 19749 3737 3307 51117 430 16012 14803 47829 42064 5765 3288 2292 996 64262 64133 23 64110 58124 5986 786296 272691 369 128 513605 695 512910 148035
internal_count=921424 135128 70866 19749 3737 3307 51117 430 16012 14803 47829 42064 5765 3288 2292 996 64262 64133 23 64110 58124 5986 786296 272691 369 128 513605 695 512910 148035
is_linear=0
shrinkage=0.05


Tree=129
num_leaves=31
num_cat=0
split_feature=8 6 6 2 0 8 7 3 5 7 5 2 5 1 2 0 3 3 5 7 5 1 2 0 10 7 1 2 10 5
split_gain=290.657 1577.84 996.705 591.912 762.246 404.511 465.909 712.391 388.356 709.282 465.382 383.601 360.729 353.075 339.946 923.341 1464.94 1096.19 330.485 430.224 449.349 316.482 310.28 292.861 445.658 292.848 276.827 805.249 532.046 206.442
threshold=6.6904761904761916 6.5000000000000009 6.5000000000000009 -0.9404343180211393 21.500000000000004 6.0625000000000009 6.5000000000000009 1.0000000180025095e-35 7.5000000000000009 4.5000000000000009 2.5000000000000004 -0.93186591997002521 1.0000000180025095e-35 -0.77836700843141071 -0.9914354235332985 39.500000000000007 1.0000000180025095e-35 1.0000000180025095e-35 7.5000000000000009 6.5000000000000009 5.5000000000000009 0.0065449223915602537 -0.95436844760270667 14.500000000000002 29.550000000000001 6.5000000000000009 -0.55543802234893536 0.13052494970477621 26.250000000000004 8.5000000000000018
decision_type=2 10 8 2 2 2 10 2 10 8 10 2 8 2 2 2 2 2 8 8 10 2 2 2 2 8 2 2 2 10
left_child=1 5 3 4 -2 6 23 21 9 10 -5 -9 -4 29 15 17 -17 -14 19 20 -7 -8 -3 -1 -25 -11 27 -16 -28 -10
right_child=2 22 12 8 -6 18 7 11 13 25 -12 -13 14 -15 26 16 -18 -19 -20 -21 -22 -23 -24 24 -26 -27 28 -29 -30 -31
leaf_value=-0.0021022930732938262 0.02478665629620469 -0.050610701888608979 0.11943070373090414 0.62338218212127239 0.15683266156935757 0.097820381344081886 0.0083796163278979548 -0.060321498035091806 0.0032605021649422792 0.060390469920022075 0.13113582746764599 -0.020654612748713122 0.0022123114564503651 0.016206358378084117 0.0026758718416210908 -0.0081231126717963755 0.23423207782715272 -0.022981750145232613 -0.027083739641744643 -0.0010216397012731836 0.018840502337641223 -0.018987506546059761 -0.018728469140328809 -0.00015820348063167865 0.006056873039343956 0.012934024056224803 0.0010806713222822476 -0.0056822698684703852 0.0078231535917448001 -0.061293672293337188
leaf_weight=168584 263 844 64 4.9999999999999991 187 187 3398 791 224 466 121 2656 11572 1462 65326 158 103 6887 564 3510 4874 1533 7964 277824 32185 1075 243503 51563 33254 277
leaf_count=168584 263 844 64 5 187 187 3398 791 224 466 121 2656 11572 1462 65326 158 103 6887 564 3510 4874 1533 7964 277824 32185 1075 243503 51563 33254 277
internal_value=2.367e-13 -0.000806556 0.000977747 0.0255693 0.0796591 -0.000434126 -0.000629672 -0.0123188 0.0188639 0.0366109 0.150669 -0.0297572 0.000734473 0.00379302 0.000716051 -0.00586709 0.087519 -0.00718752 0.00999013 0.0124297 0.0217587 -0.000128556 -0.0217835 -0.000425049 0.000487043 0.0272849 0.00102911 -0.00101114 0.00189082 -0.0324311
internal_weight=921424 504914 416510 4080 450 496106 486971 8378 3630 1667 126 3447 412430 1963 412366 18720 261 18459 9135 8571 5061 4931 8808 478593 310009 1541 393646 116889 276757 501
internal_count=921424 504914 416510 4080 450 496106 486971 8378 3630 1667 126 3447 412430 1963 412366 18720 261 18459 9135 8571 5061 4931 8808 478593 310009 1541 393646 116889 276757 501
is_linear=0
shrinkage=0.05


Tree=130
num_leaves=31
num_cat=0
split_feature=8 6 6 2 7 5 8 0 3 0 0 2 0 0 10 7 8 0 3 1 9 10 2 0 3 7 1 0 8 8
split_gain=279.165 1396.86 1224.68 746.827 468.861 1176.95 575.989 307.045 303.981 324.957 287.633 282.238 986.486 915.707 884.721 411.774 1073.88 252.272 1213.86 5478.59 281.889 252.067 239.46 1365.72 1280.98 937.314 315.156 659.137 534.349 223.602
threshold=3.5857142857142863 3.5000000000000004 3.5000000000000004 -0.99913862891129024 4.5000000000000009 3.5000000000000004 4.6190476190476195 17.500000000000004 0.87837969732492682 23.500000000000004 10.500000000000002 -0.9914354235332985 31.500000000000004 39.500000000000007 22.300000000000001 1.0000000180025095e-35 0.84523809523809534 39.500000000000007 0.6078576107927941 -0.3007057995042734 0.3942795392222806 24.950000000000003 -0.98101942973744338 39.500000000000007 1.0000000180025095e-35 20.500000000000004 -0.55543802234893536 51.500000000000007 25.535714285714288 2.5857142857142863
decision_type=2 10 8 2 10 10 2 2 2 2 2 2 2 2 2 10 2 2 2 2 2 2 2 2 2 10 2 2 2 2
left_child=1 11 3 8 5 6 -5 -7 -2 -10 -4 12 15 14 -14 16 -1 29 20 -20 -19 -17 23 25 -25 -12 27 -24 -28 -13
right_child=2 -3 10 4 -6 7 -8 -9 9 -11 22 17 13 -15 -16 21 -18 18 19 -21 -22 -23 26 24 -26 -27 28 -29 -30 -31
leaf_value=0.012266290997807855 0.12496701562518463 -0.022895067576353574 -0.012636640530175845 0.075537263278340844 -0.00086471666627067889 0.0008550110395294995 0.22275749367723863 0.03173314022302641 0.18660370621830219 0.6141413867473603 -0.0029743502131630052 -0.0018570492108599245 0.064169324699201086 -0.18861361265182497 0.26477021417684027 -0.0038053618315477011 0.127241691593557 -0.094972506808963686 0.75729116181532552 0.023422031381173047 0.0060582854413341325 0.021347963037905534 -0.0011458196488884805 0.017964627265915835 0.19340538647064864 -0.052725936424529621 0.0013425361981547798 0.071246963139726879 0.01882225232966802 0.0015414531949052236
leaf_weight=2642 36 7269 4204 582 1599 1361 75 1971 10.000000000000002 7.9999999999999991 39408 221679 171 25 81 7934 220 77 30 167 668 1139 174080 276 167 970 387920 315 4422 61918
leaf_count=2642 36 7269 4204 582 1599 1361 75 1971 10 8 39408 221679 171 25 81 7934 220 77 30 167 668 1139 174080 276 167 970 387920 315 4422 61918
internal_value=-3.72783e-12 -0.00124024 0.000610713 0.0237991 0.0220108 0.0311805 0.0923432 0.0191206 0.208851 0.37662 0.000396857 -0.000709796 0.0067334 0.100014 0.128648 0.00456844 0.0211044 -0.00102925 0.0248028 0.135179 -0.00438382 -0.000647681 0.000487043 -0.00321159 0.0841014 -0.00416953 0.000753449 -0.00101506 0.00153955 -0.00111505
internal_weight=921424 304020 617404 5642 5588 3989 657 3332 54 18 611762 296751 12212 277 252 11935 2862 284539 942 197 745 9073 607558 40821 443 40378 566737 174395 392342 283597
internal_count=921424 304020 617404 5642 5588 3989 657 3332 54 18 611762 296751 12212 277 252 11935 2862 284539 942 197 745 9073 607558 40821 443 40378 566737 174395 392342 283597
is_linear=0
shrinkage=0.05


Tree=131
num_leaves=31
num_cat=0
split_feature=0 8 6 6 1 7 7 9 8 6 8 8 6 0 3 10 2 2 10 6 8 2 1 5 6 2 9 8 7 2
split_gain=259.517 237.529 1743.59 1006.7 427.363 425.177 344.287 379.927 338.04 376.871 654.535 625.75 342.491 309.355 319.478 297.783 391.329 282.111 242.527 224.63 223.277 206.98 168.537 162.294 157.209 152.109 146.687 138.745 117.145 222.626
threshold=10.500000000000002 16.183333333333337 16.500000000000004 16.500000000000004 -0.94043431802113941 29.500000000000004 20.500000000000004 0.39719246322346541 16.937500000000004 17.500000000000004 17.535714285714288 17.535714285714288 17.500000000000004 30.000000000000004 -0.8783796973249266 29.000000000000004 -0.95436844760270667 -0.99913862891129024 17.300000000000001 17.500000000000004 0.61904761904761918 -0.70710005003962684 -0.86601715984676897 15.500000000000002 4.5000000000000009 -0.98101942973744338 0.41034823894619488 12.773809523809526 16.500000000000004 -0.9959998128332036
decision_type=2 2 10 8 2 10 10 2 2 8 2 2 10 2 2 2 2 2 2 10 2 2 2 10 8 2 2 2 10 2
left_child=24 2 5 13 23 6 20 -8 12 11 -11 -10 18 28 22 16 -6 -14 -5 -17 -2 -16 -15 27 -1 26 -26 -4 29 -3
right_child=1 3 4 8 15 -7 7 -9 9 10 -12 -13 17 14 21 19 -18 -19 -20 -21 -22 -23 -24 -25 25 -27 -28 -29 -30 -31
leaf_value=-0.0039688041327042541 -0.0026806369063563495 0.18373028858331963 -0.20140424668788912 -0.092434097369071808 -0.1132928663563843 0.46109132528305052 -0.12680525772323434 -0.0073394574450681045 0.0070786246597396192 -0.031901715694826374 0.0020981605866010897 0.049339829865465881 -0.31124443173408511 0.13312029254933197 0.13573757612668888 -0.07413798795833465 -0.037361595352438964 -0.04346993936759342 -0.0034492271625564336 -0.17746357612747266 0.00027729788061711495 0.060018988624888206 -0.073695298404517495 -0.024654696133046404 -0.11892483688425273 -0.013762338906541535 -0.027280053160092261 0.067647554041088923 0.01158790373992377 0.03023839588047458
leaf_weight=14190 69498 24 4.9999999999999991 79 195 4.9999999999999991 112 164 5495 1467 40344 1042 9.9999999999999982 11.999999999999998 123 166 1307 600 2491 77 777880 339 55 127 68 2644 122 115 1162 1506
leaf_count=14190 69498 24 5 79 195 5 112 164 5495 1467 40344 1042 10 12 123 166 1307 600 2491 77 777880 339 55 127 68 2644 122 115 1162 1506
internal_value=-7.78815e-12 0.000115126 -9.05652e-05 0.00330725 -0.0468143 1.92355e-05 1.65158e-05 -0.0558183 0.00161211 0.00265073 0.000905225 0.0138151 -0.0141788 0.0304254 0.0653806 -0.0555274 -0.0472195 -0.0478597 -0.00618456 -0.106879 3.47018e-05 0.0801778 -0.0366537 0.0147421 -0.00611607 -0.0168676 -0.0600792 0.0564371 0.0235564 0.0326461
internal_weight=921424 904400 849651 54749 1992 847659 847654 276 51528 48348 41811 6537 3180 3221 529 1745 1502 610 2570 243 847378 462 67 247 17024 2834 190 120 2692 1530
internal_count=921424 904400 849651 54749 1992 847659 847654 276 51528 48348 41811 6537 3180 3221 529 1745 1502 610 2570 243 847378 462 67 247 17024 2834 190 120 2692 1530
is_linear=0
shrinkage=0.05


Tree=132
num_leaves=31
num_cat=0
split_feature=8 6 8 2 6 1 5 7 5 0 7 3 2 8 1 5 6 9 7 8 6 0 9 10 2 3 2 8 7 0
split_gain=247.108 1590.6 807.441 749.118 670.676 467.809 550.009 418.112 386.422 380.921 378.451 803.344 342.005 337.891 337.189 328.534 323.468 428.597 313.1 1106.58 854.28 578.892 1369.39 279.448 833.202 265.335 260.26 257.302 247.105 298.027
threshold=8.8660714285714306 8.5000000000000018 8.2083333333333339 -0.96759678964602525 8.5000000000000018 -0.60875563403867206 10.500000000000002 8.5000000000000018 8.5000000000000018 18.500000000000004 8.5000000000000018 1.0000000180025095e-35 0.96591663137137818 8.4642857142857171 -0.88599923532063174 1.5000000000000002 5.5000000000000009 0.40068279860036154 9.5000000000000018 9.8660714285714306 9.5000000000000018 20.500000000000004 0.39481647128968428 29.550000000000001 0.19504389580251666 1.0000000180025095e-35 -0.79334578813923262 1.7738095238095239 13.500000000000002 27.500000000000004
decision_type=2 10 2 2 8 2 10 8 10 2 10 2 2 2 2 8 10 2 8 2 8 2 2 2 2 2 2 2 8 2
left_child=1 2 10 25 5 6 16 8 -4 -7 23 -12 -9 -5 -13 -6 17 -2 21 20 -20 -17 -23 27 -25 -3 -21 -1 29 -11
right_child=4 3 7 13 15 9 -8 12 -10 28 11 14 -14 -15 -16 18 -18 -19 19 26 -22 22 -24 24 -26 -27 -28 -29 -30 -31
leaf_value=-0.0024201427037534064 0.53733701365334652 -0.028698129142062906 0.048372861913092875 -0.024173478928791139 0.14248281209388886 0.0035963549631177344 -0.057961825312996741 -0.0046925801962418717 0.015722256697975879 0.052674737059974566 0.0018813363332061659 0.013976982751914561 0.04929417348661419 -0.0067480364218290567 -0.033619961638968673 0.002613326566450031 0.019434032781058565 -0.03855543782313664 0.0015960898914921834 -0.0021875737470740974 -0.028145635273274856 0.073907677079468714 0.0085324893610345173 -0.0044709507131642191 0.0077498729335926612 -0.077115611916146798 0.0017812335408525599 6.0125574498659783e-05 -0.031134353158374629 0.12849858926121621
leaf_weight=142748 6.9999999999999982 492 1425 4921 41 465 299 2360 2489 995 5372 419 335 6400 3324 43387 598 6 4065 53111 5946 963 4762 22730 36096 666 185863 390915 75 149
leaf_count=142748 7 492 1425 4921 41 465 299 2360 2489 995 5372 419 335 6400 3324 43387 598 6 4065 53111 5946 963 4762 22730 36096 666 185863 390915 75 149
internal_value=3.16043e-12 -0.000569948 -0.000207392 -0.0182405 0.00117634 0.0264903 -0.00239451 0.017174 0.0276096 0.0420991 -0.000398338 -0.010509 0.0020182 -0.0143225 -0.0282919 0.000956089 0.024798 0.27154 0.000936623 0.000216942 -0.0160689 0.00458522 0.0195292 -0.000242792 0.00302782 -0.0565445 0.000899182 -0.000603314 0.0567864 0.0625504
internal_weight=921424 620692 608213 12479 300732 2594 910 6609 3914 1684 601604 9115 2695 11321 3743 298138 611 13 298097 248985 10011 49112 5725 592489 58826 1158 238974 533663 1219 1144
internal_count=921424 620692 608213 12479 300732 2594 910 6609 3914 1684 601604 9115 2695 11321 3743 298138 611 13 298097 248985 10011 49112 5725 592489 58826 1158 238974 533663 1219 1144
is_linear=0
shrinkage=0.05


Tree=133
num_leaves=31
num_cat=0
split_feature=0 2 0 7 0 10 10 8 9 10 10 8 0 6 9 6 0 2 6 10 1 0 9 1 4 9 8 7 8 0
split_gain=237.799 279.017 1906.57 1784.85 834.211 849.473 875.931 802.708 743.05 708.353 542.878 515.574 1315.4 924.307 479.084 464.456 5484.27 1956.19 422.753 334.915 292.88 289.141 565.602 391.466 285.211 240.973 192.249 310.994 222.303 163.697
threshold=12.500000000000002 0.73727733681012431 51.500000000000007 39.500000000000007 51.500000000000007 17.300000000000001 31.600000000000005 38.773809523809533 0.39507225004483176 32.350000000000009 27.750000000000004 26.845238095238098 44.000000000000007 26.500000000000004 0.43095328033437574 46.500000000000007 47.500000000000007 -0.36033438033905113 38.500000000000007 29.000000000000004 -0.96591663137137795 20.500000000000004 0.41070213476451528 0.15210021706137414 -0.56174490092936669 0.43382411857551112 1.8660714285714288 1.5000000000000002 1.0714285714285716 10.500000000000002
decision_type=2 2 2 10 2 2 2 2 2 2 2 2 2 10 2 10 2 2 10 2 2 2 2 2 2 2 2 10 2 2
left_child=26 4 3 11 15 14 8 19 -7 18 -9 13 -13 -3 -6 21 17 -17 -5 24 -8 23 -23 -2 -4 -16 27 -1 -29 -28
right_child=1 2 7 9 5 6 20 10 -10 -11 -12 12 -14 -15 25 16 -18 -19 -20 -21 -22 22 -24 -25 -26 -27 29 28 -30 -31
leaf_value=-0.002963122051745249 -0.0022860338293531814 0.0025615654257934968 -0.062704636103144903 -0.37625239610671984 0.51632703116961887 -0.11749582063311187 -0.013872721418738358 0.14176928861998023 0.045425966700536259 0.13331476688385011 -0.22516699848430499 0.047517073735307641 -0.24820095293032818 -0.10957213346264326 -0.0088892656688888839 -1.6115784917558942 0.18686167059406159 -0.3166892325878144 -0.84682869144848416 -0.36083443636695545 0.37512797439098361 0.0067282037353396697 -0.00062771422255835773 0.00079581862437685361 -0.20515077602678697 0.32344502925872809 -0.0068012850582170256 0.003983855992813797 -0.025005847770740171 -0.00026081314873962813
leaf_weight=48910 205089 149591 51 15.000000000000005 13.999999999999998 78 6.0000000000000027 36 681 4.9999999999999991 13.999999999999998 1051 39 184 12.000000000000002 7 31 4.9999999999999982 6.9999999999999991 24 25 41829 69638 207085 113 9.9999999999999982 10094 868 2777 183135
leaf_count=48910 205089 149591 51 15 14 78 6 36 681 5 14 1051 39 184 12 7 31 5 7 24 25 41829 69638 207085 113 10 10094 868 2777 183135
internal_value=-3.31246e-12 0.000484468 0.00237738 0.00260041 -6.09466e-05 0.0501474 0.0393233 -0.139028 0.028683 -0.403889 0.0390271 0.00267316 0.0369363 0.00242381 0.287677 -0.000140139 -0.16446 -1.07204 -0.525981 -0.186383 0.299838 -0.000126646 0.00213266 -0.000737645 -0.160854 0.142172 -0.00133176 -0.00401312 -0.0181024 -0.000602478
internal_weight=921424 675640 151130 150892 524510 826 790 238 759 27 50 150865 1090 149775 36 523684 43 12 22 188 31 523641 111467 412174 164 22 245784 52555 3645 193229
internal_count=921424 675640 151130 150892 524510 826 790 238 759 27 50 150865 1090 149775 36 523684 43 12 22 188 31 523641 111467 412174 164 22 245784 52555 3645 193229
is_linear=0
shrinkage=0.05


Tree=134
num_leaves=31
num_cat=0
split_feature=8 6 6 7 2 7 7 8 3 8 0 7 2 7 1 0 10 3 0 1 7 2 9 9 0 6 3 8 7 10
split_gain=222.784 1714.15 1090.85 438.318 387.645 374.117 368.293 490.739 484.997 407.108 303.577 272.816 259.156 258.9 258.665 226.438 225.917 576.985 302.653 730.952 275.385 249.974 979.229 943.78 857.22 851.842 713.649 696.716 216.683 200.454
threshold=14.585714285714287 14.500000000000002 14.500000000000002 18.500000000000004 -0.9404343180211393 29.500000000000004 14.500000000000002 14.071428571428573 1.0000000180025095e-35 13.071428571428573 21.500000000000004 12.500000000000002 0.38267978949462689 2.5000000000000004 -0.58943521219697059 18.500000000000004 17.300000000000001 0.87837969732492682 39.500000000000007 0.36033438033905096 15.500000000000002 0.13052494970477621 0.40234269980221915 0.40878126481750049 44.000000000000007 46.500000000000007 1.0000000180025095e-35 33.071428571428577 20.500000000000004 29.550000000000001
decision_type=2 10 8 8 2 10 10 2 2 2 2 10 2 10 2 2 2 2 2 2 10 2 2 2 2 10 2 2 10 2
left_child=1 5 10 4 11 6 7 12 28 -10 -2 -3 -1 -6 -12 -13 17 18 20 -20 -4 22 25 24 -23 -18 -24 -25 -8 -15
right_child=2 3 16 -5 13 -7 8 -9 9 -11 14 15 -14 29 -16 -17 21 -19 19 -21 -22 23 26 27 -26 -27 -28 -29 -30 -31
leaf_value=-0.00072106792953274585 0.018320185457724823 0.069844875098871329 0.024075547172611331 -0.10145258944355635 0.11019614151603468 0.43242430686950684 0.0015043348520458414 0.022962451291790642 -0.047790473941404073 -0.0095107744396317785 0.024595929713824176 -0.0032412608764985557 0.0011234898699042039 -0.018543702650687621 0.07383193566089695 -0.089010286023955165 0.017498244388426946 -0.059771451550422107 0.24704466621141608 -0.00030691708353432743 -0.017178846441142752 -0.0074396964912135299 0.0041315621344033592 0.0053698632522644748 -0.06504262390437178 -0.19140046019943394 -0.013170860554699829 0.078688416518967144 -0.092763029925164678 -0.053689555800013736
leaf_weight=524229 1117 35 547 207 37 4.9999999999999991 3633 2323 1324 1461 431 93 299048 3437 700 446 12007 524 41 110 1553 16020 24806 17872 673 49 7844 330 62 460
leaf_count=524229 1117 35 547 207 37 5 3633 2323 1324 1461 431 93 299048 3437 700 446 12007 524 41 110 1553 16020 24806 17872 673 49 7844 330 62 460
internal_value=3.36935e-12 -0.00024724 0.00244482 -0.0303098 -0.0270431 -7.68904e-05 -7.94893e-05 1.37045e-05 -0.0119531 -0.0277091 0.0368091 -0.0654276 -5.10488e-05 -0.0214425 0.0550691 -0.0742115 0.00150703 -0.012517 -0.00151682 0.0668548 -0.00643306 0.00199593 0.00447139 -0.00117553 -0.00976203 0.0166492 -2.52588e-05 0.00669912 -7.7418e-05 -0.0226923
internal_weight=921424 836800 84624 4715 4508 832085 832080 825600 6480 2785 2248 574 823277 3934 1131 539 82376 2775 2251 151 2100 79601 44706 34895 16693 12056 32650 18202 3695 3897
internal_count=921424 836800 84624 4715 4508 832085 832080 825600 6480 2785 2248 574 823277 3934 1131 539 82376 2775 2251 151 2100 79601 44706 34895 16693 12056 32650 18202 3695 3897
is_linear=0
shrinkage=0.05


Tree=135
num_leaves=31
num_cat=0
split_feature=8 6 0 6 2 7 2 0 3 7 10 9 9 3 8 6 8 6 2 7 5 2 10 0 2 0 6 9 2 5
split_gain=226.263 709.51 419.717 4311.38 359.999 346.384 1395.99 739.676 465.215 321.286 316.038 304.718 287.122 273.632 217.928 1603.24 937.076 533.799 591.493 398.369 302.017 215.398 188.764 283.469 199.782 177.732 166.345 154.018 52.3359 35.0006
threshold=40.619047619047628 46.500000000000007 47.500000000000007 46.500000000000007 0.53913703985740891 39.500000000000007 0.70710005003962684 47.500000000000007 0.87837969732492682 32.500000000000007 28.250000000000004 0.39764873941007001 0.38565403768030093 1.0000000180025095e-35 4.9285714285714297 4.5000000000000009 4.3095238095238102 4.5000000000000009 -0.99894830403340407 4.5000000000000009 1.0000000180025095e-35 0.55727545385952004 31.600000000000005 51.500000000000007 0.46368156678007261 44.000000000000007 35.500000000000007 0.39248784482803406 -0.21856852447980174 43.500000000000007
decision_type=2 10 2 8 2 10 2 2 2 8 2 2 2 2 2 10 2 8 2 8 8 2 2 2 2 2 10 2 2 10
left_child=1 5 3 4 25 14 10 8 -8 -4 21 29 -11 -9 15 16 -1 18 -16 -17 -19 -7 24 -24 -14 28 -12 -27 -2 -6
right_child=2 -3 9 -5 11 6 7 13 -10 12 26 -13 22 -15 17 19 -18 20 -20 -21 -22 -23 23 -25 -26 27 -28 -29 -30 -31
leaf_value=-0.0006259133320267123 -0.0094836066399390517 -0.59563034057617192 -0.29416713515917459 -1.161169631034136 -0.096293853861944972 -0.039983545586466794 -0.36323034452355424 0.098501944880593884 -0.89537143707275391 -0.30071341633796694 0.35881675720214845 -0.46446853478749595 0.07211974888870662 -0.21803154974348016 0.16445366077657259 -0.0074046667262254173 0.018192880149727465 0.0826219287784105 0.017550335662698674 -0.024550717916988679 0.00050693738489628786 -0.35703115910291672 -0.12502679468496988 0.22051035780459635 0.17504923392009611 0.15783265378326178 0.06154448227025569 0.040690354218191289 -0.14118856300007215 0.057817867100238798
leaf_weight=362440 24 4.9999999999999991 5.9999999999999991 7.9999999999999991 14.000000000000005 50 23.000000000000004 11.000000000000002 4.9999999999999991 4.9999999999999991 4.9999999999999991 5.9999999999999991 220 18 70 5743 6738 112 3244 8260 534090 5.9999999999999991 23 8.0000000000000018 60 40 80 94 10.999999999999998 4.9999999999999991
leaf_count=362440 24 5 6 8 14 50 23 11 5 5 5 6 220 18 70 5743 6738 112 3244 8260 534090 6 23 8 60 40 80 94 11 5
internal_value=2.79463e-12 -1.86899e-05 0.0328464 -0.0236519 0.0232561 -1.5456e-05 -0.066141 -0.274951 -0.458256 0.0682894 0.0182715 -0.153833 0.0751715 -0.0979671 -1.23542e-06 -0.000912327 -0.000282445 0.000648258 0.0206533 -0.0175187 0.000524153 -0.0739529 0.0812147 -0.0358559 0.0941761 0.0494528 0.0790311 0.0756582 -0.0508766 -0.0557381
internal_weight=921424 920900 524 202 194 920895 198 57 28 322 141 25 316 29 920697 383181 369178 537516 3314 14003 534202 56 311 31 280 169 85 134 35 19
internal_count=921424 920900 524 202 194 920895 198 57 28 322 141 25 316 29 920697 383181 369178 537516 3314 14003 534202 56 311 31 280 169 85 134 35 19
is_linear=0
shrinkage=0.05


Tree=136
num_leaves=31
num_cat=0
split_feature=0 2 0 7 0 10 10 8 9 10 10 7 3 8 9 6 6 0 2 10 4 1 5 2 0 9 8 7 8 8
split_gain=211.394 245.573 1695.13 1413.99 728.993 767.965 796.384 695.077 658.731 625.359 497.817 485.304 1135.3 811.79 428.783 368.371 318.971 4543.87 1713.74 312.289 273.905 262.524 258.8 363.824 232.465 217.625 170.312 280.984 200.656 147.889
threshold=12.500000000000002 0.73727733681012431 51.500000000000007 39.500000000000007 51.500000000000007 17.300000000000001 31.600000000000005 37.535714285714292 0.39507225004483176 32.350000000000009 27.750000000000004 35.500000000000007 -1.0000000180025095e-35 26.845238095238098 0.43095328033437574 38.500000000000007 46.500000000000007 47.500000000000007 -0.36033438033905113 29.000000000000004 -0.56174490092936669 -0.96591663137137795 43.500000000000007 0.25881658133175089 20.500000000000004 0.43382411857551112 1.8660714285714288 1.5000000000000002 1.0714285714285716 11.598214285714286
decision_type=2 2 2 10 2 2 2 2 2 2 2 10 2 2 2 8 10 2 2 2 2 2 10 2 2 2 2 10 2 2
left_child=26 4 3 11 16 14 8 19 -7 15 -9 13 -13 -3 29 -5 22 18 -18 20 -4 -8 24 -24 -2 -16 27 -1 -29 -6
right_child=1 2 7 9 5 6 21 10 -10 -11 -12 12 -14 -15 25 -17 17 -19 -20 -21 -22 -23 23 -25 -26 -27 -28 28 -30 -31
leaf_value=-0.0027813344949080441 -0.0006864153344503961 0.0022923016965859661 -0.058513165457064621 -0.33430963224110494 0.6101667165756226 -0.11119211398256131 -0.012015822250396007 0.12537488498185809 0.042207421725911604 0.14539331197738647 -0.20013947394840859 -0.24970198779015759 0.055351217292615634 0.048064162893340187 -0.0084841867908835387 -0.77357728864465447 -1.4674106325422014 0.18348262271573468 -0.25542050331830984 -0.3593592098781041 -0.19849798338370281 0.3562741633653641 0.10408965706486593 -0.046152377565359254 0.0018889769600396922 0.30734012961387636 -0.00056923298825899756 0.0038117424066488048 -0.023730385670916145 0.27101420044898988
leaf_weight=48910 412174 149768 51 15.000000000000005 8.9999999999999982 78 6.0000000000000027 38 681 4.9999999999999991 17 61 61 975 12.000000000000002 6.9999999999999991 7 31 4.9999999999999982 21 111 25 132 58 111277 9.9999999999999982 193229 868 2777 4.9999999999999991
leaf_count=48910 412174 149768 51 15 9 78 6 38 681 5 17 61 61 975 12 7 7 31 5 21 111 25 132 58 111277 10 193229 868 2777 5
internal_value=-6.09524e-12 0.000456779 0.00223262 0.00244293 -5.4904e-05 0.0468804 0.0365886 -0.131101 0.026443 -0.35936 0.0247614 0.00250768 -0.0971754 0.00258835 0.272727 -0.474077 -0.000128934 -0.136303 -0.962415 -0.177945 -0.154429 0.284992 -0.000117752 0.0582263 -0.00013893 0.135072 -0.00125565 -0.00377939 -0.0171717 0.489041
internal_weight=921424 675640 151130 150892 524510 826 790 238 759 27 55 150865 122 150743 36 22 523684 43 12 183 162 31 523641 190 523451 22 245784 52555 3645 14
internal_count=921424 675640 151130 150892 524510 826 790 238 759 27 55 150865 122 150743 36 22 523684 43 12 183 162 31 523641 190 523451 22 245784 52555 3645 14
is_linear=0
shrinkage=0.05


Tree=137
num_leaves=31
num_cat=0
split_feature=8 6 7 2 7 2 3 1 7 10 7 0 8 7 2 7 2 8 1 0 3 0 9 3 1 6 6 6 0 2
split_gain=201.261 1912.39 738.582 665.748 611.92 913.096 916.792 452.256 392.486 373.521 371.433 642.237 360.026 825.944 776.131 559.168 622.401 502.266 319.633 317.268 268.247 253.017 2556.85 1052.96 1677.32 236.882 220.943 208.354 186.418 153.203
threshold=0.61904761904761918 1.0000000180025095e-35 34.500000000000007 -0.96591663137137795 1.0000000180025095e-35 -0.9914354235332985 1.0000000180025095e-35 -0.0065449223915601653 2.5000000000000004 17.100000000000005 3.5000000000000004 39.500000000000007 2.9285714285714293 2.5000000000000004 -0.64445579466475167 1.5000000000000002 -0.99913862891129024 2.2083333333333335 0.13052494970477632 22.500000000000004 1.0000000180025095e-35 34.000000000000007 0.42838858635411614 0.87837969732492682 -0.3007057995042734 2.5000000000000004 3.5000000000000004 1.0000000180025095e-35 22.500000000000004 -0.77976570290865121
decision_type=2 8 10 2 8 2 2 2 10 2 10 2 2 10 2 8 2 2 2 2 2 2 2 2 2 8 10 10 2 2
left_child=18 2 3 8 5 6 -3 -8 19 28 11 -5 13 17 -15 16 -14 -6 21 -2 -12 -1 23 -23 -25 -17 -11 29 -7 -20
right_child=1 4 -4 10 12 9 7 -9 -10 26 20 -13 15 14 -16 25 -18 -19 27 -21 -22 22 -24 24 -26 -27 -28 -29 -30 -31
leaf_value=0.0003502882869966204 0.081976981168179405 -0.026412137049871189 0.63745077610015866 0.02883195174350392 -0.0017169730688901621 0.070004131893316904 0.022807290050678136 0.21162630916173969 -0.049133724920653016 0.012733474584465774 0.026142395508454642 0.23011030685156586 0.21729510335433411 -0.030984874059088743 -0.0065867760202953044 0.016393331173380304 0.020852353629053473 0.010852587731851037 0.0017708012951131364 0.19746580948857101 -0.036078617366535774 -0.024838537995544689 1.1654858398437502 0.36308472899573985 -0.069412820003926762 0.00025320728827162665 -0.015533340723019743 -0.028453088732679235 0.30866944511731464 -0.0067592321453642766
leaf_weight=36726 159 90 4.9999999999999991 4303 129311 18 41 140 37 6922 311 40 41 4247 14020 2281 2437 8468 6434 95 391 258 4.9999999999999991 51 40 673835 768 991 14.999999999999998 28944
leaf_count=36726 159 90 5 4303 129311 18 41 140 37 6922 311 40 41 4247 14020 2281 2437 8468 6434 95 391 258 5 51 40 673835 768 991 15 28944
internal_value=2.47422e-12 0.000217481 0.0300421 0.0294729 2.84389e-05 0.0137963 0.104006 0.168855 0.103009 0.0106308 0.0252313 0.0306858 -0.000103426 -0.00226897 -0.0122592 0.00039455 0.0241026 -0.000944438 -0.00251083 0.125172 -0.00851347 0.000755787 0.0428246 0.0267406 0.172976 0.000307659 0.00991047 -0.00584132 0.178488 -0.00520792
internal_weight=921424 847975 5341 5336 842634 7994 271 181 291 7723 5045 4343 834640 156046 18267 678594 2478 137779 73449 254 702 37080 354 349 91 676116 7690 36369 33 35378
internal_count=921424 847975 5341 5336 842634 7994 271 181 291 7723 5045 4343 834640 156046 18267 678594 2478 137779 73449 254 702 37080 354 349 91 676116 7690 36369 33 35378
is_linear=0
shrinkage=0.05


Tree=138
num_leaves=31
num_cat=0
split_feature=0 8 6 0 6 2 7 2 0 10 7 9 9 8 7 0 10 0 8 2 3 1 0 4 2 7 2 6 4 10
split_gain=197.075 187.26 586.336 343.446 3491.62 314.041 286.718 1159.91 635.826 280.688 278.977 277.129 240.672 189.177 900.78 389.048 172.199 155.998 145.758 170.671 133.548 89.3858 65.7773 96.4634 50.2066 56.4199 47.6977 34.473 34.3299 28.5778
threshold=10.500000000000002 40.619047619047628 46.500000000000007 47.500000000000007 46.500000000000007 0.53913703985740891 39.500000000000007 0.70710005003962684 47.500000000000007 28.250000000000004 32.500000000000007 0.39764873941007001 0.38565403768030093 34.071428571428577 35.500000000000007 39.500000000000007 31.600000000000005 44.000000000000007 4.0625000000000009 -0.98821097822247983 -0.60785761079279388 0.59121958904006411 8.5000000000000018 1.0000000180025095e-35 -0.91517207274776624 4.5000000000000009 0.96591663137137818 6.5000000000000009 -0.22252093395631442 32.350000000000009
decision_type=2 2 10 2 8 2 10 2 2 2 8 2 2 2 10 2 2 2 2 2 2 2 2 2 2 10 2 10 2 2
left_child=18 2 6 4 5 17 13 9 -9 -8 -5 -7 -12 14 -2 -15 -14 -3 24 20 -20 26 23 -22 25 -1 27 -21 -28 -26
right_child=1 3 -4 10 -6 11 7 8 -10 -11 12 -13 16 15 -16 -17 -18 -19 19 21 22 -23 -24 -25 29 -27 28 -29 -30 -31
leaf_value=-0.009897262869750156 8.9392999480908926e-05 -0.048439873440989434 -0.5413654935359955 -0.27570584019025168 -1.044804512988776 -0.050763159519747671 -0.070044592994132224 -0.42036172875336242 -0.086321538985417834 0.074129753121558367 -0.27568343877792362 -0.44055151542027793 0.086368384580460519 0.041642851279199353 -0.13360848789886823 -0.011602495760212713 -0.037827221736792593 0.070105937298790402 -0.0029695535112511029 -0.018238121904130458 -0.16518701932259972 -0.0015610641251757882 -0.034072971556867872 -0.046036157585107366 -0.0022885525506867199 -0.098841731333070337 -0.021245566567634808 -0.035074687107742211 0.014803048767220633 0.018064447841340942
leaf_weight=1880 902151 35 4.9999999999999991 5.9999999999999991 7.9999999999999991 19.000000000000004 56 28 29 85 4.9999999999999991 5.9999999999999991 280 789 126 607 31 134 55 1032 49 1131 28 26 11928 18 114 431 157 175
leaf_count=1880 902151 35 5 6 8 19 56 28 29 85 5 6 280 789 126 607 31 134 55 1032 49 1131 28 26 11928 18 114 431 157 175
internal_value=9.78923e-13 0.000100324 8.30015e-05 0.0299817 -0.021126 0.0210876 8.59967e-05 -0.0600754 -0.250411 0.016869 0.062043 -0.144312 0.068456 9.91784e-05 7.07225e-05 0.018491 0.0739888 0.045555 -0.00532974 -0.0152864 -0.0658764 -0.0124965 -0.0994674 -0.123881 -0.00317996 -0.0107408 -0.0196291 -0.0231982 -0.000361313 -0.00199426
internal_weight=921424 904400 903876 524 202 194 903871 198 57 141 322 25 316 903673 902277 1396 311 169 17024 3023 158 2865 103 75 14001 1898 1734 1463 271 12103
internal_count=921424 904400 903876 524 202 194 903871 198 57 141 322 25 316 903673 902277 1396 311 169 17024 3023 158 2865 103 75 14001 1898 1734 1463 271 12103
is_linear=0
shrinkage=0.05


Tree=139
num_leaves=31
num_cat=0
split_feature=8 6 6 0 2 8 7 7 9 8 2 8 2 0 3 7 8 5 7 2 5 5 3 5 5 1 0 0 10 0
split_gain=188.201 1501.1 1407.45 495.73 454.58 452.779 530.859 373.103 545.89 522.331 478.38 414.178 364.737 329.814 446.423 338.385 318.425 314.928 293.777 314.144 301.733 269.427 246.382 244.781 236.419 211.157 454.819 367.852 210.133 448.912
threshold=9.3541666666666696 9.5000000000000018 9.5000000000000018 20.500000000000004 -0.98101942973744338 9.8660714285714306 9.5000000000000018 9.5000000000000018 0.39527678915676451 9.0625000000000018 -0.96759678964602525 1.2083333333333337 -0.9404343180211393 26.000000000000004 1.0000000180025095e-35 9.5000000000000018 8.7321428571428594 9.5000000000000018 16.500000000000004 -0.42261826174069955 14.500000000000002 1.0000000180025095e-35 1.0000000180025095e-35 12.500000000000002 9.5000000000000018 0.70710005003962695 40.500000000000007 30.000000000000004 31.600000000000005 23.500000000000004
decision_type=2 10 8 2 2 2 10 10 2 2 2 2 2 2 2 10 2 10 8 2 10 8 2 10 10 2 2 2 2 2
left_child=1 7 3 23 -3 6 -4 9 11 28 22 -9 13 15 -15 -5 -13 -11 20 -20 -14 -7 -10 -2 -8 27 -27 -23 -1 -30
right_child=2 4 5 12 -6 21 24 8 10 17 -12 16 18 14 -16 -17 -18 -19 19 -21 -22 25 -24 -25 -26 26 -28 -29 29 -31
leaf_value=-0.00036720465296869484 0.018196516220401509 -0.087355464572308528 0.005242890129534607 0.085667683607303036 -0.024738478377837839 0.14599217167124154 -0.0099511378911019636 0.42142516322433948 -0.0034430255807819778 0.03317269995215609 -9.1918910227637969e-05 -0.046570896064864371 0.047523146590829318 0.039775908621028068 0.23022776568308473 -0.12666496440457803 -0.0023475171397831624 -0.0033787796356226293 0.18222671130841428 -0.10881901406130548 -0.03548816829383121 -0.00077151545483884884 -0.068736183234886325 -0.02915131278219284 -0.033061414111387494 0.0036231228677720121 -0.033718041550082324 0.0071594889966663357 0.0028566342203398278 0.033951116391288498
leaf_weight=622782 4189 311 2820 86 4261 32 2042 4.9999999999999991 224 1877 6961 1456 1514 50 80 24 565 859 10.999999999999998 59 118 158110 407 292 2416 70518 825 16110 21192 1228
leaf_count=622782 4189 311 2820 86 4261 32 2042 5 224 1877 6961 1456 1514 50 80 24 565 859 11 59 118 158110 407 292 2416 70518 825 16110 21192 1228
internal_value=4.24248e-12 -0.000447175 0.00114189 0.0242557 -0.0289979 0.000554797 -0.0117356 -0.000248662 -0.0100242 -0.000103553 -0.00387075 -0.0330831 0.0453559 0.10306 0.156977 0.0393406 -0.0342076 0.0216969 0.0372189 -0.0630833 0.0415211 0.000919012 -0.0455576 0.0151111 -0.0224757 0.000900107 0.00319132 -3.81411e-05 -0.000195999 0.00455976
internal_weight=921424 662128 259296 6423 4572 252873 7278 657556 9618 647938 7592 2026 1942 240 130 110 2021 2736 1702 70 1632 245595 631 4481 4458 245563 71343 174220 645202 22420
internal_count=921424 662128 259296 6423 4572 252873 7278 657556 9618 647938 7592 2026 1942 240 130 110 2021 2736 1702 70 1632 245595 631 4481 4458 245563 71343 174220 645202 22420
is_linear=0
shrinkage=0.05


Tree=140
num_leaves=31
num_cat=0
split_feature=9 0 7 2 2 7 8 5 8 0 7 0 5 8 6 7 2 7 2 1 1 0 9 6 2 7 9 2 0 8
split_gain=182.447 252.704 359.275 1044.56 460.014 417.06 1281.23 392.755 354.066 606.436 186.937 182.106 177.035 168.108 1584.3 648.269 597.891 489.633 848.001 350.158 270.872 238.625 2300.85 188.467 156.125 177.337 156.006 148.926 140.269 91.5452
threshold=0.38850994985953369 17.500000000000004 12.500000000000002 0.67719547657430124 0.65918890865109991 22.500000000000004 19.226190476190478 21.500000000000004 3.535714285714286 27.500000000000004 1.5000000000000002 9.5000000000000018 44.500000000000007 0.61904761904761918 1.0000000180025095e-35 34.500000000000007 -0.96591663137137795 1.0000000180025095e-35 -0.98101942973744338 -0.55543802234893536 0.13052494970477632 34.000000000000007 0.42838858635411614 1.0000000180025095e-35 -0.93186591997002521 3.5000000000000004 0.41514562647694064 -0.75172529863468052 30.000000000000004 14.585714285714287
decision_type=2 2 10 2 2 10 2 10 2 2 10 2 10 2 8 10 2 8 2 2 2 2 2 10 2 10 2 2 2 2
left_child=1 -1 4 12 29 6 -5 -7 10 -10 -6 24 -4 20 15 16 -15 18 -16 -19 21 28 -23 27 25 -2 -27 -22 -13 -3
right_child=11 2 3 5 8 7 -8 -9 9 -11 -12 13 -14 14 17 -17 -18 19 -20 -21 23 22 -24 -25 -26 26 -28 -29 -30 -31
leaf_value=0.00028029006667294835 -0.0099935826268299568 0.0040677936280324239 0.021572974787695584 -0.048904460571522507 0.033454004057895635 -0.21059690860490643 0.15386621386913413 -0.061417540644898141 0.039963618611909391 0.15530679341087616 -0.015664267825067479 0.00082348913480696491 0.18384507964639105 0.097411690295565581 0.083157323409675271 0.59704767942428594 0.023238771317201756 -0.0017712382318559633 0.0087021172935082113 0.00054767832027187077 0.0018189989078333663 0.026624950924300936 1.1072253990173342 -0.027241486940506016 -0.003692946537570789 -0.078331892209995591 -0.020650318654610172 -0.0065007656426286269 -0.02365255103729378 -0.13444616214061778
leaf_weight=11025 1328 2004 1487 679 368 62 88 153 1550 123 409 32774 17 288 404 4.9999999999999991 4797 226089 7161 581478 6705 333 4.9999999999999991 967 12844 206 272 27195 596 11.999999999999998
leaf_count=11025 1328 2004 1487 679 368 62 88 153 1550 123 409 32774 17 288 404 5 4797 226089 7161 581478 6705 333 5 967 12844 206 272 27195 596 12
internal_value=3.31148e-12 0.00498771 0.0124531 -0.00278174 0.0209336 -0.0428918 -0.02564 -0.104437 0.0354901 0.0484437 0.00759895 -9.92466e-05 0.0234072 -8.1088e-06 0.00019072 0.0279993 0.0274397 1.70731e-05 0.0126783 -0.000101533 -0.00238629 0.000809729 0.0426102 -0.00547608 -0.00562846 -0.0193935 -0.0455089 -0.00485522 0.000386338 0.00324331
internal_weight=921424 17977 6952 2486 4466 982 767 215 2450 1673 777 903447 1504 888797 820222 5090 5085 815132 7565 807567 68575 33708 338 34867 14650 1806 478 33900 33370 2016
internal_count=921424 17977 6952 2486 4466 982 767 215 2450 1673 777 903447 1504 888797 820222 5090 5085 815132 7565 807567 68575 33708 338 34867 14650 1806 478 33900 33370 2016
is_linear=0
shrinkage=0.05


Tree=141
num_leaves=31
num_cat=0
split_feature=8 6 6 8 6 5 1 7 3 8 8 7 7 5 2 8 1 0 7 6 0 8 10 2 5 5 0 6 0 0
split_gain=175.24 1805.2 969.784 421.034 406.888 402.176 364.928 340.532 716.499 358.179 321.975 456.983 308.11 509.801 300.51 278.515 274.006 493.58 1158.98 745.192 386.317 475.994 259.114 817.203 275.293 252.635 252.103 274.703 306.428 269.178
threshold=7.5982142857142865 7.5000000000000009 7.5000000000000009 7.0714285714285721 4.5000000000000009 9.5000000000000018 -0.77836700843141071 7.5000000000000009 1.0000000180025095e-35 5.7321428571428585 8.8660714285714306 9.5000000000000018 7.5000000000000009 7.5000000000000009 0.98055188006607075 10.845238095238097 0.60875563403867206 27.500000000000004 24.500000000000004 24.500000000000004 40.500000000000007 22.535714285714288 29.550000000000001 0.19504389580251666 7.5000000000000009 42.500000000000007 15.500000000000002 13.500000000000002 44.000000000000007 37.000000000000007
decision_type=2 10 8 2 8 10 2 10 2 2 2 8 10 10 2 2 2 2 10 10 2 2 2 2 10 8 2 10 2 2
left_child=1 3 5 7 -5 10 -7 22 -9 -10 -2 15 13 -6 16 -12 17 19 -19 -4 21 -18 24 -24 -1 -22 -16 28 -28 -29
right_child=2 -3 14 4 12 6 -8 8 9 -11 11 -13 -14 -15 26 -17 20 18 -20 -21 25 -23 23 -25 -26 -27 27 29 -30 -31
leaf_value=-0.00053427957085856184 0.028281823670313424 -0.025257427798360543 -0.0014230615959137933 0.11135431008785963 0.032887036797558833 -0.052982456702912108 0.013288775840855874 0.0018336263612751932 -0.046266435439062739 -0.013577220429269628 0.14972021930311857 0.01445316464599708 -0.00224431529321681 0.00013745169122947342 0.00017424213132253525 0.53258695125579836 0.0018679936607582459 0.015289446852892541 -0.010596179687461328 -0.061071273434596764 -0.032629159085901853 0.02052632656356428 -0.0046477925079142996 0.0079820237903313537 -0.02061403370586045 0.11708067640148362 0.019526611525984974 -0.00038058289925172996 -0.11762491548661053 0.041887216844646066
leaf_weight=482304 3322 7298 198720 100 2591 269 912 4863 1508 1886 95 92 3163 2195 8851 4.9999999999999991 111789 13099 6455 525 996 3526 21009 32810 1713 29 6084 4765 41 409
leaf_count=482304 3322 7298 198720 100 2591 269 912 4863 1508 1886 95 92 3163 2195 8851 5 111789 13099 6455 525 996 3526 21009 32810 1713 29 6084 4765 41 409
internal_value=4.82558e-12 -0.000552137 0.000861127 -0.000226771 0.0111254 0.0234367 -0.00180603 -0.000394094 -0.0104711 -0.0281015 0.0319204 0.0948752 0.00986454 0.0178671 0.000562799 0.168864 0.000206239 -0.00083627 0.0067443 -0.00158023 0.00216687 0.00243851 -0.000239389 0.0030518 -0.000605344 -0.0283935 0.0064932 0.0114431 0.0186085 0.00296065
internal_weight=921424 561440 359984 554142 8049 4695 1181 546093 8257 3394 3514 192 7949 4786 355289 100 335139 218799 19554 199245 116340 115315 537836 53819 484017 1025 20150 11299 6125 5174
internal_count=921424 561440 359984 554142 8049 4695 1181 546093 8257 3394 3514 192 7949 4786 355289 100 335139 218799 19554 199245 116340 115315 537836 53819 484017 1025 20150 11299 6125 5174
is_linear=0
shrinkage=0.05


Tree=142
num_leaves=31
num_cat=0
split_feature=8 6 6 7 5 8 2 7 3 2 3 5 3 0 8 5 1 0 0 9 10 2 7 8 6 8 1 0 5 2
split_gain=168.724 1616.55 848.175 495.601 1687.97 492.479 429.12 354.19 645.639 475.732 329.589 328.374 291.871 400.806 269.295 328.062 263.045 252.147 241.387 255.315 472.835 239.74 221.407 787.601 730.003 622.065 1121.26 1082.67 533.462 313.423
threshold=4.6904761904761916 4.5000000000000009 4.5000000000000009 5.5000000000000009 4.5000000000000009 4.3095238095238102 -0.99913862891129024 4.5000000000000009 1.0000000180025095e-35 -0.47898255845512089 -0.60785761079279388 6.5000000000000009 -0.60785761079279388 32.500000000000007 4.0625000000000009 3.5000000000000004 0.17149884075797781 39.500000000000007 39.500000000000007 0.41034823894619488 27.450000000000003 -0.9914354235332985 5.5000000000000009 5.8660714285714297 5.5000000000000009 5.1833333333333345 -0.79334578813923284 17.500000000000004 7.5000000000000009 -0.87659322597609213
decision_type=2 10 8 8 10 2 2 10 2 2 2 10 2 2 2 10 2 2 2 2 2 2 8 2 10 2 2 2 8 2
left_child=1 5 3 4 12 7 -6 14 16 -10 -8 -7 17 -14 21 -16 -9 -2 -3 20 -20 -1 25 24 -24 -4 28 -28 -27 -25
right_child=2 18 22 -5 6 11 10 8 9 -11 -12 -13 13 -15 15 -17 -18 -19 19 -21 -22 -23 23 29 -26 26 27 -29 -30 -31
leaf_value=0.0058569394711733879 0.077097846374241386 -0.022094195563292101 0.00017029211102585241 -0.0033791228958027332 0.20462443282206855 0.016262262551079609 -0.011297930343860167 0.0075298623016152744 -0.045413717596105185 -0.011389867115805615 0.026265303978910654 -0.081668550245334731 0.12655287647895133 0.33845291497806707 0.095271680739204417 0.011466981469799131 -0.016000911947205095 -0.19398443251848221 0.38877878912857589 -0.077492809792359674 -0.075740230623503324 -0.00065296928773783246 0.00064653235057126474 -0.0025479043860452927 -0.022920327390696091 -0.0014401347628169973 0.0018135170232863665 0.030841471271688264 -0.043891314535075561 0.00093634064090986784
leaf_weight=14767 183 9100 47000 1374 30 5317 851 4320 1651 2720 1861 87 318 24 122 2728 1638 8.9999999999999982 14.000000000000002 11.999999999999998 8.9999999999999982 334495 6111 77545 7108 2976 5635 7471 985 384963
leaf_count=14767 183 9100 47000 1374 30 5317 851 4320 1651 2720 1861 87 318 24 122 2728 1638 9 14 12 9 334495 6111 77545 7108 2976 5635 7471 985 384963
internal_value=6.11561e-12 -0.000813104 0.000563004 0.021826 0.0323973 -0.000297131 0.0165587 -0.000520525 -0.00964653 -0.0242412 0.0144783 0.0146857 0.113726 0.141423 -0.000252819 0.0150544 0.00106068 0.0643909 -0.0215901 0.109466 0.20701 -0.000377727 0.000379836 8.22431e-06 -0.0120256 0.00313923 0.0113152 0.0183607 -0.0119967 0.000352165
internal_weight=921424 376980 544444 4650 3276 367845 2742 362441 10329 4371 2712 5404 534 342 352112 2850 5958 192 9135 35 23 349262 539794 475727 13219 64067 17067 13106 3961 462508
internal_count=921424 376980 544444 4650 3276 367845 2742 362441 10329 4371 2712 5404 534 342 352112 2850 5958 192 9135 35 23 349262 539794 475727 13219 64067 17067 13106 3961 462508
is_linear=0
shrinkage=0.05


Tree=143
num_leaves=31
num_cat=0
split_feature=8 6 0 6 2 7 2 0 3 3 2 1 10 10 3 7 9 2 5 2 8 6 5 7 6 0 1 7 2 7
split_gain=166.849 528.36 305.145 3151.17 283.333 259.661 1036.83 571.899 390.616 257.014 645.6 612.657 476.847 248.773 224.413 218.948 208.851 194.839 187.728 248.508 177.152 887.723 572.936 489.983 413.739 316.341 166.755 149.633 146.544 115.639
threshold=40.619047619047628 46.500000000000007 47.500000000000007 46.500000000000007 0.52053679269617514 39.500000000000007 0.70710005003962684 47.500000000000007 0.87837969732492682 -0.8783796973249266 -0.93894197835419624 -0.98055188006607052 26.150000000000002 28.250000000000004 1.0000000180025095e-35 50.500000000000007 0.39549300731392245 0.55727545385952004 45.500000000000007 0.25881658133175089 31.845238095238098 32.500000000000007 29.500000000000004 35.500000000000007 34.500000000000007 39.500000000000007 -0.51869424648056828 41.500000000000007 -0.42261826174069955 46.500000000000007
decision_type=2 10 2 8 2 10 2 2 2 2 2 2 2 2 2 10 2 2 10 2 2 10 8 10 10 2 2 10 2 10
left_child=1 5 3 4 27 20 13 8 -8 11 -11 -4 28 17 -9 -14 -6 -7 26 -20 21 23 -22 -1 -23 -24 -12 -2 -13 -15
right_child=2 -3 9 -5 16 6 7 14 -10 10 18 12 15 29 -16 -17 -18 -19 19 -21 22 24 25 -25 -26 -27 -28 -29 -30 -31
leaf_value=-1.4151739535086924e-05 -0.006691895035405954 -0.51399895191192635 -0.28289758099450008 -0.99245955720543866 -0.019103173580434587 -0.034033716186881065 -0.31132730556570964 0.096325901557098706 -0.79894024848937994 -0.39084738095601401 -0.045107979100683461 0.14747064588021261 0.51503711700439436 0.051918423068351476 -0.19032957818773058 0.22018901775864996 -0.29564110690897166 -0.33557090833783154 0.12689389579267388 -0.058839740701343707 0.54779308319091802 -0.18749523002528745 0.025497605699760534 -0.19268294753450338 0.088672357145696878 -0.010795183352333107 0.1501101972965094 0.088933577187773255 0.018490978358313443 0.264064427784511
leaf_weight=917980 75 4.9999999999999991 8.9999999999999982 7.9999999999999991 18.000000000000004 50 23.000000000000004 11.000000000000002 4.9999999999999991 8.9999999999999982 69 49 10.000000000000002 78 18 17 10.999999999999998 5.9999999999999991 83 23 4.9999999999999991 89 1620 33 15.999999999999998 954 12.999999999999998 90 40 6.9999999999999991
leaf_count=917980 75 5 9 8 18 50 23 11 5 9 69 49 10 78 18 17 11 6 83 23 5 89 1620 33 16 954 13 90 40 7
internal_value=4.38476e-12 -1.60495e-05 0.0282061 -0.0199676 0.0201352 -1.32588e-05 -0.0572657 -0.237221 -0.398401 0.0584268 0.0228438 0.114506 0.145339 0.0154821 -0.0815982 0.329392 -0.123997 -0.0663413 0.0426482 0.0865932 -9.46443e-07 -3.77053e-05 0.0130851 -2.10776e-05 -0.145413 0.0120464 -0.0141588 0.0454675 0.0895023 0.0693893
internal_weight=921424 920900 524 202 194 920895 198 57 28 322 197 125 116 141 29 27 29 56 188 106 920697 918118 2579 918013 105 2574 82 165 89 85
internal_count=921424 920900 524 202 194 920895 198 57 28 322 197 125 116 141 29 27 29 56 188 106 920697 918118 2579 918013 105 2574 82 165 89 85
is_linear=0
shrinkage=0.05


Tree=144
num_leaves=31
num_cat=0
split_feature=0 9 2 0 8 0 10 10 6 0 8 7 9 2 7 4 0 0 2 0 2 8 6 8 0 7 1 8 7 8
split_gain=164.53 214.416 201.678 1296.97 587.43 527.43 720.112 742.58 475.577 3029.42 461.244 424.185 385.69 271.558 236.864 213.643 199.386 768.362 836.185 756.22 777.241 428.985 315.432 178.074 165.169 226.77 158.283 143.499 252.426 179.081
threshold=12.500000000000002 0.38850994985953369 0.83127174505093848 51.500000000000007 38.773809523809533 51.500000000000007 17.300000000000001 31.600000000000005 46.500000000000007 47.500000000000007 1.5357142857142858 37.500000000000007 0.43095328033437574 0.98783682519954519 1.0000000180025095e-35 1.0000000180025095e-35 31.500000000000004 32.500000000000007 0.67719547657430124 30.000000000000004 0.55727545385952004 4.9285714285714297 20.500000000000004 44.690476190476197 17.500000000000004 12.500000000000002 1.0000000180025095e-35 1.8660714285714288 1.5000000000000002 1.0714285714285716
decision_type=2 2 2 2 2 2 2 2 10 2 2 10 2 2 8 2 2 2 2 2 2 2 10 2 2 10 2 2 10 2
left_child=27 16 5 10 13 8 12 -8 14 -10 15 -12 -7 -5 -3 -4 19 18 -18 24 -21 -22 -20 -19 -2 -26 -6 28 -1 -30
right_child=1 2 3 4 26 6 7 -9 9 -11 11 -13 -14 -15 -16 -17 17 23 22 20 21 -23 -24 -25 25 -27 -28 -29 29 -31
leaf_value=-0.0024783535679414343 0.0010456923037248079 0.003398362376181692 -0.0094129529492182982 -0.20915698303857397 -0.032012013014819887 0.46325275812830241 0.020532586377670001 0.28258155817831204 -0.82850060562292738 0.15150646722835046 0.0037178868783141828 -0.16336710617730493 0.12754230617799542 -0.060431067858423504 -0.00048610941288903332 0.0017641878166673394 -0.026592010427195806 -0.0010572964524882928 -0.16458816954067776 0.0059712206859043561 -0.073079995363950739 0.27833946096061757 -0.4299351225296657 0.16807318851351738 0.019005574492398203 -0.0019677555954329216 0.19214991352387839 -0.00047768656782640347 0.0037054455771970926 -0.02231389140788376
leaf_weight=48910 6160 42589 10930 114 18 13.999999999999998 784 28 11.999999999999998 23 101202 38 22 42 499676 7022 66 570 21 76 9.9999999999999982 66 24 15.999999999999998 4254 1849 13.999999999999998 193229 868 2777
leaf_count=48910 6160 42589 10930 114 18 14 784 28 12 23 101202 38 22 42 499676 7022 66 570 21 76 10 66 24 16 4254 1849 14 193229 868 2777
internal_value=1.05717e-12 0.000402979 0.000277672 0.00213843 -0.129086 -0.000131309 0.0392704 0.0295688 -0.000192922 -0.184496 0.00234541 0.00365517 0.258096 -0.169115 -0.000181027 -0.00504097 0.00673451 -0.0192875 -0.139909 0.00819543 0.119036 0.2321 -0.306107 0.0035606 0.00682156 0.0126514 0.0660588 -0.00110776 -0.00342433 -0.0161178
internal_weight=921424 675640 662528 119380 188 543148 848 812 542300 35 119192 101240 36 156 542265 17952 13112 697 111 12415 152 76 45 586 12263 6103 32 245784 52555 3645
internal_count=921424 675640 662528 119380 188 543148 848 812 542300 35 119192 101240 36 156 542265 17952 13112 697 111 12415 152 76 45 586 12263 6103 32 245784 52555 3645
is_linear=0
shrinkage=0.05


Tree=145
num_leaves=31
num_cat=0
split_feature=8 6 6 8 7 8 2 3 9 0 1 1 10 0 0 7 1 7 9 2 6 5 4 0 10 5 6 8 8 0
split_gain=163.861 1621.13 737.935 409.22 399.142 827.656 556.326 560.591 490.388 828.164 644.931 372.043 758.135 633.015 360.491 343.713 780.277 591.556 576.095 323.536 356.534 299.051 290.792 274.654 328.16 264.243 251.035 891.787 390.463 247.441
threshold=15.690476190476192 15.500000000000002 15.500000000000002 15.071428571428573 16.500000000000004 16.690476190476193 -0.93186591997002521 1.0000000180025095e-35 0.39481647128968428 27.500000000000004 -0.79334578813923284 -0.80757702341180682 29.000000000000004 44.000000000000007 23.500000000000004 15.500000000000002 -0.90538146624550875 22.500000000000004 0.39688767247340251 -0.88599923532063174 19.500000000000004 23.500000000000004 1.0000000180025095e-35 40.500000000000007 24.950000000000003 16.500000000000004 17.500000000000004 17.690476190476193 17.535714285714288 39.500000000000007
decision_type=2 10 8 2 10 2 2 2 2 2 2 2 2 2 2 10 2 8 2 2 10 10 2 2 2 10 10 2 2 2
left_child=1 3 -2 15 8 6 7 -6 9 -4 -11 13 19 29 22 -1 17 -17 -18 20 -13 -10 -14 -5 -25 -8 28 -28 -7 -3
right_child=2 11 4 23 5 26 25 -9 21 10 -12 12 14 -15 -16 16 18 -19 -20 -21 -22 -23 -24 24 -26 -27 27 -29 -30 -31
leaf_value=-2.3942884721340597e-05 0.035620545254144084 -0.0043764775515028071 0.017832605692594716 0.017169096626253679 -0.026486304447436604 0.0052460426655693585 -0.0067961915691574339 -0.13133413425148946 0.006799597611784617 -0.029387141013545778 0.14559508506019367 -0.065383236329178904 -0.037564539294434734 0.50843553245067596 -0.17774560435056008 0.034342037419574124 -0.057620116815642511 0.53342215021451311 -0.011444150563333859 -0.02209732199229833 0.23531858026981356 -0.056162255432718668 -0.19992557542727274 0.074256495647132381 0.47202497380120417 -0.04650070419204845 -0.035751626966642344 0.0012167140563714165 0.040058040769550142 -0.28367313593626026
leaf_weight=847020 1634 908 1344 2895 283 5894 1760 232 10635 67 246 692 146 5.9999999999999991 129 569 907 5.9999999999999991 2646 2192 9.9999999999999982 192 34 20.000000000000004 6.9999999999999991 550 1705 37754 933 7.9999999999999991
leaf_count=847020 1634 908 1344 2895 283 5894 1760 232 10635 67 246 692 146 6 129 569 907 6 2646 2192 10 192 34 20 7 550 1705 37754 933 8
internal_value=5.85743e-14 -0.000180985 0.00245648 -2.99598e-05 0.0015767 -0.000452611 -0.0267263 -0.0737187 0.00955984 0.0348911 0.108139 -0.0314504 -0.0395068 -0.0034627 -0.113952 -9.40866e-05 -0.0144868 0.0395498 -0.0232318 -0.0315582 -0.0610997 0.00568307 -0.0682327 0.0186495 0.177382 -0.0162496 0.00115097 -0.000380666 0.0100036 -0.00681575
internal_weight=921424 858195 63229 854070 61595 49111 2825 515 12484 1657 313 4125 3203 922 309 851148 4128 575 3553 2894 702 10827 180 2922 27 2310 46286 39459 6827 916
internal_count=921424 858195 63229 854070 61595 49111 2825 515 12484 1657 313 4125 3203 922 309 851148 4128 575 3553 2894 702 10827 180 2922 27 2310 46286 39459 6827 916
is_linear=0
shrinkage=0.05


Tree=146
num_leaves=31
num_cat=0
split_feature=8 6 7 7 2 3 2 1 8 6 7 7 8 4 10 0 0 2 4 5 1 1 0 9 3 1 7 8 1 0
split_gain=159.934 1454.76 541.654 450.479 710.453 805.17 429.848 378.638 347.672 524.117 394.06 362.333 346.353 344.865 339.097 303.387 297.164 1243.37 290.831 263.418 242.017 207.056 213.116 2071.56 1057.31 1757.16 202.281 173.09 151.718 129.836
threshold=0.46428571428571436 1.0000000180025095e-35 34.500000000000007 1.0000000180025095e-35 -0.9914354235332985 1.0000000180025095e-35 -0.96591663137137795 -0.0065449223915601653 1.7738095238095239 1.5000000000000002 3.5000000000000004 1.5000000000000002 1.0714285714285716 -0.56174490092936669 17.300000000000001 22.500000000000004 39.500000000000007 -0.76744313759621874 1.0000000180025095e-35 30.500000000000004 -0.3193112587538004 0.13052494970477632 34.000000000000007 0.42838858635411614 0.87837969732492682 -0.3007057995042734 1.0000000180025095e-35 0.73214285714285732 -0.089328680705530128 30.000000000000004
decision_type=2 8 10 8 2 2 2 2 2 8 8 10 2 2 2 2 2 2 2 10 2 2 2 2 2 2 10 2 2 2
left_child=21 2 6 4 5 28 13 -7 11 10 -10 27 -13 15 -6 -2 18 -18 -8 -16 -11 22 29 24 -24 -26 -15 -5 -3 -1
right_child=1 3 -4 8 14 7 16 -9 9 20 -12 12 -14 26 19 -17 17 -19 -20 -21 -22 -23 23 -25 25 -27 -28 -29 -30 -31
leaf_value=0.00048349140319033394 0.068500192153631997 0.21428601741790773 0.54242181777954102 -0.015505404381881308 0.096735621333398206 0.016001198813319208 0.0098798266368704535 0.18610076839639178 0.031006213047603755 -0.0010490456880842471 -0.01221470650975124 0.0040453076499546861 -0.015560455635074784 0.064300404634036704 0.0072282517097490388 0.19674050739373675 0.80924263000488283 0.056985471079555844 0.031100059590813231 0.25207117660479111 0.00080763600230454753 -0.0049948309272540847 -0.031352401926309212 1.0514300155639649 0.40380512958481196 -0.065445148395864586 -0.028030204914672219 -0.00132214053324665 -0.045387636749073867 -0.024299217145577826
leaf_weight=33357 115 5.9999999999999991 4.9999999999999991 2226 108 42 4358 148 2303 277994 684 2930 9744 167 8188 77 5.9999999999999991 65 2565 10.999999999999998 476109 35270 220 4.9999999999999991 42 38 92 63922 90 537
leaf_count=33357 115 6 5 2226 108 42 4358 148 2303 277994 684 2930 9744 167 8188 77 6 65 2565 11 476109 35270 220 5 42 38 92 63922 90 537
internal_value=-4.34215e-13 0.000188104 0.022186 -5.95552e-06 0.0113838 0.0888664 0.0218366 0.1485 -0.00012304 0.000205982 0.021109 -0.00328331 -0.011028 0.0691484 0.00871616 0.11993 0.0187857 0.120556 0.017742 0.00755674 0.000123185 -0.00230687 0.000465267 0.0420738 0.0252512 0.180911 0.0315034 -0.00179943 -0.029158 9.08463e-05
internal_weight=921424 851955 7450 844505 8593 286 7445 190 835912 757090 2987 78822 12674 451 8307 192 6994 71 6923 8199 754103 69469 34199 305 300 80 259 66148 96 33894
internal_count=921424 851955 7450 844505 8593 286 7445 190 835912 757090 2987 78822 12674 451 8307 192 6994 71 6923 8199 754103 69469 34199 305 300 80 259 66148 96 33894
is_linear=0
shrinkage=0.05


Tree=147
num_leaves=31
num_cat=0
split_feature=8 6 6 8 7 3 2 2 10 7 0 3 0 7 10 0 7 5 3 0 0 7 5 8 7 5 2 7 8 5
split_gain=155.224 1626.48 992.746 332.354 368.384 767.903 465.977 322.111 412.188 305.298 299.775 262.843 511.722 283.366 234.76 250.198 233.781 228.459 459.058 226.649 332.001 226.397 220.908 216.745 214.953 223.265 213.5 206.865 666.713 439.998
threshold=12.535714285714286 12.500000000000002 12.500000000000002 12.071428571428573 12.500000000000002 1.0000000180025095e-35 -0.96591663137137795 -0.96591663137137795 29.350000000000005 18.500000000000004 23.500000000000004 1.0000000180025095e-35 39.500000000000007 5.5000000000000009 32.550000000000004 51.500000000000007 12.500000000000002 12.500000000000002 -1.0000000180025095e-35 18.500000000000004 23.500000000000004 13.500000000000002 10.500000000000002 11.062500000000002 6.5000000000000009 12.500000000000002 -0.60875563403867161 13.500000000000002 13.928571428571431 13.500000000000002
decision_type=2 10 8 2 10 2 2 2 2 10 2 2 2 8 2 2 10 10 2 2 2 10 8 2 8 10 2 10 2 10
left_child=1 3 10 4 17 9 -7 19 24 -6 16 12 13 -12 27 -16 -2 23 -19 -3 -21 -22 -5 -1 -9 -26 -13 -4 29 -29
right_child=2 7 14 22 5 6 -8 8 -10 -11 11 26 -14 -15 15 -17 -18 18 -20 20 21 -23 -24 -25 25 -27 -28 28 -30 -31
leaf_value=-0.00018812253719640342 0.032700642088121679 -0.009892931046689717 0.0048101219655969363 0.11591881490670718 0.0052838694189237586 -0.076584915984431498 -0.022612513672870191 0.037476638768601987 -0.061906994597899535 -0.096033291881413851 -0.23435711156990796 0.13251522015780212 -0.15033962038707815 0.048426500897178738 -0.03284226957403949 0.29159769391020141 0.0014576604940376367 -0.045287849821341548 0.0060721445115490486 -0.11257651105943996 0.075116801002751227 -0.08646562941281534 0.012261968676766238 0.0044443628503806785 -0.013074369008164711 -0.040450676837405969 0.05250955048414601 -0.0062434306634705774 0.0010640581516738351 -0.032937700046771365
leaf_weight=740022 1366 130 28336 52 3431 489 2195 165 633 76 8.9999999999999982 148 36 565 618 5.9999999999999991 1066 823 923 286 46 41 4447 26142 2617 1041 191 4802 98447 2275
leaf_count=740022 1366 130 28336 52 3431 489 2195 165 633 76 9 148 36 565 618 6 1066 823 923 286 46 41 4447 26142 2617 1041 191 4802 98447 2275
internal_value=-4.79824e-12 -0.000272214 0.00154714 -9.04122e-05 -0.000169166 -0.0123169 -0.0324458 -0.0288165 -0.0245351 0.00308823 0.0283064 0.0521403 0.0325238 0.0439926 0.000874392 -0.0297227 0.0190061 -7.12292e-05 -0.0181371 -0.0667449 -0.0865592 -0.00103124 0.01346 -3.00592e-05 -0.0183471 -0.0208652 0.0874383 0.00101702 -1.52467e-06 -0.0148247
internal_weight=921424 783559 137865 778600 774101 6191 2684 4959 4456 3507 3381 949 610 574 134484 624 2432 767910 1746 503 373 87 4499 766164 3823 3658 339 133860 105524 7077
internal_count=921424 783559 137865 778600 774101 6191 2684 4959 4456 3507 3381 949 610 574 134484 624 2432 767910 1746 503 373 87 4499 766164 3823 3658 339 133860 105524 7077
is_linear=0
shrinkage=0.05


Tree=148
num_leaves=31
num_cat=0
split_feature=9 0 7 2 2 1 7 8 7 5 7 0 2 7 7 8 6 2 7 1 7 5 9 7 8 8 6 0 7 5
split_gain=152.084 208.404 278.045 900.671 400.533 361.109 398.461 314.528 542.687 179.359 171.46 154.83 142.247 162.367 140.084 137.328 1526.75 548.761 403.843 271.056 293.715 135.058 127.421 104.703 85.5772 93.7466 66.8093 54.9408 53.2585 47.415
threshold=0.38850994985953369 17.500000000000004 12.500000000000002 0.67719547657430124 0.65918890865109991 -0.58943521219697059 22.500000000000004 3.535714285714286 3.5000000000000004 19.500000000000004 2.5000000000000004 9.5000000000000018 -0.95990363414299973 3.5000000000000004 52.500000000000007 0.69047619047619058 1.0000000180025095e-35 -0.96591663137137795 1.0000000180025095e-35 -0.62750244486049411 1.0000000180025095e-35 44.500000000000007 0.41652205830590799 1.5000000000000002 14.585714285714287 15.071428571428573 11.500000000000002 7.5000000000000009 10.500000000000002 4.5000000000000009
decision_type=2 2 10 2 2 2 10 2 10 10 10 2 2 10 10 2 8 2 8 2 10 10 2 10 2 2 10 2 10 8
left_child=1 -1 4 21 24 6 -5 10 -9 -7 -6 12 13 -2 15 19 17 -17 -18 23 -21 26 27 -13 28 -26 -4 -15 -3 -14
right_child=11 2 3 5 7 9 -8 8 -10 -11 -12 14 29 22 -16 16 18 -19 -20 20 -22 -23 -24 -25 25 -27 -28 -29 -30 -31
leaf_value=0.00027887672455131359 -0.010084020303002574 0.00036239964209927773 0.12226727118249983 -0.034833602507607891 0.021696410069336289 -0.0072635603243751184 -0.11916491253976967 0.11067160451500357 0.032314508224601184 0.10148335314140872 -0.029257706320304583 0.0022161107810677208 -0.0022847551965188054 0.043744463390774202 0.092412562777356405 0.1019859955713153 0.011874369894517029 0.025616995019312312 -8.8493280667291621e-05 -0.0026484899238821942 -0.014537668301796494 0.16238136922611912 -0.01822463101812042 0.020474209497970883 -0.29619540929794319 -0.012727232277393339 0.01954195336166473 -0.08277748425025494 0.027496622569988766 -0.010410177521534024
leaf_weight=11025 1015 1803 15.999999999999998 608 539 140 182 262 1411 52 238 18016 11123 8.9999999999999982 41 250 7117 3981 806713 46002 5856 17 178 821 4.9999999999999982 7 1471 184 201 2141
leaf_count=11025 1015 1803 16 608 539 140 182 262 1411 52 238 18016 11123 9 41 250 7117 3981 806713 46002 5856 17 178 821 5 7 1471 184 201 2141
internal_value=-6.70945e-13 0.00455381 0.0113333 -0.00206904 0.0187938 -0.0393143 -0.0542618 0.0323766 0.0445856 0.0221887 0.00608884 -9.06128e-05 -0.00518895 -0.0204305 -6.57716e-06 -1.08406e-05 0.000171869 0.0301295 1.61228e-05 -0.0021251 -0.00399106 0.0222493 -0.0487368 0.00301188 0.00228679 -0.130839 0.0206473 -0.0768775 0.00308395 -0.00359631
internal_weight=921424 17977 6952 2486 4466 982 790 2450 1673 192 777 903447 14650 1386 888797 888756 818061 4231 813830 70695 51858 1504 371 18837 2016 12 1487 193 2004 13264
internal_count=921424 17977 6952 2486 4466 982 790 2450 1673 192 777 903447 14650 1386 888797 888756 818061 4231 813830 70695 51858 1504 371 18837 2016 12 1487 193 2004 13264
is_linear=0
shrinkage=0.05


Tree=149
num_leaves=31
num_cat=0
split_feature=8 6 6 8 7 7 10 5 5 1 7 7 7 9 0 4 8 7 5 8 8 6 6 7 2 3 6 3 0 10
split_gain=149.969 1793.16 757.488 895.575 670.428 642.183 705.947 678.338 491.423 584.448 476.043 501.628 395.317 689.029 496.094 344.749 577.703 337.546 297.207 289.821 287.019 738.77 632.551 275.65 266.99 315.195 271.308 259.129 231.201 225.397
threshold=20.309523809523814 20.500000000000004 21.500000000000004 21.071428571428573 22.500000000000004 23.500000000000004 19.950000000000003 20.500000000000004 20.500000000000004 -0.79334578813923284 34.500000000000007 25.500000000000004 19.500000000000004 0.39619152946770875 28.500000000000004 0.81174490092936691 38.773809523809533 17.500000000000004 14.500000000000002 21.535714285714288 19.071428571428573 19.500000000000004 19.500000000000004 25.500000000000004 -0.99390493862718821 -0.60785761079279388 23.500000000000004 0.87837969732492682 27.500000000000004 28.700000000000003
decision_type=2 10 10 2 8 10 2 10 10 2 10 10 10 2 2 2 2 10 10 2 2 10 8 10 2 2 10 2 2 2
left_child=1 10 12 5 17 6 -4 27 9 -6 11 20 13 14 -2 18 -17 -3 -5 28 21 -1 -22 -20 25 -19 -26 -7 -14 -13
right_child=2 4 3 15 8 7 -8 -9 -10 -11 -12 29 19 -15 -16 16 -18 24 23 -21 22 -23 -24 -25 26 -27 -28 -29 -30 -31
leaf_value=-3.4692254354575744e-05 0.070573977255065687 0.007383675557837888 -0.44508521353656594 0.38392876625061034 0.052696392150261465 -0.038885991676495618 -0.038123152310525744 -0.48817899558279249 -0.39309334953626002 -0.1647221646396656 0.44534630775451661 -0.064415029828485695 0.017631290925858422 0.026075418320255353 0.22329937821363705 0.021464677125777862 -0.51662885665893554 -0.050989481548850336 0.0049380024320675817 0.047614120615260873 0.039043822224761243 -0.057739643710623456 -0.0017497368877356018 -0.008601734274856318 -0.052761902013143493 -0.40634868641694388 -0.42236504554748538 -0.43192657470703133 -0.013328213350592253 -0.23765054643154146
leaf_weight=893520 142 239 10.999999999999998 4.9999999999999991 39 26.000000000000004 341 18 18 149 5.9999999999999991 57 2164 626 85 2084 4.9999999999999991 13.000000000000002 7753 580 1500 555 2593 7297 712 11.999999999999998 4.9999999999999991 4.9999999999999991 836 28
leaf_count=893520 142 239 11 5 39 26 341 18 18 149 6 57 2164 626 85 2084 5 13 7753 580 1500 555 2593 7297 712 12 5 5 836 28
internal_value=-3.63981e-12 -9.97121e-05 0.0040807 -0.000585207 -0.0615137 -0.0744484 -0.0508407 -0.244039 -0.143515 -0.119619 -1.85568e-05 -2.15317e-05 0.0225475 0.0531362 0.127762 0.00114246 0.0201768 -0.0442942 -0.0014987 0.0152592 -1.00372e-05 -7.05128e-05 0.0132003 -0.00162675 -0.0609398 -0.221562 -0.0553393 -0.10228 0.00900391 -0.121481
internal_weight=921424 899446 21978 17545 1187 401 352 49 206 188 898259 898253 4433 853 227 17144 2089 981 15055 3580 898168 894075 4093 15050 742 25 717 31 3000 85
internal_count=921424 899446 21978 17545 1187 401 352 49 206 188 898259 898253 4433 853 227 17144 2089 981 15055 3580 898168 894075 4093 15050 742 25 717 31 3000 85
is_linear=0
shrinkage=0.05


Tree=150
num_leaves=31
num_cat=0
split_feature=8 7 1 9 9 0 2 5 2 3 2 0 6 6 1 1 8 3 5 0 9 7 7 8 0 9 8 6 0 6
split_gain=149.937 1050.85 879.717 361.906 323.79 311.697 501.598 540.264 469.737 760.667 430.358 628.357 288.728 350.46 275.81 285.994 261.339 253.577 443.81 3371.51 378.799 227.173 217.525 1678.52 1239.67 886.304 691.649 904.715 701.554 631.68
threshold=34.071428571428577 35.500000000000007 -0.84455963375842924 0.39143977607824393 0.39019162959296555 39.500000000000007 0.64111330583356219 49.500000000000007 0.49999524036036719 -0.60785761079279388 0.89573298931629497 44.000000000000007 31.500000000000004 33.500000000000007 0.13052494970477632 0.29862368723992211 33.071428571428577 -0.60785761079279388 46.500000000000007 47.500000000000007 0.3993222763772169 26.500000000000004 24.500000000000004 24.071428571428573 31.500000000000004 0.39791423617225324 23.380952380952383 23.500000000000004 31.500000000000004 24.500000000000004
decision_type=2 10 2 2 2 2 2 8 2 2 2 2 10 10 2 2 2 2 10 2 2 10 10 2 2 2 2 10 2 10
left_child=1 22 4 -4 16 8 17 10 21 14 11 -8 -5 -14 -10 -16 -3 -7 20 -20 -19 -2 26 24 29 -26 27 -1 -28 -24
right_child=5 2 3 12 -6 6 7 -9 9 -11 -12 -13 13 -15 15 -17 -18 18 19 -21 -22 -23 23 -25 25 -27 28 -29 -30 -31
leaf_value=3.1256659096509561e-05 -0.3159206718206406 0.5800510430336 -0.076283113047098505 -0.42675261676311493 -0.016744186696798904 0.054300794675518044 0.030401113541352803 0.19224273474777448 0.1044855708877245 0.16328239480242515 0.11496673204004765 -0.1950167414308949 -0.0763779295263467 -0.32884788380137514 -0.49074802100658427 -0.0086997997760772695 0.090601789951324452 0.023406130960282035 -0.96715585708618157 0.061921511361232175 -0.063718638546135908 0.022423175784984026 0.012631084661108334 0.00020786172878423291 -0.19761031836989509 -0.057944857623411096 0.0065719403270577126 -0.069283851193196896 0.066087818726701483 -0.13796983606209645
leaf_weight=908816 4.9999999999999991 4.9999999999999982 39 20 23 261 43 17 6.0000000000000027 127 20 110 27 28 7.9999999999999982 5 6 657 9.9999999999999982 39 154 638 385 6838 236 219 1341 471 785 85
leaf_count=908816 5 5 39 20 23 261 43 17 6 127 20 110 27 28 8 5 6 657 10 39 154 638 385 6838 236 219 1341 471 785 85
internal_value=-6.16397e-14 -3.04839e-05 -0.133252 -0.199825 0.0899632 0.013345 -0.00159885 -0.0767218 0.0381758 0.119139 -0.103152 -0.131664 -0.264067 -0.204908 -0.175925 -0.305345 0.313079 0.0111338 -0.00196682 -0.148094 0.00686209 0.0197922 -9.03342e-06 -0.0083433 -0.0715572 -0.130387 6.19541e-05 -4.64775e-06 0.0285475 -0.0146053
internal_weight=921424 919324 148 114 34 2100 1311 190 789 146 173 153 75 55 19 13 11 1121 860 49 811 643 919176 7763 925 455 911413 909287 2126 470
internal_count=921424 919324 148 114 34 2100 1311 190 789 146 173 153 75 55 19 13 11 1121 860 49 811 643 919176 7763 925 455 911413 909287 2126 470
is_linear=0
shrinkage=0.05


Tree=151
num_leaves=31
num_cat=0
split_feature=8 6 6 8 0 9 1 5 1 7 7 5 5 7 8 2 3 2 2 0 10 7 2 9 4 7 10 0 2 2
split_gain=146.729 1302.68 1199.1 610.462 398.633 422.301 356.046 342.335 354.989 347.078 321.925 302.385 259.006 245.94 743.722 490.627 494.563 385.143 241.859 267.618 239.631 231.917 417.22 461.452 228.045 220.458 216.354 206.832 914.849 206.386
threshold=13.071428571428573 13.500000000000002 13.500000000000002 13.732142857142859 21.500000000000004 0.4169310567874141 -0.79334578813923284 13.500000000000002 -0.58943521219697059 11.500000000000002 4.5000000000000009 17.500000000000004 18.500000000000004 14.500000000000002 14.866071428571431 -0.93186591997002521 1.0000000180025095e-35 -0.83251919187752454 -0.99913862891129024 22.500000000000004 17.300000000000001 13.500000000000002 -0.88801398733197889 0.39644167239285111 0.81174490092936691 9.5000000000000018 29.550000000000001 34.000000000000007 -0.30278504926614219 0.46368156678007261
decision_type=2 10 8 2 2 2 2 10 2 8 10 10 8 10 2 2 2 2 2 2 2 10 2 2 2 10 2 2 2 2
left_child=1 7 4 -4 -2 11 27 21 12 -10 -8 25 -9 15 17 16 -5 -15 19 -12 -16 29 24 -24 -23 -6 -20 -3 -29 -1
right_child=2 6 3 13 5 -7 10 8 9 -11 18 -13 -14 14 20 -17 -18 -19 26 -21 -22 22 23 -25 -26 -27 -28 28 -30 -31
leaf_value=-0.00058331117734696555 0.013746344032424297 -0.0086490545909089101 -0.018001128044086798 0.0071998711209138259 0.11628088220324997 0.0027047605861929263 0.059842119399291377 -0.048973920403769466 0.012587196571384646 -0.049897707332105884 -0.23483724493172861 -0.016005970829905108 -0.37904747327168786 -0.04058297745558187 -0.013589641984210338 0.0029674672537906427 0.049519175904996486 -0.010289999279374339 -0.043410658002564162 0.15935959517955781 0.0016905746410816721 -0.045050922603734701 -0.032255747703941358 0.0054014602790189306 0.051003238057830573 0.052992267731858105 -0.10360600470819258 0.74380265235900878 0.011483714087256069 0.0011261319664486211
leaf_weight=529933 4814 457 4339 1633 154 571 67 629 785 310 31 145 5.9999999999999991 1360 2660 21950 1196 4592 1566 4.9999999999999991 72456 969 1072 3374 66 1292 165 4.9999999999999991 29 264793
leaf_count=529933 4814 457 4339 1633 154 571 67 629 785 310 31 145 6 1360 2660 21950 1196 4592 1566 5 72456 969 1072 3374 66 1292 165 5 29 264793
internal_value=-2.42248e-12 -0.00024082 0.00165312 0.000380363 0.0217563 0.0395915 -0.0376131 -0.000132469 -0.0223504 -0.00510259 -0.0477371 0.0528299 -0.0520927 0.00113388 -0.000198607 0.00549329 0.025091 -0.0172118 -0.0518162 -0.180088 0.00114947 -8.44353e-05 -0.0103342 -0.00367828 -0.0389257 0.0597325 -0.0491485 0.000202491 0.119178 -1.37456e-05
internal_weight=921424 804262 117162 110186 6976 2162 2325 801937 1730 1095 1834 1591 635 105847 81068 24779 2829 5952 1767 36 75116 800207 5481 4446 1035 1446 1731 491 34 794726
internal_count=921424 804262 117162 110186 6976 2162 2325 801937 1730 1095 1834 1591 635 105847 81068 24779 2829 5952 1767 36 75116 800207 5481 4446 1035 1446 1731 491 34 794726
is_linear=0
shrinkage=0.05


Tree=152
num_leaves=31
num_cat=0
split_feature=9 0 0 0 2 0 2 8 6 7 1 2 0 8 0 2 7 8 0 6 8 3 8 6 1 6 8 9 0 2
split_gain=140.383 192.576 243.332 675.277 707.056 601.362 698.554 384.315 280.868 180.734 309.998 305.743 139.608 139.125 131.096 524.807 720.236 1157.68 838.624 378.209 1254.12 479.371 403.256 534.388 353.549 463.724 397.66 342.031 182.846 129.108
threshold=0.38850994985953369 17.500000000000004 31.500000000000004 32.500000000000007 0.67719547657430124 30.000000000000004 0.55727545385952004 4.9285714285714297 20.500000000000004 7.5000000000000009 -0.738747732148478 0.67719547657430124 9.5000000000000018 44.690476190476197 34.000000000000007 -0.9914354235332985 2.5000000000000004 2.1547619047619051 39.500000000000007 24.500000000000004 24.071428571428573 -1.0000000180025095e-35 23.380952380952383 23.500000000000004 -0.80757702341180682 46.500000000000007 26.071428571428573 0.42970183688623498 30.000000000000004 -0.93186591997002521
decision_type=2 2 2 2 2 2 2 2 10 10 2 2 2 2 2 2 10 2 2 10 2 2 2 10 2 10 2 2 2 2
left_child=1 -1 5 4 -4 9 -7 -8 -6 10 -3 -11 29 -5 19 16 17 -16 -18 22 27 -22 23 -14 25 -17 -26 -21 -24 -2
right_child=12 2 3 13 8 6 7 -9 -10 11 -12 -13 14 -15 15 24 18 -19 -20 20 21 -23 28 -25 26 -27 -28 -29 -30 -31
leaf_value=0.00026572806398269974 -0.017445822478558741 0.0021434890377460499 -0.026009280489277888 0.00020694485857363854 -0.14949724241381598 0.0050629905694605489 -0.069414394274353988 0.26320586552222575 -0.39988439685354632 0.016970707896013373 0.034351296437873068 -0.01483068856381816 -5.1897840016847512e-05 0.14970124326646328 0.057920426895855859 0.01672367103312682 -0.016822625746575299 0.35609006064315873 0.086792563189415139 -0.11579770425955455 -0.03381507766248304 0.004486894091384557 0.016183726602355137 -0.061152756934681154 -0.0047692487794028966 -0.14644448892636733 0.014081012985895433 -0.43013665013843116 0.058332748901512889 -0.0031682058358562617
leaf_weight=11025 1806 1331 66 570 21 76 9.9999999999999982 66 24 1722 1703 1347 860388 15.999999999999998 134 4202 556 43 301 225 1235 2413 902 358 14139 44 3488 8.9999999999999982 360 12844
leaf_count=11025 1806 1331 66 570 21 76 10 66 24 1722 1703 1347 860388 16 134 4202 556 43 301 225 1235 2413 902 358 14139 44 3488 9 360 12844
internal_value=3.95628e-12 0.00437513 0.0108921 -0.0171307 -0.13021 0.0140147 0.112252 0.21944 -0.283037 0.0115681 0.0202219 0.00301291 -8.70573e-05 0.0042887 -7.25931e-06 0.00372619 0.0385342 0.130357 0.0195696 -0.000106027 -0.0156776 -0.00847992 -3.59016e-05 -7.73108e-05 0.00208071 0.0150328 -0.00103919 -0.127888 0.0282072 -0.0049283
internal_weight=921424 17977 6952 697 111 6255 152 76 45 6103 3034 3069 903447 586 888797 22907 1034 177 857 865890 3882 3648 862008 860746 21873 4246 17627 234 1262 14650
internal_count=921424 17977 6952 697 111 6255 152 76 45 6103 3034 3069 903447 586 888797 22907 1034 177 857 865890 3882 3648 862008 860746 21873 4246 17627 234 1262 14650
is_linear=0
shrinkage=0.05


Tree=153
num_leaves=31
num_cat=0
split_feature=8 6 8 6 2 9 0 7 5 7 8 9 7 5 7 5 2 10 7 3 2 1 2 0 0 2 7 0 7 8
split_gain=138.363 1203.92 620.94 515.064 378.052 541.218 418.485 364.533 345.898 930.76 365.493 305.239 293.749 439.202 281.358 267.929 243.964 310.613 236.671 509.905 474.293 289.558 267.481 735.21 267.068 229.53 224.516 218.317 198.595 985.124
threshold=3.9285714285714293 3.5000000000000004 3.3541666666666674 3.5000000000000004 -0.9404343180211393 0.40744372661811962 16.500000000000004 3.5000000000000004 4.5000000000000009 3.5000000000000004 7.366666666666668 0.40368122004269991 4.5000000000000009 3.5000000000000004 3.5000000000000004 6.5000000000000009 0.46368156678007261 28.450000000000003 3.5000000000000004 1.0000000180025095e-35 -0.55543802234893469 0.15210021706137414 -0.96591663137137795 31.500000000000004 39.500000000000007 -0.91517207274776624 6.5000000000000009 39.500000000000007 5.5000000000000009 5.8660714285714297
decision_type=2 10 2 8 2 2 2 10 10 10 2 2 10 8 10 10 2 2 10 2 2 2 2 2 2 2 10 2 8 2
left_child=1 2 18 4 5 6 15 -3 9 10 -6 -8 13 14 -4 -2 -10 -18 22 21 -21 -20 23 -1 -24 -9 -11 -15 -5 -30
right_child=3 7 12 28 8 -7 11 25 16 26 -12 -13 -14 27 -16 -17 17 -19 19 20 -22 -23 24 -25 -26 -27 -28 -29 29 -31
leaf_value=0.0036100652690165508 0.064858836308121684 -0.0054127260961884509 0.069029144545900978 0.0021059367432928245 0.094135533842914038 -0.030642412674002431 0.12019262454387816 -0.041342804861275832 -0.022446693085621996 0.025058210824763307 0.52444975376129155 0.28819590736837947 -0.0072321129625340687 0.011519673418472936 0.021277675290724475 -0.16491871261421373 -7.8652494666775469e-05 0.060537981037968695 0.0082398127231498707 -0.042316890321168921 -0.0084894094222214573 -0.01637297720623895 -0.00077753837842965343 0.065210277689714921 0.027262221996430875 -0.018407813903443496 -0.031200338884128438 0.23465397412126718 -0.011809542744061041 0.00030917518532605568
leaf_weight=22579 50 5520 678 125204 377 93 132 1296 689 475 4.9999999999999991 34 1057 3186 566 17 826 284 4440 1612 2901 1635 259120 495 852 6893 283 10.999999999999998 17400 462714
leaf_count=22579 50 5520 678 125204 377 93 132 1296 689 475 5 34 1057 3186 566 17 826 284 4440 1612 2901 1635 259120 495 852 6893 283 11 17400 462714
internal_value=-3.11636e-12 -0.000854573 -0.000190557 0.000439292 0.020245 0.0713303 0.112032 -0.0153435 0.0145785 0.0361266 0.0997679 0.154603 0.0164575 0.0220959 0.047303 0.00655707 0.000923873 0.0154305 -0.000502276 -0.00784167 -0.0205723 0.00161563 -0.000227728 0.00493156 -0.000685644 -0.0220375 0.00405403 0.0122874 0.000332462 -0.000130024
internal_weight=921424 312841 299132 608583 3265 326 233 13709 2939 1140 382 166 5498 4441 1244 67 1799 1110 293634 10588 4513 6075 283046 23074 259972 8189 758 3197 605318 480114
internal_count=921424 312841 299132 608583 3265 326 233 13709 2939 1140 382 166 5498 4441 1244 67 1799 1110 293634 10588 4513 6075 283046 23074 259972 8189 758 3197 605318 480114
is_linear=0
shrinkage=0.05


Tree=154
num_leaves=31
num_cat=0
split_feature=0 2 0 7 10 0 10 10 9 8 8 0 6 9 10 6 10 10 1 9 7 8 1 8 0 5 6 8 8 7
split_gain=133.288 183.486 1346.72 931.446 556.899 541.184 620.075 656.124 570.495 540.757 426.097 1056.79 996.972 345.139 342.339 319.871 239.349 258.667 237.248 198.288 192.372 932.812 945.163 552.69 708.969 434.569 206.156 139.674 115.596 217.317
threshold=12.500000000000002 0.73727733681012431 51.500000000000007 39.500000000000007 32.350000000000009 51.500000000000007 17.300000000000001 31.600000000000005 0.39507225004483176 37.535714285714292 26.071428571428573 44.000000000000007 26.500000000000004 0.43095328033437574 27.750000000000004 38.500000000000007 29.000000000000004 23.650000000000002 -0.96591663137137795 0.43496571750586377 24.500000000000004 24.535714285714288 -0.88599923532063174 23.071428571428573 44.000000000000007 20.500000000000004 23.500000000000004 11.598214285714286 1.8660714285714288 1.5000000000000002
decision_type=2 2 2 10 2 2 2 2 2 2 2 2 10 2 2 8 2 2 2 2 10 2 2 2 2 10 10 2 2 10
left_child=28 5 3 10 15 20 13 8 -8 16 12 -12 -3 27 -11 -5 17 -4 -9 -15 23 22 -22 26 -25 -23 -2 -7 29 -1
right_child=1 2 9 4 -6 6 7 18 -10 14 11 -13 -14 19 -16 -17 -18 -19 -20 -21 21 25 -24 24 -26 -27 -28 -29 -30 -31
leaf_value=-0.0021985108185309968 -0.00010709066661318854 0.0020040919083150061 -0.21196008066044136 -0.26957731405893948 0.18476067543029787 0.55508451726701524 -0.10618227951419659 -0.025765085841218616 0.036574196685143175 0.10396469404038632 0.040205062718919049 -0.19900398593163118 -0.14926721497242332 0.017254439807923818 -0.16597270982011278 -0.67890814329896665 -0.31708545003618516 -0.083939543834075023 0.32434636479616169 0.33953567232404436 0.013889860605976826 0.42300648838281635 -0.10471013466537159 0.01953071162598858 0.15438673091211438 -0.0027038557016385687 -0.050015101902150888 0.22548608362674713 -0.00043154751322489705 -0.014853919519158463
leaf_weight=48910 513994 149496 68 15.000000000000005 4.9999999999999991 8.9999999999999982 78 6.0000000000000027 681 38 1212 48 109 15.000000000000002 17 6.9999999999999991 21 94 25 6.9999999999999991 263 5.9999999999999991 465 1812 103 6834 207 4.9999999999999991 193229 3645
leaf_count=48910 513994 149496 68 15 5 9 78 6 681 38 1212 48 109 15 17 7 21 94 25 7 263 6 465 1812 103 6834 207 5 193229 3645
internal_value=1.46729e-12 0.000362707 0.00189773 0.00208518 -0.291563 -7.95891e-05 0.0403603 0.0311125 0.0219036 -0.116947 0.00213774 0.0310923 0.00189388 0.243299 0.0205295 -0.399819 -0.158264 -0.137677 0.256583 0.119798 -0.000143374 -0.00805725 -0.0618643 -2.73303e-05 0.0267841 -0.00233043 -0.000127182 0.437371 -0.000997051 -0.00307624
internal_weight=921424 675640 151130 150892 27 524510 826 790 759 238 150865 1260 149605 36 55 22 183 162 31 22 523684 7568 728 516116 1915 6840 514201 14 245784 52555
internal_count=921424 675640 151130 150892 27 524510 826 790 759 238 150865 1260 149605 36 55 22 183 162 31 22 523684 7568 728 516116 1915 6840 514201 14 245784 52555
is_linear=0
shrinkage=0.05


Tree=155
num_leaves=31
num_cat=0
split_feature=8 6 6 2 1 7 7 0 10 7 9 10 5 7 8 7 8 6 9 0 2 0 4 8 0 1 7 5 0 4
split_gain=130.188 1624.25 1012.44 557.586 464.011 483.331 427.909 399.489 378.995 356.464 397.249 283.249 246.695 246.338 226.515 213.336 671.678 960.022 631.633 725.729 421.986 369.982 358.604 524.004 354.018 300.91 287.886 282.28 205.597 198.861
threshold=18.366666666666671 18.500000000000004 18.500000000000004 0.96591663137137818 -0.90722548043086537 18.500000000000004 34.500000000000007 26.000000000000004 28.700000000000003 27.500000000000004 0.39764873941007001 26.600000000000005 25.500000000000004 25.500000000000004 18.071428571428573 19.500000000000004 19.928571428571434 20.500000000000004 0.39570858461769415 37.000000000000007 -0.70710005003962684 26.000000000000004 0.81174490092936691 38.773809523809533 39.500000000000007 -0.88599923532063174 26.500000000000004 25.500000000000004 40.500000000000007 0.81174490092936691
decision_type=2 10 8 2 2 10 10 2 2 10 2 2 10 10 2 10 2 10 2 2 2 2 2 2 2 2 10 10 2 2
left_child=1 6 7 4 -3 -6 12 -2 -7 10 -9 -11 13 14 -1 18 17 20 19 21 -17 -4 26 -24 -21 -19 -18 29 -29 -20
right_child=2 3 15 -5 5 8 -8 9 -10 11 -12 -13 -14 -15 -16 16 22 25 27 24 -22 -23 23 -25 -26 -27 -28 28 -30 -31
leaf_value=-4.1438213547552748e-05 0.022473438223905049 0.0016644210975372655 0.01359885784551481 0.017302767129025003 -0.041260478529193137 -0.083591772051607727 0.42223016520341239 0.13778617453014402 -0.18087269234303385 0.090700443983078027 0.050535812549732384 -0.40203129574656482 -0.2968457043170929 -0.11832285110246053 0.022641404938491417 -0.058232357321549355 0.0030205383147935546 -0.011255096664299837 0.0072197365317518336 0.32295568607973335 0.0036291104648689477 0.076923455194313123 0.019356082578227095 -0.49299010753631595 0.070574279781430965 -0.12375772487775374 -0.0099956567592149534 -0.094229998459016584 0.046442002599889586 -0.018975305493743391
leaf_weight=885074 1076 259 731 281 642 503 5.9999999999999991 192 125 4.9999999999999982 407 7 6.9999999999999991 44 1102 369 12937 74 5847 33 1090 337 2638 4.9999999999999991 24 302 6325 122 33 827
leaf_count=885074 1076 259 731 281 642 503 6 192 125 5 407 7 7 44 1102 369 12937 74 5847 33 1090 337 2638 5 24 302 6325 122 33 827
internal_value=-1.30026e-12 -0.000115228 0.00306544 -0.0474319 -0.0593289 -0.0717677 -1.85908e-05 0.0408084 -0.102955 0.0730971 0.0785025 -0.196726 -2.14496e-05 -1.9105e-05 -1.32311e-05 0.00105647 -0.00131799 -0.0303759 0.00814345 0.042858 -0.0120165 0.0335805 0.00111621 0.0183868 0.21669 -0.101616 -0.00125355 0.00242462 -0.0642805 0.00397381
internal_weight=921424 888043 33381 1810 1529 1270 886233 1687 628 611 599 12 886227 886220 886176 31694 23740 1835 7954 1125 1459 1068 21905 2643 57 376 19262 6829 155 6674
internal_count=921424 888043 33381 1810 1529 1270 886233 1687 628 611 599 12 886227 886220 886176 31694 23740 1835 7954 1125 1459 1068 21905 2643 57 376 19262 6829 155 6674
is_linear=0
shrinkage=0.05


Tree=156
num_leaves=31
num_cat=0
split_feature=8 7 0 10 9 9 1 1 2 5 0 0 1 10 2 7 2 9 0 7 2 2 7 8 2 3 8 6 2 5
split_gain=129.27 398.185 509.941 1048.15 1158.2 238.7 500.69 277.079 319.057 615.777 187.125 179.67 500.415 391.868 298.739 233.694 154.377 130.735 239.288 260.76 1362.78 1353.56 212.306 1122.58 416.39 375.229 321.007 710.396 264.44 90.2425
threshold=40.619047619047628 41.500000000000007 47.500000000000007 31.350000000000005 0.39507225004483176 0.39777940045770588 -0.34406860020158053 -0.96591663137137795 -0.60875563403867161 46.500000000000007 44.000000000000007 51.500000000000007 -0.98055188006607052 26.150000000000002 0.55727545385952004 42.500000000000007 0.3007057995042734 0.39019162959296555 18.500000000000004 12.500000000000002 0.52053679269617514 0.55727545385952004 35.500000000000007 34.071428571428577 0.55727545385952004 -1.0000000180025095e-35 31.845238095238098 32.500000000000007 0.49999524036036719 37.500000000000007
decision_type=2 10 2 2 2 2 2 2 2 10 2 2 2 2 2 8 2 2 2 10 2 2 10 2 2 2 2 10 2 10
left_child=1 17 3 4 29 6 7 10 -9 -10 -2 14 -13 15 -7 -14 -15 18 -1 21 -21 -20 26 24 -24 -25 27 -19 -28 -3
right_child=5 2 -4 -5 -6 11 -8 8 9 -11 -12 12 13 16 -16 -17 -18 22 19 20 -22 -23 23 25 -26 -27 28 -29 -30 -31
leaf_value=-0.0002858870902397996 -0.10380921620875597 -0.68430189132690389 -0.0030298438085162123 0.24208524227142336 -0.14856078031298239 0.026194426455638478 -0.36949640115102134 0.077484214936637069 -0.017215193805705971 -0.30550708401770821 0.12981013428419827 -0.26674203077952069 -0.083642570887293141 0.087864014235409835 -0.38119474887847904 0.10377035992685707 0.30683991630872093 -0.00013475608081384412 -0.002340079889955755 0.017468169026440172 -0.038465376421990445 0.034221898739853554 -0.036657405973357315 -0.052844741862032599 -0.25044109750053156 0.022224440401339016 0.010918515609183131 -0.15402394491729018 0.058586263802303418 -0.98470579147338855
leaf_weight=24339 9.9999999999999982 5.0000000000000018 46 7.9999999999999991 15.999999999999998 45 8.9999999999999982 66 157 21 60 8.9999999999999982 21 10.999999999999998 4.9999999999999991 80 30 878549 6430 3130 1670 4175 34 254 69 483 1231 75 381 5
leaf_count=24339 10 5 46 8 16 45 9 66 157 21 60 9 21 11 5 80 30 878549 6430 3130 1670 4175 34 254 69 483 1231 75 381 5
internal_value=-1.87723e-12 -1.41269e-05 -0.111559 -0.258392 -0.412385 0.0248273 -0.00179389 0.00874535 -0.0164118 -0.0512272 0.0964359 0.0676066 0.094809 0.117724 -0.0145445 0.0648033 0.24809 -4.43605e-06 0.00280067 0.00767724 -0.00199204 0.0120537 -0.00013097 -0.0252559 -0.179872 -0.00364744 -0.000106994 -0.000147892 0.0221849 -0.834504
internal_weight=921424 920900 80 34 26 524 323 314 244 178 70 201 151 142 50 101 41 920820 39744 15405 4800 10605 881076 840 103 737 880236 878624 1612 10
internal_count=921424 920900 80 34 26 524 323 314 244 178 70 201 151 142 50 101 41 920820 39744 15405 4800 10605 881076 840 103 737 880236 878624 1612 10
is_linear=0
shrinkage=0.05


Tree=157
num_leaves=31
num_cat=0
split_feature=8 6 6 8 3 7 0 5 2 7 3 7 9 2 8 8 7 7 5 5 8 7 10 0 1 3 10 2 1 10
split_gain=128.955 1619.59 839.549 549.219 360.091 450.952 531.496 415.359 341.328 325.854 316.378 308.272 562.987 444.136 323.146 274.586 289.475 270.631 325.025 257.728 238.837 206.38 197.232 497.298 802.326 385.391 195.498 648.293 454.604 195.234
threshold=9.6904761904761916 9.5000000000000018 9.5000000000000018 9.1547619047619069 1.0000000180025095e-35 14.500000000000002 27.500000000000004 11.500000000000002 -0.98101942973744338 1.5000000000000002 1.0000000180025095e-35 9.5000000000000018 0.39527678915676451 -0.96759678964602525 1.2083333333333337 10.464285714285717 10.500000000000002 9.5000000000000018 9.5000000000000018 1.5000000000000002 10.366666666666669 8.5000000000000018 17.300000000000001 39.500000000000007 0.36033438033905096 0.87837969732492682 20.250000000000004 -0.96759678964602525 0.25249097612998456 19.950000000000003
decision_type=2 10 8 2 2 10 2 10 2 10 2 10 2 2 2 2 8 8 10 8 2 10 2 2 2 2 2 2 2 2
left_child=1 3 4 11 7 6 21 15 10 20 -3 -1 14 -14 -13 -2 -17 18 -5 -4 -9 -6 23 25 -25 -21 28 -28 -24 -8
right_child=2 8 19 17 5 -7 29 9 -10 -11 -12 12 13 -15 -16 16 -18 -19 -20 22 -22 -23 26 24 -26 -27 27 -29 -30 -31
leaf_value=-0.00010985521580828648 0.017031195706602796 -0.0046365895532380318 0.13629136958292551 0.038766242948088114 0.069388150144479285 -0.08637248948827142 0.36252543862909081 0.061443992853164632 -0.019713179067756877 -0.016191692255194422 -0.084306020491290837 0.36697865605354307 -0.046707853213962869 0.0010283979585087037 -0.035537603699643351 0.12246218169067834 0.018036594747301692 0.001569769047150886 0.0096542353367616851 -0.0035814599477870554 -0.34518699737695546 0.024822620253496436 0.015889414751034489 0.23269071832432281 0.0060477210201554058 -0.031109978429352245 -0.010744380498060126 0.00094366672967637457 0.0017778757712950074 0.13219342472760573
leaf_weight=645910 1352 181 35 1749 420 61 9.9999999999999982 5.0000000000000027 7538 575 400 4.9999999999999991 531 5915 1810 139 127 2449 2122 7670 12.999999999999998 681 6642 56 129 1524 12701 180007 40552 115
leaf_count=645910 1352 181 35 1749 420 61 10 5 7538 575 400 5 531 5915 1810 139 127 2449 2122 7670 13 681 6642 56 129 1524 12701 180007 40552 115
internal_value=6.24209e-12 -0.000363725 0.000961934 -9.08882e-05 0.0252872 0.0463139 0.0529158 0.0130478 -0.0225594 -0.0227495 -0.0594865 -0.000232605 -0.00983017 -0.00290396 -0.0344287 0.0261675 0.0726049 0.014578 0.0228077 0.000620641 -0.232234 0.0418231 0.000601593 -0.00651142 0.0746532 -0.00814459 0.000879676 0.000173331 0.00376391 0.15062
internal_weight=921424 668610 252814 660491 3498 1287 1226 2211 8119 593 581 654171 8261 6446 1815 1618 266 6320 3871 249316 18 1101 249281 9379 185 9194 239902 192708 47194 125
internal_count=921424 668610 252814 660491 3498 1287 1226 2211 8119 593 581 654171 8261 6446 1815 1618 266 6320 3871 249316 18 1101 249281 9379 185 9194 239902 192708 47194 125
is_linear=0
shrinkage=0.05


Tree=158
num_leaves=31
num_cat=0
split_feature=8 6 2 0 2 1 7 2 3 1 2 10 7 5 2 1 9 0 8 7 2 7 2 5 7 6 1 0 9 3
split_gain=124.687 1316.72 447.125 457.389 972.941 474.855 412.707 681.559 556.967 485.101 336.717 391.521 329.908 313.2 310.519 773.49 480.027 260.448 250.212 425.008 827.975 369.512 377.701 263.772 237.847 235.25 229.335 241.886 1825.2 1004.28
threshold=0.61904761904761918 1.0000000180025095e-35 -0.96591663137137795 39.500000000000007 -0.76744313759621874 -0.93186591997002499 1.0000000180025095e-35 -0.90538146624550886 -0.8783796973249266 -0.0065449223915601653 0.19504389580251666 28.350000000000005 2.5000000000000004 2.5000000000000004 0.34202014332566844 -0.55543802234893536 0.39967979055977576 22.500000000000004 1.8660714285714288 1.5000000000000002 -0.92387073784400886 1.5000000000000002 -0.46174861323503363 1.0000000180025095e-35 1.5000000000000002 1.0000000180025095e-35 0.13052494970477632 34.000000000000007 0.42838858635411614 0.87837969732492682
decision_type=2 8 2 2 2 2 8 2 2 2 2 2 10 10 2 2 2 2 2 8 2 8 2 10 8 10 2 2 2 2
left_child=25 2 12 14 -5 -6 7 8 -3 -10 13 -12 17 -9 16 -16 -4 -2 21 20 -20 23 -23 -8 -19 26 27 -1 29 -29
right_child=1 6 3 4 5 -7 18 10 9 -11 11 -13 -14 -15 15 -17 -18 24 19 -21 -22 22 -24 -25 -26 -27 -28 28 -30 -31
leaf_value=0.0011426538085560971 0.066367814008954848 -0.051155554664105041 -0.015804812880617469 0.76270440816879281 0.40257335573434833 0.020874275741252033 0.028358510439005058 0.0013896590012169494 0.029968311812175016 0.10977010367606142 0.005385958462641091 0.038750028056178797 -0.054302787619668086 -0.039438792789823734 0.069967752980281198 0.012633179181351387 0.02969468647878137 0.15046357801288701 0.061455560260919799 7.9361137731824265e-05 0.0063714892070724644 -0.022732443905656263 -0.0049867214921891639 -0.001443254943053845 0.47570797105630236 -0.014755484251394106 -0.0041812006555769603 -0.02338465147704602 0.99289281845092781 0.18240013788454235
leaf_weight=34324 159 112 1187 5.9999999999999991 9.9999999999999982 44 751 2274 397 366 3011 1242 37 592 875 1795 1133 89 773 746525 5807 4089 11243 65452 5.9999999999999991 3433 35378 229 4.9999999999999991 80
leaf_count=34324 159 112 1187 6 10 44 751 2274 397 366 3011 1242 37 592 875 1795 1133 89 773 746525 5807 4089 11243 65452 6 3433 35378 229 5 80
internal_value=2.08797e-12 0.00017118 0.0249188 0.021446 0.158674 0.0915593 1.43181e-05 0.0113211 0.0529644 0.0682481 0.00620269 0.0151292 0.0851848 -0.00704385 0.019796 0.0314226 0.00641542 0.105504 -9.39757e-05 0.000190876 0.0128426 -0.00272503 -0.00971945 -0.00110519 0.171005 -0.00197629 -0.0013497 0.00154229 0.0452274 0.029893
internal_weight=921424 847975 5341 5050 60 54 842634 7994 875 763 7119 4253 291 2866 4990 2670 2320 254 834640 753105 6580 81535 15332 66203 95 73449 70016 34638 314 309
internal_count=921424 847975 5341 5050 60 54 842634 7994 875 763 7119 4253 291 2866 4990 2670 2320 254 834640 753105 6580 81535 15332 66203 95 73449 70016 34638 314 309
is_linear=0
shrinkage=0.05


Tree=159
num_leaves=31
num_cat=0
split_feature=8 6 6 7 5 8 3 0 4 8 0 7 7 3 8 5 8 2 7 10 5 7 8 6 8 3 2 1 2 6
split_gain=121.352 1353.67 1017.09 512.895 1380.95 395.353 307.726 515.257 293.83 278.518 277.903 271.482 259.212 510.236 459.623 488.762 412.859 278.936 253.842 249.069 245.873 229.68 520.792 703.154 483.234 1007.93 242.214 229.332 213.237 207.564
threshold=4.5357142857142865 4.5000000000000009 4.5000000000000009 5.5000000000000009 4.5000000000000009 5.4642857142857153 1.0000000180025095e-35 27.500000000000004 -0.22252093395631442 4.9285714285714297 39.500000000000007 4.5000000000000009 4.5000000000000009 1.0000000180025095e-35 4.0625000000000009 4.5000000000000009 3.7321428571428577 -0.47898255845512089 1.5000000000000002 22.450000000000003 3.5000000000000004 5.5000000000000009 5.8660714285714297 5.5000000000000009 5.1833333333333345 1.0000000180025095e-35 -0.87659322597609213 0.17149884075797781 0.38267978949462689 1.0000000180025095e-35
decision_type=2 10 8 8 10 2 2 2 2 2 2 8 10 2 2 10 2 2 10 2 10 8 2 10 2 2 2 2 2 10
left_child=1 12 3 4 5 18 -6 -8 -7 11 28 -4 14 27 -1 20 17 -15 -2 -12 -16 24 23 -23 -11 -26 -24 -14 -3 -17
right_child=2 10 9 -5 6 8 7 -9 -10 21 19 -13 13 16 15 29 -18 -19 -20 -21 -22 22 26 -25 25 -27 -28 -29 -30 -31
leaf_value=-0.00027390025492189353 0.19693246460877933 -0.033222771688198233 0.0023179840123491095 -0.0030448312824179905 0.0031821423741560345 0.079871067429582276 0.024342750752027187 0.13476095545644826 0.24950106957201232 0.00046645941428459785 0.42235297262668586 -0.017083200997377188 0.0067347119100461721 -0.052257100458063192 0.082944485025785913 -0.15599195557561787 -0.0037396369272836537 -0.019574172088279621 0.066159796648007502 0.055048722326755534 0.024044036898207076 0.0032169835368336766 -0.0022736425462762714 -0.020905577833981399 0.0004061371660450959 0.025170352278326671 0.00078932932304603813 -0.013874551103122771 -0.015060156351654426 -0.0016449527933042282
leaf_weight=349262 39 3177 3006 1695 2130 45 1443 114 59 43118 6.0000000000000027 4506 5000 1113 189 22 2160 1579 765 20 2833 5441 77545 6792 10175 6892 384963 1849 3289 2197
leaf_count=349262 39 3177 3006 1695 2130 45 1443 114 59 43118 6 4506 5000 1113 189 22 2160 1579 765 20 2833 5441 77545 6792 10175 6892 384963 1849 3289 2197
internal_value=-3.8601e-12 -0.000696251 0.000472893 0.0204632 0.0291349 0.0843694 0.0155322 0.0324273 0.176103 0.00024109 -0.0233282 -0.00931963 -0.000295036 -0.00761712 -5.33577e-05 0.0146437 -0.0200221 -0.0330868 0.0725032 0.139811 0.0277278 0.000375351 6.45804e-06 -0.0101763 0.00328519 0.0104064 0.000275785 0.0011709 -0.0239842 -0.00317521
internal_weight=921424 372696 548728 6290 4595 908 3687 1557 104 542438 6492 7512 366204 11701 354503 5241 4852 2692 804 26 3022 534926 474741 12233 60185 17067 462508 6849 6466 2219
internal_count=921424 372696 548728 6290 4595 908 3687 1557 104 542438 6492 7512 366204 11701 354503 5241 4852 2692 804 26 3022 534926 474741 12233 60185 17067 462508 6849 6466 2219
is_linear=0
shrinkage=0.05


Tree=160
num_leaves=31
num_cat=0
split_feature=8 7 1 6 9 0 2 0 0 10 2 3 7 1 1 6 2 3 5 0 9 5 7 8 9 2 8 0 9 10
split_gain=119.659 824.311 705.364 314.596 276.489 269.809 424.062 445.953 1122.06 803.758 406.599 673.297 321.839 249.593 256.567 223.564 378.946 222.238 356.029 2940.36 333.133 221.895 214.929 1305.45 912.561 768.765 410.745 1088.41 823.516 602.133
threshold=34.071428571428577 35.500000000000007 -0.84455963375842924 31.500000000000004 0.39019162959296555 39.500000000000007 0.64111330583356219 47.500000000000007 44.000000000000007 31.850000000000005 0.49999524036036719 -0.60785761079279388 42.500000000000007 0.13052494970477632 0.29862368723992211 33.500000000000007 0.79334578813923262 -0.60785761079279388 46.500000000000007 47.500000000000007 0.3993222763772169 31.500000000000004 27.500000000000004 26.071428571428573 0.39688767247340251 -0.76744313759621874 25.535714285714288 32.500000000000007 0.41888841656062287 32.050000000000004
decision_type=2 10 2 10 2 2 2 2 2 2 2 2 8 2 2 10 2 2 10 2 2 8 10 2 2 2 2 2 2 2
left_child=1 22 4 -4 21 10 17 8 -8 -10 -2 13 -9 -12 -15 -5 -17 -7 20 -20 -19 -3 26 24 25 -24 -1 29 -29 -28
right_child=5 2 3 15 -6 6 7 12 9 -11 11 -13 -14 14 -16 16 -18 18 19 -21 -22 -23 23 -25 -26 -27 27 28 -30 -31
leaf_value=-1.2261333057603303e-05 0.017920253456687529 0.53403392672538785 -0.32672839341340243 -0.052123184328560127 -0.016748940620733344 0.050136981449371842 0.022893575160867638 -0.1007352952760729 -0.448094112908139 0.061846523284912115 0.099498403072357133 0.15188047696403631 0.07927043760162697 -0.46597351580858243 -0.0093981409072875968 -0.080369117421408509 -0.37925862413095801 0.020883536004054515 -0.89831974506378176 0.062708413925690529 -0.060821061419903656 0.083030515909194927 -0.46241926107216963 -0.0022494970448721425 -0.033025282524983615 -0.14507673609574948 -0.0013550043212678113 0.097182577929801131 -0.00048578097247992629 -0.23956658605624132
leaf_weight=912568 643 4.9999999999999973 27 44 23 261 45 44 34 9.9999999999999982 6.0000000000000027 127 57 7.9999999999999982 5 24 19 657 9.9999999999999982 39 154 6.0000000000000009 22 3725 228 144 1518 610 334 27
leaf_count=912568 643 5 27 44 23 261 45 44 34 10 6 127 57 8 5 24 19 657 10 39 154 6 22 3725 228 144 1518 610 334 27
internal_value=-4.26683e-12 -2.72325e-05 -0.118018 -0.17763 0.0818567 0.0119217 -0.00198188 -0.0710551 -0.152658 -0.332199 0.0350238 0.11035 0.000852099 -0.167252 -0.290368 -0.131359 -0.212437 0.00972544 -0.00253899 -0.13342 0.00536873 0.288032 -8.23432e-06 -0.0114041 -0.0979544 -0.187134 4.30625e-05 0.020327 0.0626262 -0.00551793
internal_weight=921424 919324 148 114 34 2100 1311 190 89 44 789 146 101 19 13 87 43 1121 860 49 811 11 919176 4119 394 166 915057 2489 944 1545
internal_count=921424 919324 148 114 34 2100 1311 190 89 44 789 146 101 19 13 87 43 1121 860 49 811 11 919176 4119 394 166 915057 2489 944 1545
is_linear=0
shrinkage=0.05


Tree=161
num_leaves=31
num_cat=0
split_feature=9 0 0 0 2 0 2 8 6 7 2 0 8 0 2 7 9 1 0 0 8 1 5 9 8 7 2 2 0 8
split_gain=115.455 158.556 190.239 601.333 611.79 542.151 628.1 351.49 242.75 144.888 538.402 223.666 126.1 118.073 117.44 142.907 113.703 109.478 645.976 905.381 1405.21 895.19 594.246 983.471 346.866 650.774 1104.43 362.372 822.138 330.712
threshold=0.38850994985953369 17.500000000000004 31.500000000000004 32.500000000000007 0.67719547657430124 30.000000000000004 0.55727545385952004 4.9285714285714297 20.500000000000004 13.500000000000002 0.67719547657430124 27.500000000000004 44.690476190476197 9.5000000000000018 -0.95990363414299973 3.5000000000000004 0.41652205830590799 -0.3193112587538004 27.500000000000004 31.500000000000004 1.0000000180025095e-35 -0.96591663137137795 24.500000000000004 0.40326584250502201 0.73214285714285732 1.0000000180025095e-35 -0.87659322597609213 -0.77976570290865121 44.000000000000007 33.071428571428577
decision_type=2 2 2 2 2 2 2 2 10 10 2 2 2 2 2 10 2 2 2 2 2 2 10 2 2 8 2 2 2 2
left_child=1 -1 5 4 -4 9 -7 -8 -6 11 -11 -3 -5 14 15 -2 -17 18 22 21 -21 -20 -15 -24 27 26 -26 28 -19 -27
right_child=13 2 3 12 8 6 7 -9 -10 10 -12 -13 -14 17 -16 16 -18 24 19 20 -22 -23 23 -25 25 29 -28 -29 -30 -31
leaf_value=0.00023890340651508304 -0.0086734285697414367 0.013532975983854069 -0.024678219312971289 0.0014300540560987175 -0.13961658444965172 0.0042777904750485171 -0.068686516508460055 0.24941190242993111 -0.37239367800454298 0.019663695770060823 -0.038949595244228842 0.097902251912746582 0.14375443235039712 -0.0011927089694583962 -0.0030840504147315669 -0.071518708276683038 -0.016113135337520894 0.0050457459477060238 -0.012517135196117565 0.20191058353845809 -0.00097409704834160692 0.035535903338173136 -0.029244679405673088 -0.2566902649703256 0.072284280541048032 0.00058313389739414012 0.0063901982541668739 -0.006332322274619751 -0.17194360733935329 0.031330725938383673
leaf_weight=11025 1015 4348 66 570 21 76 9.9999999999999982 66 24 1050 625 80 15.999999999999998 305745 13264 193 178 11193 1240 86 11217 4438 286 57 840 515904 2617 34232 66 876
leaf_count=11025 1015 4348 66 570 21 76 10 66 24 1050 625 80 16 305745 13264 193 178 11193 1240 86 11217 4438 286 57 840 515904 2617 34232 66 876
internal_value=3.8085e-12 0.0039677 0.0098811 -0.0148966 -0.121605 0.0126421 0.105917 0.207557 -0.263764 0.010319 -0.00220694 0.0150573 0.00531604 -7.89502e-05 -0.00453117 -0.0183801 -0.044936 -5.56449e-06 -0.000739889 0.00875243 0.000569571 0.0250418 -0.0012665 -0.0670418 0.000413784 0.000779892 0.0224015 -0.00377304 0.00400824 0.000635255
internal_weight=921424 17977 6952 697 111 6255 152 76 45 6103 1675 4428 586 903447 14650 1386 371 888797 323069 16981 11303 5678 306088 343 565728 520237 3457 45491 11259 516780
internal_count=921424 17977 6952 697 111 6255 152 76 45 6103 1675 4428 586 903447 14650 1386 371 888797 323069 16981 11303 5678 306088 343 565728 520237 3457 45491 11259 516780
is_linear=0
shrinkage=0.05


Tree=162
num_leaves=31
num_cat=0
split_feature=8 6 6 0 2 2 3 8 7 1 7 3 0 7 10 7 4 7 8 2 9 0 2 6 10 2 6 7 5 5
split_gain=110.367 1462.39 982.248 336.044 364.4 306.184 301.066 297.213 295.785 342.158 447.424 382.487 287.764 281.445 270.462 268.384 266.979 265.377 721.658 730.32 399.449 725.274 255.211 254.193 337.813 358.137 252.963 237.84 284.153 233.102
threshold=14.309523809523812 14.500000000000002 14.500000000000002 20.500000000000004 -0.98821097822247983 -0.9404343180211393 1.0000000180025095e-35 14.866071428571431 14.500000000000002 -0.90538146624550875 21.500000000000004 1.0000000180025095e-35 31.500000000000004 16.500000000000004 32.550000000000004 18.500000000000004 1.0000000180025095e-35 16.500000000000004 16.690476190476193 -0.93186591997002521 0.3942795392222806 30.000000000000004 -0.98101942973744338 15.500000000000002 29.000000000000004 -0.97676355679130589 17.500000000000004 2.5000000000000004 13.500000000000002 17.500000000000004
decision_type=2 10 8 2 2 2 2 2 10 2 8 2 2 10 2 8 2 10 2 2 2 2 2 10 2 2 10 10 10 10
left_child=1 8 3 -2 6 -3 -5 23 -1 10 -10 16 -13 -8 29 27 -11 20 19 -19 21 -9 -22 -4 25 -25 -20 -7 -29 -6
right_child=2 5 7 4 14 15 13 17 9 11 -12 12 -14 -15 -16 -17 -18 18 26 -21 22 -23 -24 24 -26 -27 -28 28 -30 -31
leaf_value=2.5105463116786735e-05 0.013622922577595308 -0.079889680534016086 -0.0067422472986255859 0.032436685683205728 0.047784442489596311 0.107783684665055 0.2544058642825302 0.013850965832513823 0.015229236501880919 -0.018836527114896671 0.44856620629628496 -0.025912143471880977 -0.088066696156463703 -0.084527012280055464 -0.18189718825742604 -0.093603789798655357 0.012517140021859594 -0.067254086925668491 0.0096569223552846473 -0.011423816281460778 0.022286086991380558 0.093699737213670267 0.0016846297399589806 -0.13752000596196878 -0.12094928624005619 -0.011628673370266539 -0.00069577429995895516 -0.0094017771640223131 -0.043926068377543967 -0.0023665334775891979
leaf_weight=824391 2452 343 4112 40 1299 33 49 2926 826 1406 5.9999999999999991 2033 205 6.9999999999999991 13.999999999999998 154 1313 705 6938 3463 1604 315 23944 63 107 547 39459 1145 1243 282
leaf_count=824391 2452 343 4112 40 1299 33 49 2926 826 1406 6 2033 205 7 14 154 1313 705 6938 3463 1604 315 23944 63 107 547 39459 1145 1243 282
internal_value=-5.19514e-12 -0.000178179 0.00168059 0.0254485 0.0425959 -0.0355125 0.137205 0.000510875 -5.3982e-05 -0.0113165 0.0183543 -0.0162966 -0.0316055 0.212039 0.0369016 -0.0296013 -0.0036959 0.00124376 -0.000937993 -0.0208673 0.00507579 0.0216116 0.00297807 -0.0115325 -0.0390045 -0.0246306 0.000852322 -0.0255301 -0.0273723 0.0388391
internal_weight=921424 833098 88326 4143 1691 2918 96 84183 830180 5789 832 4957 2238 56 1595 2575 2719 79354 50565 4168 28789 3241 25548 4829 717 610 46397 2421 2388 1581
internal_count=921424 833098 88326 4143 1691 2918 96 84183 830180 5789 832 4957 2238 56 1595 2575 2719 79354 50565 4168 28789 3241 25548 4829 717 610 46397 2421 2388 1581
is_linear=0
shrinkage=0.05


Tree=163
num_leaves=31
num_cat=0
split_feature=8 6 6 8 0 5 5 7 0 7 3 8 7 8 7 8 2 3 8 2 6 5 1 8 3 5 10 5 8 5
split_gain=108.584 1645.02 591.641 583.047 369.071 349.417 335.074 574.661 443.628 308.487 547.641 309.399 295.708 335.761 255.159 834.87 922.878 647.456 1292.16 826.762 452.022 422.828 396.702 347.954 339.73 302.482 264.049 254.781 249.12 250.169
threshold=7.7321428571428585 7.5000000000000009 7.5000000000000009 7.3095238095238102 19.500000000000004 14.500000000000002 7.5000000000000009 6.5000000000000009 44.000000000000007 7.5000000000000009 1.0000000180025095e-35 5.7321428571428585 15.500000000000002 13.071428571428573 8.5000000000000018 8.8660714285714306 -0.96759678964602525 1.0000000180025095e-35 9.2261904761904781 -0.95436844760270667 9.5000000000000018 8.5000000000000018 0.21430864304727468 8.071428571428573 1.0000000180025095e-35 7.5000000000000009 32.550000000000004 9.5000000000000018 7.0714285714285721 8.5000000000000018
decision_type=2 10 8 2 2 10 10 8 2 10 2 2 8 2 8 2 2 2 2 2 10 10 2 2 2 10 2 10 2 10
left_child=1 3 4 9 27 12 7 8 -5 28 -11 -12 13 -6 17 16 24 20 23 -20 25 -18 -22 -19 -16 -4 -17 -2 29 -1
right_child=2 -3 14 6 5 -7 -8 -9 -10 10 11 -13 -14 -15 15 26 21 18 19 -21 22 -23 -24 -25 -26 -27 -28 -29 -30 -31
leaf_value=-0.00010794949254893716 0.01870153693516945 -0.020721032182049778 0.050965688685738954 0.086536348939892038 0.049472675158459156 -0.057870494336547222 0.0042023600279323869 0.020920064112704171 0.5614425206184388 0.00073359104896974885 -0.041090165715095217 -0.012454627126376927 -0.076605014376183778 0.45998740911483771 -0.025495321785443909 0.00056123819321747363 -0.0018401456016124591 0.0013161620397791861 0.10625344719824002 0.030968700856274858 -0.028236921491260222 -0.023749585206286873 0.0099787409688158538 0.018435814727705602 -0.080813076719641691 0.00098269148595044519 -0.020457170573921973 -0.01996657723077358 0.015865870679918039 -0.036183156441883121
leaf_weight=537355 1481 9816 306 298 1308 85 2607 2197 4.9999999999999991 5907 1508 2519 47 4.9999999999999991 498 289730 7106 11682 432 2340 2474 3191 936 3979 627 27962 1502 598 2442 481
leaf_count=537355 1481 9816 306 298 1308 85 2607 2197 5 5907 1508 2519 47 5 498 289730 7106 11682 432 2340 2474 3191 936 3979 627 27962 1502 598 2442 481
internal_value=2.83154e-12 -0.00043097 0.000683592 -7.23165e-05 0.0210692 0.040478 0.0167441 0.0298226 0.0943731 -0.000228404 -0.00895952 -0.0231778 0.0466248 0.0510359 0.000479947 -6.72273e-05 -0.0133276 0.0037847 0.0112353 0.0427014 -0.000550683 -0.0086298 -0.0177472 0.00566576 -0.0563258 0.00152376 0.000452838 0.00757911 -6.78666e-05 -0.000140212
internal_weight=921424 565135 356289 555319 3524 1445 5107 2500 303 550212 9934 4027 1360 1313 352765 302654 11422 50111 18433 2772 31678 10297 3410 15661 1125 28268 291232 2079 540278 537836
internal_count=921424 565135 356289 555319 3524 1445 5107 2500 303 550212 9934 4027 1360 1313 352765 302654 11422 50111 18433 2772 31678 10297 3410 15661 1125 28268 291232 2079 540278 537836
is_linear=0
shrinkage=0.05


Tree=164
num_leaves=31
num_cat=0
split_feature=0 2 0 7 0 1 5 2 8 6 0 8 10 3 10 10 2 3 8 7 8 1 8 0 7 5 2 8 7 8
split_gain=107.613 158.977 1198.93 695.896 450.041 579.675 599.81 1254.83 448.286 1071.68 695.788 432.099 429.758 399.184 454.708 250.694 215.495 296.761 225.854 208.693 813.924 800.057 482.345 462.383 424.605 384.864 171.124 92.294 183.638 148.809
threshold=12.500000000000002 0.73874773214847822 51.500000000000007 39.500000000000007 51.500000000000007 0.79334578813923273 33.500000000000007 0.13052494970477621 24.928571428571434 23.500000000000004 32.500000000000007 37.535714285714292 24.750000000000004 0.87837969732492682 30.800000000000004 27.750000000000004 0.98783682519954519 -0.8783796973249266 15.937500000000002 24.500000000000004 24.535714285714288 -0.88599923532063174 22.309523809523814 27.500000000000004 22.500000000000004 20.500000000000004 -0.42261826174069955 1.8660714285714288 1.5000000000000002 1.0714285714285716
decision_type=2 2 2 10 2 2 10 2 2 10 2 2 2 2 2 2 2 2 2 10 2 2 2 2 10 10 2 2 10 2
left_child=27 4 3 8 19 6 12 -8 9 -3 -10 16 -6 14 -5 -13 17 -4 -18 22 21 -21 24 -24 -2 -22 -7 28 -1 -30
right_child=1 2 11 13 5 26 7 -9 10 -11 -12 15 -14 -15 -16 -17 18 -19 -20 20 25 -23 23 -25 -26 -27 -28 -29 29 -31
leaf_value=-0.0019468808148205693 -8.5211507193612461e-05 0.0019883663378277719 -0.40545340226246762 -0.33064442550142586 0.08519279646784135 0.078984391456469905 -0.055284982056428615 0.15675000358550323 -0.016930873807636092 -0.06706824694051744 0.054672973401984348 0.084943609175059331 0.23917518694672668 -0.67195281028747567 0.23688091993331911 -0.16346232034265995 -0.16471399136242415 -0.15453994968196466 0.067180014224279494 0.011966711955017521 0.39728801945845288 -0.096572557958484573 0.0012622327823588429 0.035824153520328673 -0.03256825955394315 -0.0033360213548629006 -0.045176822158316393 -0.00039058767511475882 0.0044898550262595762 -0.019228552770817656
leaf_weight=48910 514961 145018 12.999999999999998 12.000000000000005 221 32 208 105 525 564 959 37 57 4.9999999999999991 4.9999999999999991 13.999999999999998 21 126 21 263 5.9999999999999991 479 2055 1829 1008 6887 209 193229 868 2777
leaf_count=48910 514961 145018 13 12 221 32 208 105 525 564 959 37 57 5 5 14 21 126 21 263 6 479 2055 1829 1008 6887 209 193229 868 2777
internal_value=3.04313e-12 0.000325906 0.00177834 0.00195748 -7.90998e-05 0.0366654 0.0633165 0.015845 0.00199955 0.00172083 0.0293414 -0.111796 0.116765 -0.279231 -0.163725 0.0167537 -0.148017 -0.178007 -0.048767 -0.000137056 -0.00834348 -0.0581011 -1.65299e-05 0.0175377 -0.000148671 -0.0029873 -0.0286907 -0.000895889 -0.00275373 -0.0135804
internal_weight=921424 675640 147320 147088 528320 832 591 313 147066 145582 1484 232 278 22 17 51 181 139 42 527488 7635 742 519853 3884 515969 6893 241 245784 52555 3645
internal_count=921424 675640 147320 147088 528320 832 591 313 147066 145582 1484 232 278 22 17 51 181 139 42 527488 7635 742 519853 3884 515969 6893 241 245784 52555 3645
is_linear=0
shrinkage=0.05


Tree=165
num_leaves=31
num_cat=0
split_feature=8 6 7 9 0 3 5 8 1 10 9 0 3 7 7 4 6 4 8 2 3 0 9 2 2 5 6 0 3 6
split_gain=104.936 1530.92 586.225 1024.93 677.813 514.799 498.292 392.648 345.045 392.997 452.885 485.002 337.263 330.81 408.067 311.263 305.311 289.799 486.016 306.928 1577.38 2002.83 279.149 266.31 228.395 457.613 244 225.262 219.387 361.598
threshold=19.690476190476193 19.500000000000004 19.500000000000004 0.39667026523047005 28.500000000000004 1.0000000180025095e-35 25.500000000000004 19.226190476190478 -0.88599923532063174 29.150000000000002 0.39507225004483176 30.000000000000004 1.0000000180025095e-35 34.500000000000007 25.500000000000004 1.0000000180025095e-35 21.500000000000004 0.81174490092936691 38.773809523809533 -0.9404343180211393 -0.60785761079279388 39.500000000000007 0.39791423617225324 -0.99997620189245284 -0.93894197835419624 12.500000000000002 21.500000000000004 40.500000000000007 1.0000000180025095e-35 27.500000000000004
decision_type=2 10 10 2 2 2 10 2 2 2 2 2 2 10 10 2 10 2 2 2 2 2 2 2 2 10 10 2 2 10
left_child=1 7 3 4 -2 -6 12 13 -3 24 -11 -12 -5 14 -1 -8 -7 19 -19 20 27 -22 -17 -9 25 -10 -26 -4 29 -21
right_child=2 8 17 6 5 16 15 23 9 10 11 -13 -14 -15 -16 22 -18 18 -20 28 21 -23 -24 -25 26 -27 -28 -29 -30 -31
leaf_value=-1.6676220364533673e-05 0.040994195428038983 -0.0034127691743500994 0.044836898725830188 0.0017010731389842924 0.4112115928355386 0.18118960162421235 -0.028362482256256046 -0.29529060920079553 0.27626397460699081 -0.082489363685730968 -0.35402874982718269 0.079913450032472619 0.055263777580088283 0.37124046981334691 -0.1293425975947595 -0.49994767506917315 0.065079741230713098 0.017022970493525871 -0.47639541149139408 -0.00010395111902028792 -0.094853151661911272 0.091835974925465289 -0.1373416427117975 0.039181970465941678 -0.028511621035523151 -0.10953531489441437 -0.10159894100917402 -0.042728495043534119 0.0054344975482508995 -0.026037669401360455
leaf_weight=893875 419 402 638 1202 17 119 100 5.9999999999999991 7.9999999999999991 155 33 7.9999999999999991 389 5.9999999999999991 61 5.9999999999999991 108 2679 4.9999999999999991 6255 824 174 46 732 995 196 129 83 10042 1712
leaf_count=893875 419 402 638 1202 17 119 100 6 8 155 33 8 389 6 61 6 108 2679 5 6255 824 174 46 732 995 196 129 83 10042 1712
internal_value=-6.74812e-12 -8.87737e-05 0.00320715 0.0266608 0.0795737 0.145823 0.00653394 7.08694e-06 -0.0446187 -0.0554879 -0.121579 -0.269357 0.0147972 -2.30092e-05 -2.55011e-05 -0.0799582 0.125948 0.000689319 0.0161038 -0.00140782 -0.021594 -0.0623041 -0.179181 0.0364627 -0.0457335 -0.0944059 -0.0368998 0.0347566 0.000518992 -0.00567675
internal_weight=921424 896606 24818 2406 663 244 1743 894680 1926 1524 196 41 1591 893942 893936 152 227 22412 2684 19728 1719 998 52 738 1328 204 1124 721 18009 7967
internal_count=921424 896606 24818 2406 663 244 1743 894680 1926 1524 196 41 1591 893942 893936 152 227 22412 2684 19728 1719 998 52 738 1328 204 1124 721 18009 7967
is_linear=0
shrinkage=0.05


Tree=166
num_leaves=31
num_cat=0
split_feature=8 7 0 10 9 3 2 1 1 0 10 1 0 7 5 0 2 7 8 9 1 3 0 2 8 6 0 9 6 1
split_gain=104.892 328.909 426.808 779.987 962.351 217.688 474.67 419.78 264.768 238.93 388.191 211.897 207.568 177.485 145.982 2507.18 135.081 117.581 1374.21 917.035 750.802 488.078 945.636 523.972 340.735 1368.2 647.849 1253.12 457.735 408.246
threshold=40.619047619047628 41.500000000000007 47.500000000000007 31.350000000000005 0.39507225004483176 -0.8783796973249266 -0.93894197835419624 -0.98055188006607052 -0.96591663137137795 51.500000000000007 26.150000000000002 -0.86601715984676897 44.000000000000007 50.500000000000007 46.500000000000007 47.500000000000007 -0.42261826174069955 27.500000000000004 26.071428571428573 0.39688767247340251 -0.79334578813923284 -1.0000000180025095e-35 32.500000000000007 0.77836700843141082 23.380952380952383 23.500000000000004 32.500000000000007 0.3933742304209466 27.500000000000004 -0.95925213728851977
decision_type=2 10 2 2 2 2 2 2 2 2 2 2 2 10 10 2 2 10 2 2 2 2 2 2 2 10 2 2 10 2
left_child=1 17 3 4 -3 7 -7 -2 12 11 16 -9 -8 -12 -10 -16 -11 24 19 20 -19 22 -20 -23 25 -1 28 -28 -26 -27
right_child=5 2 -4 -5 -6 6 8 9 14 10 13 -13 -14 -15 15 -17 -18 18 21 -21 -22 23 -24 -25 26 29 27 -29 -30 -31
leaf_value=1.7464672158984051e-05 -0.25423677364985148 -0.75334223747253404 -0.002101668391538703 0.19601029008626938 -0.128078268840909 -0.35584607124328616 -0.1027078444021754 0.098263992582048681 0.0033738378309218064 0.12768581314867705 0.45561937808990466 -0.2907793317522322 0.12190440197785696 0.19015406861024745 -0.96009772164481033 0.079023668082321405 0.0038533788756467402 0.047775543776565586 -0.13146627990693596 -0.031313124825387742 -0.23140655169263483 0.0020228278598664307 -0.0098389352009514014 0.057115145768010828 0.0059232687289965539 0.029418252344116755 0.15516325464166369 0.022366276673303809 -0.05873529880578602 -0.091165873670893877
leaf_weight=909223 8.9999999999999982 10.000000000000002 46 7.9999999999999991 15.999999999999998 8.9999999999999982 11.999999999999998 7 251 49 10.000000000000002 6.9999999999999982 72 17 6.9999999999999991 34 40 29 181 231 142 3279 1365 497 3237 81 201 1529 299 526
leaf_count=909223 9 10 46 8 16 9 12 7 251 49 10 7 72 17 7 34 40 29 181 231 142 3279 1365 497 3237 81 201 1529 299 526
internal_value=1.37744e-12 -1.27254e-05 -0.101391 -0.235723 -0.368564 0.0223641 0.0029999 0.0759987 0.0115893 0.0988611 0.12241 -0.0962577 0.0898169 0.288475 -0.0109145 -0.0983873 0.0720308 -3.91771e-06 -0.0071478 -0.0962875 -0.18406 -0.000414593 -0.0240786 0.00927412 4.07679e-05 -3.26337e-05 0.0127227 0.0377953 0.000455816 -0.0750747
internal_weight=921424 920900 80 34 26 524 385 139 376 130 116 14 84 27 292 41 89 920820 5724 402 171 5322 1546 3776 915096 909830 5266 1730 3536 607
internal_count=921424 920900 80 34 26 524 385 139 376 130 116 14 84 27 292 41 89 920820 5724 402 171 5322 1546 3776 915096 909830 5266 1730 3536 607
is_linear=0
shrinkage=0.05


Tree=167
num_leaves=31
num_cat=0
split_feature=9 0 0 0 2 0 2 8 6 7 8 2 1 0 2 7 9 8 10 7 2 7 8 8 0 6 7 9 0 8
split_gain=104.192 142.527 171.865 529.826 534.905 481.059 564.202 326.474 213.523 132.257 246.453 228.13 113.063 102.656 107.195 125.415 120.39 100.134 96.8069 326.035 1809.24 1031.48 782.809 365.517 808.445 658.568 287.16 185.995 381.309 148.003
threshold=0.38850994985953369 17.500000000000004 31.500000000000004 32.500000000000007 0.67719547657430124 30.000000000000004 0.67719547657430124 4.9285714285714297 20.500000000000004 7.5000000000000009 5.1833333333333345 0.67719547657430124 -0.95925213728851977 9.5000000000000018 -0.91517207274776624 3.5000000000000004 0.41514562647694064 44.690476190476197 24.450000000000003 24.500000000000004 -0.95436844760270667 30.500000000000004 24.071428571428573 19.690476190476193 27.500000000000004 19.500000000000004 42.500000000000007 0.39226616107222395 20.500000000000004 0.73214285714285732
decision_type=2 2 2 2 2 2 2 2 10 10 2 2 2 2 2 10 2 2 2 10 2 10 2 2 2 10 10 2 2 2
left_child=1 -1 5 4 -4 9 -7 -8 -6 10 -3 -11 -5 14 15 -2 -17 -14 26 23 21 -21 -22 25 -25 -20 27 28 -15 -29
right_child=13 2 3 12 8 6 7 -9 -10 11 -12 -13 17 18 -16 16 -18 -19 19 20 22 -23 -24 24 -26 -27 -28 29 -30 -31
leaf_value=0.00023391304157746541 -0.0075045502908441478 0.0081861968337252795 -0.023706218120500899 0.085940156094729908 -0.13083030946907545 0.0072623969208967841 -0.065326767526566992 0.24220158413998663 -0.34914535731077195 0.014550038527597068 0.039707621099382195 -0.012919988463416352 -0.0044907768838820493 0.0070672912059900886 -0.0025179011440472506 -0.064676098876340363 -0.016081107618322914 0.13595944872269264 -0.00053114840212931092 -0.13088394555975411 -0.062530557819648405 -0.49624140775203707 -0.0011904130707893991 -0.0016382825133275083 0.034639127213498253 -0.038861365685766827 0.11169815564785024 -0.0025563469807439354 0.076244387789020318 0.00063538249167508127
leaf_weight=11025 1488 2165 66 40 21 79 9.9999999999999982 63 24 1722 869 1347 533 1249 12634 215 313 12.999999999999998 372515 85 594 25 4182 4373 2367 1124 58 39416 237 462572
leaf_count=11025 1488 2165 66 40 21 79 10 63 24 1722 869 1347 533 1249 12634 215 313 13 372515 85 594 25 4182 4373 2367 1124 58 39416 237 462572
internal_value=1.61144e-12 0.0037692 0.00937573 -0.0141751 -0.114338 0.012 0.0998629 0.200074 -0.247265 0.00981173 0.0172146 0.0024933 0.00479777 -7.50005e-05 -0.00422639 -0.0149333 -0.0358688 -0.00114672 -6.57328e-06 -0.000603135 -0.0134369 -0.21392 -0.0088194 -0.000438285 0.0111019 -0.000646455 0.000449871 0.000437056 0.0181002 0.000384769
internal_weight=921424 17977 6952 697 111 6255 152 73 45 6103 3034 3069 586 903447 14650 2016 528 546 888797 385265 4886 110 4776 380379 6740 373639 503532 503474 1486 501988
internal_count=921424 17977 6952 697 111 6255 152 73 45 6103 3034 3069 586 903447 14650 2016 528 546 888797 385265 4886 110 4776 380379 6740 373639 503532 503474 1486 501988
is_linear=0
shrinkage=0.05


Tree=168
num_leaves=31
num_cat=0
split_feature=8 6 6 10 2 0 5 1 3 0 0 8 8 2 7 8 5 2 9 7 5 9 1 9 5 7 3 10 6 7
split_gain=100.573 1306.81 967.87 309.496 309.549 301.066 264.786 437.611 264.182 372.514 294.958 260.669 256.04 314.631 262.851 449.645 380.318 309.99 388.751 254.111 332.043 246.906 329.128 275.084 245.631 244.17 625.289 221.268 218.17 217.594
threshold=12.35416666666667 12.500000000000002 12.500000000000002 29.550000000000001 -0.96591663137137795 23.500000000000004 12.500000000000002 -0.88801398733197912 1.0000000180025095e-35 22.500000000000004 37.000000000000007 12.071428571428573 12.928571428571431 -0.99913862891129024 13.500000000000002 13.928571428571431 13.500000000000002 -0.9474464830022985 0.40326584250502201 12.500000000000002 12.500000000000002 0.4145328561800587 -0.93186591997002499 0.39129354197482852 13.500000000000002 12.500000000000002 1.0000000180025095e-35 29.750000000000004 13.500000000000002 6.5000000000000009
decision_type=2 10 8 2 2 2 10 2 2 2 2 2 2 2 8 2 10 2 2 10 10 2 2 2 10 10 2 2 10 8
left_child=1 6 5 4 -3 24 11 -8 10 -10 -9 25 13 28 17 16 -16 18 -14 -15 -21 22 -7 -24 -2 -1 -27 -5 -4 -6
right_child=2 3 12 27 29 21 7 8 9 -11 -12 -13 14 19 15 -17 -18 -19 -20 20 -22 -23 23 -25 -26 26 -28 -29 -30 -31
leaf_value=3.3929121525334802e-06 0.025283592551764197 -0.067128526398440136 -0.063835161657589665 -0.16683258840441706 0.038210292804822237 -0.0090137857064919568 -0.060109307115378346 -0.017050072351512981 -0.008818954013160402 0.058293696882155466 -0.15846396555241787 0.016154026159698607 0.058362501913093001 0.004806417168050775 -0.0040584360282345687 0.00065253178753785245 -0.029719299307529114 0.0038228472238348655 0.010786563978970792 -1.0207224012614035e-05 -0.032750458167043715 0.0080562988574649549 0.16365532636061891 0.063371578871490475 -0.0036104446284490515 0.0040077826413887317 -0.028395704522943273 -0.055550853329708438 -0.25718692888816203 -0.021903298542715607
leaf_weight=766164 2403 371 77 50 159 142 461 1244 613 312 38 2482 587 2097 4103 99724 2228 22069 1599 1433 1685 311 77 611 1060 3426 2633 419 18 2828
leaf_count=766164 2403 371 77 50 159 142 461 1244 613 312 38 2482 587 2097 4103 99724 2228 22069 1599 1433 1685 311 77 611 1060 3426 2633 419 18 2828
internal_value=6.64426e-12 -0.000221315 0.00123297 -0.0293674 -0.0240535 0.0237786 -7.78289e-05 -0.0158024 -0.00654749 0.013818 -0.0212417 -2.36753e-05 0.000467592 -0.0102947 0.000906144 -0.000167774 -0.013089 0.00560185 0.023562 -0.00865198 -0.0177034 0.0460535 0.060291 0.0745952 0.0164393 -7.56721e-05 -0.0100735 -0.0674146 -0.10047 -0.0187034
internal_weight=921424 781200 140224 3827 3358 4604 777373 2668 2207 925 1282 774705 135620 5310 130310 106055 6331 24255 2186 5215 3118 1141 830 688 3463 772223 6059 469 95 2987
internal_count=921424 781200 140224 3827 3358 4604 777373 2668 2207 925 1282 774705 135620 5310 130310 106055 6331 24255 2186 5215 3118 1141 830 688 3463 772223 6059 469 95 2987
is_linear=0
shrinkage=0.05


Tree=169
num_leaves=31
num_cat=0
split_feature=9 0 7 2 2 1 0 5 0 5 0 7 6 3 7 0 5 9 5 7 8 2 6 8 6 10 2 0 10 2
split_gain=98.1099 177.496 224.54 1218.39 1169.12 456.589 444.474 430.217 380.682 318.377 234.262 214.279 157.734 661.948 163.076 138.673 114.976 461.386 774.666 201.09 994.879 311.055 269.195 254.119 639.209 315.906 238.121 271.994 234.941 352.023
threshold=0.39019162959296555 18.500000000000004 12.500000000000002 0.52053679269617514 0.55727545385952004 -0.60875563403867206 19.500000000000004 17.500000000000004 20.500000000000004 2.5000000000000004 39.500000000000007 7.5000000000000009 46.500000000000007 0.87837969732492682 46.500000000000007 24.500000000000004 44.500000000000007 0.39060530122965059 46.500000000000007 35.500000000000007 34.071428571428577 0.55727545385952004 31.500000000000004 31.845238095238098 32.500000000000007 20.550000000000004 0.49999524036036719 37.000000000000007 21.850000000000005 -0.92387073784400886
decision_type=2 2 10 2 2 2 2 10 2 10 2 10 10 2 10 2 10 2 10 10 2 2 10 2 10 2 2 2 2 2
left_child=1 -1 4 12 10 6 -5 -7 11 -10 15 -6 14 -14 -4 -3 19 18 -18 23 21 -21 -23 24 -2 -26 27 -25 -22 -30
right_child=16 2 3 5 8 7 -8 -9 9 -11 -12 -13 13 -15 -16 -17 17 -19 -20 20 28 22 -24 26 25 -27 -28 -29 29 -31
leaf_value=-0.00023882566662911643 -0.00011713400828786185 0.00047894811923574246 0.016020655616215265 -0.00096414076444102735 0.029128194596686131 -0.033690920515560122 -0.074780895484342164 0.052527824886930932 -0.0098607073947562865 0.064557108197215149 -0.12812640554196128 -0.0024145368498120403 0.15813500616285533 -0.46695175170898429 0.20886894139376555 -0.024263269975458891 0.057719850209024218 0.050140148399714618 -0.67573926647504168 -0.049499059821430012 0.079440089112768578 -0.38781115977387681 -0.16789635654109031 -0.016638735462861712 -0.53004933774471286 -0.11866687883722729 0.054044530606411345 0.030594075119469662 -0.22563098386714331 -0.0080511826253577244
leaf_weight=24339 878547 5765 3192 273 2228 399 806 227 166 1071 37 710 9 8 10.999999999999998 628 8.9999999999999982 241 5.9999999999999991 38 75 19 52 562 4.9999999999999991 70 385 666 19 861
leaf_count=24339 878547 5765 3192 273 2228 399 806 227 166 1071 37 710 9 8 11 628 9 241 6 38 75 19 52 562 5 70 385 666 19 861
internal_value=-9.54826e-13 0.00242607 0.00660256 -0.00221977 0.0106997 -0.0363962 -0.0561044 -0.0024263 0.0313023 0.0545706 -0.00267759 0.0215055 0.0158767 -0.136023 0.016683 -0.00195154 -0.000109721 0.0333938 -0.235664 -0.000119453 -0.0218431 -0.164954 -0.226747 -9.31942e-05 -0.000129595 -0.146092 0.0197345 0.00897776 -0.00550895 -0.0127489
internal_weight=921424 39869 15530 4925 10605 1705 1079 626 4175 1237 6430 2938 3220 17 3203 6393 881555 256 15 881299 1064 109 71 880235 878622 75 1613 1228 955 880
internal_count=921424 39869 15530 4925 10605 1705 1079 626 4175 1237 6430 2938 3220 17 3203 6393 881555 256 15 881299 1064 109 71 880235 878622 75 1613 1228 955 880
is_linear=0
shrinkage=0.05


Tree=170
num_leaves=31
num_cat=0
split_feature=8 6 6 5 8 7 3 5 2 7 7 6 5 8 7 8 0 5 7 6 10 8 1 7 8 7 8 2 0 6
split_gain=96.0026 1459.55 961.937 281.024 318.449 297.195 381.796 322.323 290.476 272.026 254.534 301.129 247.307 257.44 259.588 243.488 240.426 325.367 237.18 198.703 558.678 244.55 197.218 193.341 189.291 213.148 591.894 420.556 412.438 351.77
threshold=13.380952380952383 13.500000000000002 13.500000000000002 13.500000000000002 13.071428571428573 12.500000000000002 -0.60785761079279388 17.500000000000004 -0.76744313759621874 4.5000000000000009 13.500000000000002 11.500000000000002 10.500000000000002 12.309523809523812 13.500000000000002 10.062500000000002 30.000000000000004 17.500000000000004 11.500000000000002 10.500000000000002 27.450000000000003 14.309523809523812 -0.99143542353329861 1.0000000180025095e-35 13.732142857142859 14.500000000000002 14.866071428571431 -0.93186591997002521 21.500000000000004 14.500000000000002
decision_type=2 10 8 10 2 8 2 10 2 10 10 8 10 2 10 2 2 10 10 10 2 2 2 10 2 8 2 2 2 10
left_child=1 3 16 4 -1 6 7 -5 -8 -3 11 -6 15 14 -14 -11 -2 19 -15 20 -18 -21 -17 -19 -4 27 29 28 -26 -27
right_child=2 9 24 5 10 -7 8 -9 -10 12 -12 -13 13 18 -16 22 17 23 -20 21 -22 -23 -24 -25 25 26 -28 -29 -30 -31
leaf_value=-4.8278384216638188e-05 0.021343859373344758 0.052758395257255723 -0.01192123501006879 -0.035943090831971773 0.20673507666587831 -0.048883012589957947 0.051260173078375541 -0.33744711279869083 -0.0051321058339078305 -0.086419187606991951 0.001236432723546873 0.031305443807366211 -0.045404458200104116 -0.0010331253998175328 -0.12245613828312324 0.14789715152978897 0.37606742636245838 -0.25588112125794094 -0.040292154099562189 0.044092571344992074 -0.15467370918818885 0.14487760953313436 0.0034380788776243844 -0.0055678171140176279 0.01319260223226389 -0.00078513340483664742 0.00082263200638752398 0.0025514340237327024 0.059951637658234302 -0.025183770814654047
leaf_weight=800207 3650 93 2994 588 25 562 297 8.9999999999999982 988 74 1065 1136 303 471 171 25 17.000000000000004 8.9999999999999982 2100 219 6.9999999999999991 83 430 54 2231 2479 75701 21182 598 3656
leaf_count=800207 3650 93 2994 588 25 562 297 9 988 74 1065 1136 303 471 171 25 17 9 2100 219 7 83 430 54 2231 2479 75701 21182 598 3656
internal_value=7.33638e-13 -0.000190695 0.00136592 -4.73049e-05 4.25638e-06 -0.0169763 -0.00744836 -0.0404884 0.00790175 -0.0316636 0.0188896 0.035083 -0.0338604 -0.0393424 -0.0732016 -0.00230476 0.0253263 0.062694 -0.0331 0.0827962 0.221268 0.0717918 0.0113754 -0.0413269 0.000476768 0.000827459 -0.0003879 0.00496973 0.0230766 -0.0153249
internal_weight=921424 808544 112880 804877 802433 2444 1882 597 1285 3667 2226 1161 3574 3045 474 529 4039 389 2571 326 24 302 455 63 108841 105847 81836 24011 2829 6135
internal_count=921424 808544 112880 804877 802433 2444 1882 597 1285 3667 2226 1161 3574 3045 474 529 4039 389 2571 326 24 302 455 63 108841 105847 81836 24011 2829 6135
is_linear=0
shrinkage=0.05


Tree=171
num_leaves=31
num_cat=0
split_feature=8 6 6 5 7 8 2 0 2 7 5 7 9 2 5 1 7 8 10 5 8 3 0 0 9 0 3 3 3 0
split_gain=93.6507 1316.69 612.685 503.853 516.19 489.959 397.518 395.26 345.364 319.573 397.411 303.502 538.765 344.212 300.364 288.217 284.188 748.401 555.422 490.836 354.061 689.832 623.108 483.875 242.22 233.684 207.401 205.167 202.81 197.591
threshold=10.732142857142859 10.500000000000002 10.500000000000002 11.500000000000002 9.5000000000000018 10.183333333333335 -0.60875563403867161 27.500000000000004 0.9467859074498246 10.500000000000002 11.500000000000002 10.500000000000002 0.39507225004483176 -0.96759678964602525 11.500000000000002 -0.92387073784400886 11.500000000000002 11.866071428571431 17.100000000000005 11.500000000000002 11.183333333333335 -0.60785761079279388 22.500000000000004 37.000000000000007 0.41934336950508899 26.000000000000004 -0.60785761079279388 1.0000000180025095e-35 0.87837969732492682 19.500000000000004
decision_type=2 10 8 10 8 2 2 2 2 8 10 10 2 2 8 2 8 2 2 10 2 2 2 2 2 2 2 2 2 2
left_child=1 5 3 4 7 11 24 -2 9 -3 27 -1 15 -14 -7 -13 20 18 25 -20 -4 23 -23 -22 29 -18 -9 -11 -8 -5
right_child=2 8 16 6 -6 14 28 26 -10 10 -12 12 13 -15 -16 -17 17 -19 19 -21 21 22 -24 -25 -26 -27 -28 -29 -30 -31
leaf_value=-2.8986555411991907e-05 0.088499852281904989 -0.011520573613708207 0.0011855995076240214 0.018983862562491016 0.033184354501287747 0.019800027091780137 -0.015481685824221762 0.07598732650279999 0.0040333560177286225 -0.021237252194816248 -0.12744091842409774 0.022943366938837306 -0.041034183830315853 0.00017711517850384413 -0.021416664752957355 -0.042658212685590294 -0.11093463538835446 0.00053057354005889214 -0.0046471271808333032 -0.030893572767188283 -0.002754311246511815 0.010936909254158833 0.041303719155480145 -0.11011268132917595 -0.034466241110313794 0.18352092759949823 0.3439287180510851 -0.043895800987964043 0.047184243594885489 0.10362676747634517
leaf_weight=696879 186 3031 24509 111 952 4431 1061 9.9999999999999982 1300 2500 108 189 553 6049 491 1467 180 155088 5749 2581 3722 5671 2406 108 66 6.9999999999999991 26 1664 147 182
leaf_count=696879 186 3031 24509 111 952 4431 1061 10 1300 2500 108 189 553 6049 491 1467 180 155088 5749 2581 3722 5671 2406 108 66 7 26 1664 147 182
internal_value=2.57225e-12 -0.000267748 0.000948997 0.024428 0.0491946 -3.21743e-05 0.0058727 0.117851 -0.0197111 -0.0239379 -0.032748 -0.000141907 -0.00967109 -0.00327485 0.0156884 -0.0351711 0.000627251 -0.000261915 -0.0146925 -0.0127794 0.00462198 0.0116953 0.0199827 -0.00578165 0.0520683 -0.0999122 0.269501 -0.030292 -0.00785595 0.0715607
internal_weight=921424 718662 202762 2741 1174 710059 1567 222 8603 7303 4272 705137 8258 6602 4922 1656 200021 163605 8517 8330 36416 11907 8077 3830 359 187 36 4164 1208 293
internal_count=921424 718662 202762 2741 1174 710059 1567 222 8603 7303 4272 705137 8258 6602 4922 1656 200021 163605 8517 8330 36416 11907 8077 3830 359 187 36 4164 1208 293
is_linear=0
shrinkage=0.05


Tree=172
num_leaves=31
num_cat=0
split_feature=0 2 0 7 0 3 10 8 6 0 3 10 0 10 10 9 1 9 1 7 2 8 8 2 10 1 9 1 9 1
split_gain=92.253 143.942 1071.44 576.526 893.127 860.422 610.167 586.425 853.258 846.261 386.356 421.981 381.418 530.217 552.527 493.06 378.611 282.134 198.429 192.218 832.612 1438.13 570.893 692.4 501.692 342.696 180.621 163.842 258.176 182.757
threshold=12.500000000000002 0.73874773214847822 51.500000000000007 35.500000000000007 44.000000000000007 -0.60785761079279388 30.800000000000004 24.928571428571434 23.500000000000004 32.500000000000007 -1.0000000180025095e-35 22.950000000000003 51.500000000000007 17.300000000000001 31.600000000000005 0.39507225004483176 0.49999524036036719 0.43095328033437574 -0.96591663137137795 4.5000000000000009 -0.92387073784400886 4.0625000000000009 4.9285714285714297 -0.53545706213121769 31.850000000000005 0.67397850752516431 0.43382411857551112 -0.13052494970477649 0.41888841656062287 -0.58943521219697059
decision_type=2 2 2 10 2 2 2 2 10 2 2 2 2 2 2 2 2 2 2 8 2 2 2 2 2 2 2 2 2 2
left_child=-1 12 3 7 5 -5 -6 8 -3 -9 11 16 19 17 15 -15 -4 -14 -16 20 21 -2 23 -21 -22 -24 -19 29 -29 -12
right_child=1 2 10 4 6 -7 -8 9 -10 -11 27 -13 13 14 18 -17 -18 26 -20 22 24 -23 25 -25 -26 -27 -28 28 -30 -31
leaf_value=-0.00082949025518885854 0.0055699624566222378 0.0018789355631828237 -0.5800097902615865 -0.21591267870894326 -0.37285863890035736 0.11805765228001056 0.014679614135197231 -0.015463468338673314 -0.059958739390681984 0.06527572035600486 -0.024239434219068951 0.014427950136722571 0.39689962587186267 -0.10154860291299941 -0.030383626371622088 0.030370526571509966 -0.077608146965503694 -0.021010373427998271 0.28861262273903077 -0.025333922796259914 -0.00089465846210437191 0.04630752905738799 -0.001731044545921186 -0.0020540524731669763 0.012682100065035957 0.0016250421299558303 0.26671306490898133 -0.067783668414959988 -0.28288385338253447 -0.27152403528717434
leaf_weight=245784 28019 145018 5.9999999999999991 30 37 54 13.999999999999998 525 560 850 8.9999999999999982 83 13.999999999999998 79 5.9999999999999991 685 9.9999999999999982 12.000000000000002 26 5157 155355 2348 197322 8391 7116 123780 9.9999999999999982 62 18 44
leaf_count=245784 28019 145018 6 30 37 54 14 525 560 850 9 83 14 79 6 685 10 12 26 5157 155355 2348 197322 8391 7116 123780 10 62 18 44
internal_value=2.60748e-12 0.000301752 0.0016838 0.00185315 -0.101426 -0.00121747 -0.266476 0.00194803 0.00164106 0.034448 -0.105682 -0.0308952 -8.3628e-05 0.0337436 0.0252551 0.0167297 -0.266009 0.221433 0.228801 -0.000136983 0.00112038 0.00871982 -0.000861521 -0.0109155 -0.000300016 -0.000437324 0.109773 -0.161351 -0.116181 -0.229532
internal_weight=921424 675640 147320 147088 135 84 51 146953 145578 1375 232 99 528320 832 796 764 16 36 32 527488 192838 30367 334650 13548 162471 321102 22 133 80 53
internal_count=921424 675640 147320 147088 135 84 51 146953 145578 1375 232 99 528320 832 796 764 16 36 32 527488 192838 30367 334650 13548 162471 321102 22 133 80 53
is_linear=0
shrinkage=0.05


Tree=173
num_leaves=31
num_cat=0
split_feature=8 6 6 5 7 5 2 8 5 7 3 2 8 1 0 8 5 7 8 1 10 0 10 1 8 5 2 9 10 0
split_gain=93.3509 1305.37 760.666 425.99 889.365 488.151 385.388 276.755 268.605 242.817 488.206 365.262 239.509 328.43 243.627 229.291 229.24 222.492 324.801 214.111 204.566 198.869 254.541 184.138 182.727 254.761 178.222 185.348 172.551 577.626
threshold=4.6190476190476195 4.5000000000000009 4.5000000000000009 5.5000000000000009 4.5000000000000009 4.5000000000000009 -0.92387073784400886 4.3095238095238102 6.5000000000000009 4.5000000000000009 1.0000000180025095e-35 -0.95436844760270667 5.354166666666667 -0.87659322597609202 17.500000000000004 5.5357142857142865 1.0000000180025095e-35 6.5000000000000009 5.3095238095238102 0.17149884075797781 29.250000000000004 39.500000000000007 22.450000000000003 -0.53729960834682411 4.0625000000000009 3.5000000000000004 0.19504389580251666 0.39019162959296555 17.300000000000001 39.500000000000007
decision_type=2 10 8 10 8 10 2 2 10 10 2 2 2 2 2 2 8 8 2 2 2 2 2 2 2 10 2 2 2 2
left_child=1 7 3 4 5 15 -7 9 -9 24 19 -12 -5 -14 -15 -2 20 18 -6 -11 -4 26 -23 -19 -1 -26 -3 -28 29 -18
right_child=2 21 16 12 17 6 -8 8 -10 10 11 -13 13 14 -16 -17 28 23 -20 -21 -22 22 -24 -25 25 -27 27 -29 -30 -31
leaf_value=-0.00021871877943940859 0.087225601844892642 -0.03011946463920619 0.081528569828749689 -0.012819293671511002 0.011789856707856552 0.11604987133743011 0.024465405099765553 0.013515359848436923 -0.083162919952444847 0.0072535759093343422 -0.057574205218962296 -0.014936941794336304 -0.036276496635553872 -0.007820185879395614 0.044549650228362284 0.18131564435633749 -0.0053297646709796701 0.017572911050436752 0.10297750956971537 -0.013975995048437162 -0.21757404058395574 0.40059564908345524 0.033194319632920348 -0.037182240732933657 0.08318305281525265 0.0093319235211327036 0.02505266290484336 -0.017476951865847381 0.00038685420809538425 0.074549002854324323
leaf_weight=349262 407 3384 121 1161 870 137 711 4541 73 4320 579 3792 228 310 783 77 19343 252 110 1638 5.9999999999999991 6.0000000000000027 22 393 122 2728 274 3939 521606 229
leaf_count=349262 407 3384 121 1161 870 137 711 4541 73 4320 579 3792 228 310 783 77 19343 252 110 1638 6 6 22 393 122 2728 274 3939 521606 229
internal_value=-1.97052e-12 -0.000607941 0.000416618 0.0190219 0.0318418 0.062129 0.0392615 -0.000182576 0.0119858 -0.000337484 -0.00789366 -0.0205848 0.00374854 0.0183097 0.0296964 0.102194 0.000229673 0.00701566 0.0220252 0.00141705 0.0673977 -0.0210843 0.111923 -0.0157895 -0.000115828 0.0124933 -0.0215745 -0.014711 0.00021391 -0.00439515
internal_weight=921424 374680 546744 5439 2957 1332 848 367055 4614 362441 10329 4371 2482 1321 1093 484 541305 1625 980 5958 127 7625 28 645 352112 2850 7597 4213 541178 19572
internal_count=921424 374680 546744 5439 2957 1332 848 367055 4614 362441 10329 4371 2482 1321 1093 484 541305 1625 980 5958 127 7625 28 645 352112 2850 7597 4213 541178 19572
is_linear=0
shrinkage=0.05


Tree=174
num_leaves=31
num_cat=0
split_feature=7 8 1 5 9 0 8 6 0 9 6 5 1 7 8 2 1 1 8 4 3 8 6 2 10 8 7 6 8 0
split_gain=91.1478 809.943 1063.93 720.349 628.468 813.768 414.314 865.487 480.089 1101.62 478.123 390.87 363.418 410.464 548.815 360.243 356.509 356.041 340.157 311.718 308.347 290.088 714.657 427.303 377.814 452.405 347.05 283.675 296.563 274.218
threshold=23.500000000000004 23.380952380952383 -0.88599923532063174 24.500000000000004 0.39791423617225324 31.500000000000004 22.309523809523814 22.500000000000004 27.500000000000004 0.39310637691736899 28.500000000000004 24.500000000000004 -0.79334578813923284 22.500000000000004 21.845238095238098 -0.96591663137137795 0.27978639471677297 -0.98783682519954497 14.183333333333335 -0.22252093395631442 -0.60785761079279388 20.309523809523814 20.500000000000004 -0.99390493862718821 32.350000000000009 21.071428571428573 19.500000000000004 23.500000000000004 22.773809523809529 34.000000000000007
decision_type=10 2 2 10 2 2 2 10 2 2 10 10 2 10 2 2 2 2 2 2 2 2 10 2 2 2 8 10 2 2
left_child=6 2 18 4 5 -4 7 21 11 27 16 -8 29 -14 -15 -13 -11 -12 -2 -6 -17 22 -1 -24 26 -26 -23 -10 -29 -9
right_child=1 -3 3 -5 19 -7 8 12 9 10 17 15 13 14 -16 20 -18 -19 -20 -21 -22 24 23 -25 25 -27 -28 28 -30 -31
leaf_value=-4.0564290752647058e-08 0.45323872447013858 0.0003734956801870304 -0.022799290935358693 -0.39744998309761287 -0.062426464305582158 -0.17209542118902277 0.0062781074012446163 -0.026060036196811964 0.20503468600619171 0.048311565296610126 -0.46623557060956955 -0.49074070721864704 -0.055274152095861187 -0.28291574424167848 -0.061235039119245639 -0.18340731216415476 -0.00082909718383081168 -0.066890041487058627 0.037167319075420632 0.0069191557083085374 -0.023108936963208881 0.037087594379655524 -0.21927364146844908 -0.036299451393330344 0.046747425379175131 0.37791797876358035 0.0046591921461285315 -0.28585062623023988 0.10580555091130323 0.14160313933555568
leaf_weight=898015 4.9999999999999991 10162 155 15.999999999999998 342 222 1667 189 90 831 5.9999999999999991 4.9999999999999991 328 53 59 39 664 80 280 308 130 968 33 964 33 14.999999999999998 5587 4.9999999999999991 145 28
leaf_count=898015 5 10162 155 16 342 222 1667 189 90 831 6 5 328 53 59 39 664 80 280 308 130 968 33 964 33 15 5587 5 145 28
internal_value=5.17763e-12 -0.00442546 -0.0411476 -0.0645417 -0.0593552 -0.110714 5.58816e-05 -1.19388e-05 0.0168401 0.0350431 0.0198911 -0.00116521 -0.0573787 -0.0834939 -0.166138 -0.0724756 0.0264859 -0.0947514 0.0444668 -0.0295673 -0.0601009 2.96793e-05 -4.70129e-05 -0.0423558 0.0104715 0.150238 0.00944801 0.134857 0.0927503 -0.00442608
internal_weight=921424 11490 1328 1043 1027 377 909934 906272 3662 1821 1581 1841 657 440 112 174 1495 86 285 650 169 905615 899012 997 6603 48 6555 240 150 217
internal_count=921424 11490 1328 1043 1027 377 909934 906272 3662 1821 1581 1841 657 440 112 174 1495 86 285 650 169 905615 899012 997 6603 48 6555 240 150 217
is_linear=0
shrinkage=0.05


Tree=175
num_leaves=31
num_cat=0
split_feature=9 6 3 9 0 1 7 5 8 7 0 5 0 10 1 9 2 8 7 7 0 6 1 3 1 2 0 0 8 8
split_gain=89.7057 159.362 513.84 279.92 167.739 178.247 395.814 430.042 275.554 144.697 451.864 383.706 101.758 689.098 896.105 572.667 766.088 743.253 371.361 334.632 431.925 279.613 1053.05 741.79 599.357 478.53 531.878 349.855 282.152 263.355
threshold=0.39019162959296555 46.500000000000007 0.87837969732492682 0.38850994985953369 18.500000000000004 -0.64445579466475145 11.500000000000002 16.500000000000004 3.6904761904761911 34.500000000000007 39.500000000000007 28.500000000000004 37.000000000000007 17.100000000000005 0.36033438033905096 0.41864295063371665 -0.9914354235332985 28.071428571428573 35.500000000000007 1.5000000000000002 39.500000000000007 27.500000000000004 -0.60875563403867206 -1.0000000180025095e-35 -0.98055188006607052 -0.83251919187752454 32.500000000000007 34.000000000000007 27.071428571428573 37.535714285714292
decision_type=2 10 2 2 2 2 10 10 2 10 2 10 2 2 2 2 2 2 10 10 2 10 2 2 2 2 2 2 2 2
left_child=1 4 -3 -4 -1 9 8 -8 -7 10 -6 -11 21 14 19 16 17 -15 -18 -14 -21 -2 23 24 -23 28 -27 -25 -24 -17
right_child=12 2 3 -5 5 6 7 -9 -10 11 -12 -13 13 15 -16 29 18 -19 -20 20 -22 22 25 27 -26 26 -28 -29 -30 -31
leaf_value=-0.00019714743877388889 -0.0001267636575859024 0.15020912951893273 -0.063841414451599118 -0.5536693658147539 0.0035783909426931639 0.0028200914161959304 -0.035454609594401727 0.026463488499575763 0.040692432498326526 0.38059777021408081 -0.11953925423820813 0.029208862672466442 0.52504910400935578 0.11482788424207611 0.017107239834357253 -0.012683241970505792 0.01119907648219403 -0.070614522914261083 -0.020052925218918261 0.059595820551015893 0.26286746896803381 -0.30608427522981424 -0.19803379235306273 -0.012017280059651686 -0.10129902317319942 -0.022626103314229342 0.045860943934429167 -0.10275491428472204 -0.030771672287638108 0.057830444477525923
leaf_weight=24339 864993 9 5 7 11791 699 620 512 1535 7.9999999999999991 75 269 6.9999999999999991 298 224 5022 7250 66 1094 49 56 47 27 390 149 448 772 146 381 136
leaf_count=24339 864993 9 5 7 11791 699 620 512 1535 8 75 269 7 298 224 5022 7250 66 1094 49 56 47 27 390 149 448 772 146 381 136
internal_value=3.8547e-12 0.00231984 -0.135381 -0.349574 0.0023924 0.00645631 0.0166374 -0.00744925 0.0288425 0.00363414 0.00280022 0.0393573 -0.000104916 0.00409318 0.0748457 0.00237871 0.0101991 0.0812037 0.00710156 0.190322 0.168007 -0.000173656 -0.0173607 -0.06717 -0.150406 0.00503516 0.0207116 -0.0367331 -0.0418405 -0.010824
internal_weight=921424 39869 21 12 39848 15509 3366 1132 2234 12143 11866 277 881555 14202 336 13866 8708 364 8344 112 105 867353 2360 732 196 1628 1220 536 408 5158
internal_count=921424 39869 21 12 39848 15509 3366 1132 2234 12143 11866 277 881555 14202 336 13866 8708 364 8344 112 105 867353 2360 732 196 1628 1220 536 408 5158
is_linear=0
shrinkage=0.05


Tree=176
num_leaves=31
num_cat=0
split_feature=8 7 1 0 2 0 0 10 2 3 7 1 1 6 9 9 1 7 7 4 3 8 4 8 10 7 0 9 2 5
split_gain=89.7149 626.028 934.145 231.463 354.763 344.954 925.459 636.3 323.491 545.102 274.723 227.956 225.453 219.802 210.56 280.185 759.865 198.347 193.219 189.079 185.889 202.681 185.84 306.893 169.996 196.717 176.235 169.063 147.146 152.632
threshold=34.071428571428577 34.500000000000007 -0.83009552862669211 39.500000000000007 0.64111330583356219 47.500000000000007 44.000000000000007 31.850000000000005 0.49999524036036719 -0.60785761079279388 42.500000000000007 0.13052494970477632 0.29862368723992211 5.5000000000000009 0.38850994985953369 0.40810123971956253 0.29862368723992211 26.500000000000004 39.500000000000007 -0.22252093395631442 -1.0000000180025095e-35 29.226190476190478 0.81174490092936691 38.773809523809533 22.600000000000005 29.500000000000004 51.500000000000007 0.4116473869872454 -0.99390493862718821 33.500000000000007
decision_type=2 10 2 2 2 2 2 2 2 2 8 2 2 10 2 2 2 10 10 2 2 2 2 2 2 10 2 2 2 10
left_child=1 -1 13 8 22 6 18 -8 17 11 19 -10 -13 -3 -4 16 -16 -2 -6 -7 -15 -22 24 -24 25 -5 -26 -12 -19 -30
right_child=3 2 14 4 5 10 7 -9 9 -11 27 12 -14 20 15 -17 -18 28 -20 -21 21 -23 23 -25 26 -27 -28 -29 29 -31
leaf_value=-1.7616896772068231e-06 -0.29722662299871444 0.40282353162765505 0.0077980810938322034 -0.36892356475194277 -0.014701298335567117 -0.24046540786822637 -0.40367501342997836 0.050044770240783687 0.10405462036530172 0.13627694805306712 0.025493603795766831 -0.43314369544386877 -0.0051478606462478631 -0.23411543607711793 -0.16105274331593325 -0.029865919039325995 -0.73697571357091274 0.15598045630674615 0.31497369766235356 -0.021803673690763012 -0.21972444951534273 0.11385588461861891 -0.04412362498044968 -0.4549658155441284 0.0033607487941480943 -0.033211445063352586 0.049944204876226361 0.23671329617500306 0.20847243964672091 0.01153450232183722
leaf_weight=919067 4.9999999999999991 4.9999999999999991 23 6.0000000000000027 40 14.999999999999998 34 9.9999999999999982 6.0000000000000027 127 45 7.9999999999999982 5 4.9999999999999991 126 36 5.9999999999999991 19 4.9999999999999991 29 4.9999999999999991 51 50 4.9999999999999991 768 15.999999999999998 276 11.999999999999998 9.9999999999999982 609
leaf_count=919067 5 5 23 6 40 15 34 10 6 127 45 8 5 5 126 36 6 19 5 29 5 51 50 5 768 16 276 12 10 609
internal_value=2.29767e-12 -2.35802e-05 -0.0780496 0.0103228 -0.00255491 -0.0657326 -0.137502 -0.300557 0.0317203 0.0989083 -0.00249026 -0.150872 -0.26853 0.0841147 -0.134085 -0.15351 -0.187231 0.0164646 0.0219293 -0.0963474 0.057991 0.0840719 0.00815319 -0.0814729 0.0127774 -0.124769 0.0156759 0.0699609 0.018923 0.0147161
internal_weight=921424 919324 257 2100 1311 190 89 44 789 146 101 19 13 66 191 168 132 643 45 44 61 56 1121 55 1066 22 1044 57 638 619
internal_count=921424 919324 257 2100 1311 190 89 44 789 146 101 19 13 66 191 168 132 643 45 44 61 56 1121 55 1066 22 1044 57 638 619
is_linear=0
shrinkage=0.05


Tree=177
num_leaves=31
num_cat=0
split_feature=8 6 6 1 5 0 2 7 5 2 8 2 5 7 8 3 7 3 8 2 5 0 9 10 5 5 7 7 10 10
split_gain=88.876 1388.19 1031.68 378.27 441.901 354.474 353.432 298.378 396.816 324.195 250.047 265.467 248.315 243.702 801.279 379.779 241.875 482.621 461.356 333.084 322.736 296.633 290.797 204.935 201.965 188.687 222.159 187.168 168.529 148.27
threshold=8.4642857142857171 8.5000000000000018 8.5000000000000018 -0.60875563403867206 9.5000000000000018 17.500000000000004 -0.93186591997002521 8.5000000000000018 8.5000000000000018 0.9592521372885201 8.8660714285714306 -0.98101942973744338 1.5000000000000002 9.5000000000000018 9.8660714285714306 1.0000000180025095e-35 8.5000000000000018 1.0000000180025095e-35 8.071428571428573 -0.9914354235332985 8.5000000000000018 27.500000000000004 0.3959568799366931 28.450000000000003 6.5000000000000009 8.5000000000000018 8.5000000000000018 8.5000000000000018 29.000000000000004 29.550000000000001
decision_type=2 10 8 2 10 2 2 8 10 2 2 2 8 8 2 2 10 2 2 2 10 2 2 2 10 10 8 10 2 2
left_child=1 16 3 4 -2 -5 24 8 -7 -9 11 27 -12 15 -15 -14 18 23 29 21 -20 -19 -21 -18 -3 -13 -27 -4 -8 -1
right_child=2 6 10 5 -6 7 28 9 -10 -11 12 25 13 14 -16 -17 17 19 20 22 -22 -23 -24 -25 -26 26 -28 -29 -30 -31
leaf_value=-0.00036354976723904575 0.0207865941113166 -0.011817698080601714 0.011796546415022509 0.010311701316893292 -0.027396513271200004 0.12068279671982148 -0.016560693553532416 0.0028776455078207488 0.045967987623376401 0.067721984276716093 0.12354903700875074 0.0066036954125128266 0.00014534644734713964 -0.014002225901424921 0.00043668041244174964 0.0091333253517223503 0.0024296121377991933 -0.08022267566698979 0.029516257866805271 -0.028870144494384544 -0.0016616719846789874 0.22846931666135789 -0.0019030984127072364 -0.074857295317382652 -0.076465213369993762 -0.00079765225566254348 -0.022997628920469589 -0.05705600675307404 -0.041396778223359992 0.0022856041519646463
leaf_weight=532208 1411 161 127 1346 718 207 3924 700 1256 266 41 2011 29634 10011 238974 19478 6076 286 2239 2215 1319 7.9999999999999991 1822 87 484 2271 2237 443 827 58637
leaf_count=532208 1411 161 127 1346 718 207 3924 700 1256 266 41 2011 29634 10011 238974 19478 6076 286 2239 2215 1319 8 1822 87 484 2271 2237 443 827 58637
internal_value=1.29993e-12 -0.000350619 0.000687749 0.0213896 0.00453696 0.0308941 -0.0255988 0.0422995 0.0565394 0.0207333 0.000287313 -0.00899348 0.000507988 0.000491065 -0.000143868 0.00371001 -0.000125392 -0.00765018 7.45627e-06 -0.0204412 0.0179582 -0.0718229 -0.0166992 0.00133859 -0.0603284 -0.0061324 -0.0118139 -0.0417152 -0.0208839 -0.000100641
internal_weight=921424 610293 311131 5904 2129 3775 5396 2429 1463 966 305227 7089 298138 298097 248985 49112 604897 10494 594403 4331 3558 294 4037 6163 645 6519 4508 570 4751 590845
internal_count=921424 610293 311131 5904 2129 3775 5396 2429 1463 966 305227 7089 298138 298097 248985 49112 604897 10494 594403 4331 3558 294 4037 6163 645 6519 4508 570 4751 590845
is_linear=0
shrinkage=0.05


Tree=178
num_leaves=31
num_cat=0
split_feature=0 8 1 8 6 7 5 0 2 1 7 2 8 3 0 2 2 0 10 0 0 7 2 3 1 8 8 0 0 1
split_gain=86.5523 118.724 107.368 86.2639 1125.56 606.999 1254.64 1091.12 548.367 249.079 429.924 265.558 406.204 258.885 248.723 235.568 231.95 465.523 2451.76 304.922 282.157 205.619 985.814 618.826 507.506 297.605 187.692 182.206 172.109 164.987
threshold=10.500000000000002 4.0625000000000009 0.55364818547156358 1.5357142857142858 1.5000000000000002 2.5000000000000004 1.5000000000000002 34.000000000000007 -0.96591663137137795 -0.64278760968653914 1.5000000000000002 -0.90538146624550886 1.0714285714285716 1.0000000180025095e-35 21.500000000000004 -0.738747732148478 0.045798757943340172 44.000000000000007 31.250000000000004 19.500000000000004 24.500000000000004 1.5000000000000002 -0.99913862891129024 1.0000000180025095e-35 -0.88599923532063174 1.8660714285714288 1.0714285714285716 14.500000000000002 39.500000000000007 0.21430864304727468
decision_type=2 2 2 2 8 10 10 2 2 2 10 2 2 2 2 2 2 2 2 2 2 8 2 2 2 2 2 2 2 2
left_child=1 -1 -3 9 5 6 7 -5 -8 16 11 12 -11 26 -15 -7 17 28 -19 27 -21 22 23 -6 -24 -23 -12 -18 -2 -17
right_child=3 2 -4 4 21 15 8 -9 -10 10 13 -13 -14 14 -16 29 19 18 -20 20 -22 25 24 -25 -26 -27 -28 -29 -30 -31
leaf_value=-0.0015918614802454278 -0.0012803536752296495 -0.020058019016818834 -0.00074180439739408898 0.070078451717134102 -0.051446025376208127 -0.040752190272747117 0.081446793387023111 0.37123330451788439 0.010842026758022394 0.002307112726829303 0.0086339896797639742 -0.0026789729188260065 0.03704511430283073 -0.016134130462190789 -0.046731760122488732 0.012795099325130009 -0.0026006287781989101 -0.063744612430271338 1.0956373552481333 0.039898858265843884 -0.0019211760551511945 -0.0127640077525666 -0.01553853133965538 0.19999264351880322 0.011281148538729358 8.1212061991239312e-05 -0.01439477677834694 0.0082783847606873236 -0.2087566113471985 -0.027555107868637047
leaf_weight=14001 22425 1843 1180 1010 32 330 300 31 3301 17520 1572 80854 884 2940 858 1386 6057 19.000000000000004 5.9999999999999991 1206 606 4537 2268 104 7936 735317 2024 10557 9.9999999999999982 310
leaf_count=14001 22425 1843 1180 1010 32 330 300 31 3301 17520 1572 80854 884 2940 858 1386 6057 19 6 1206 606 4537 2268 104 7936 735317 2024 10557 10 310
internal_value=6.08036e-13 -0.00353207 -0.0125181 6.6486e-05 0.000282086 0.0207341 0.0307004 0.0790466 0.0167241 -0.00103953 -0.00231153 -0.00144509 0.00397568 -0.0139427 -0.0230464 -0.00210084 0.00227853 -0.00113254 0.214507 0.00643638 0.0259127 0.000100301 0.0071024 0.140831 0.00532005 2.44144e-06 -0.0043277 0.0043122 -0.00137283 0.00541977
internal_weight=921424 17024 3023 904400 756862 6668 4642 1041 3601 147538 106652 99258 18404 7394 3798 2026 40886 22460 25 18426 1812 750194 10340 136 10204 739854 3596 16614 22435 1696
internal_count=921424 17024 3023 904400 756862 6668 4642 1041 3601 147538 106652 99258 18404 7394 3798 2026 40886 22460 25 18426 1812 750194 10340 136 10204 739854 3596 16614 22435 1696
is_linear=0
shrinkage=0.05


Tree=179
num_leaves=31
num_cat=0
split_feature=8 6 6 2 1 7 0 10 3 7 7 1 5 9 7 0 8 2 1 5 9 2 0 2 2 3 3 8 6 5
split_gain=85.2566 1379.21 869.096 491.499 403.786 391.752 346.721 305.876 283.82 414.588 235.932 220.64 200.914 193.004 860.072 929.82 614.202 545.812 546.707 291.277 249.314 690.88 1142.65 700.678 336.908 819.393 286.207 187.947 246.816 184.208
threshold=18.366666666666671 18.500000000000004 18.500000000000004 0.96591663137137818 -0.90722548043086537 18.500000000000004 23.500000000000004 29.250000000000004 1.0000000180025095e-35 26.500000000000004 34.500000000000007 -0.88599923532063174 25.500000000000004 0.3942795392222806 22.500000000000004 30.000000000000004 19.690476190476193 0.46368156678007261 -0.28186850698112392 21.500000000000004 0.41015917108186789 -0.98518190603514266 39.500000000000007 0.045798757943340172 -0.64445579466475167 1.0000000180025095e-35 -0.60785761079279388 18.071428571428573 17.500000000000004 16.500000000000004
decision_type=2 10 8 2 2 10 2 2 2 10 10 2 10 2 10 2 2 2 2 10 2 2 2 2 2 2 2 2 10 10
left_child=1 10 6 4 29 -6 -2 -7 -8 11 12 -10 27 14 15 -4 -17 18 -16 -19 21 22 -15 -23 25 -22 -26 28 -1 -3
right_child=2 3 13 -5 5 7 8 -9 9 -11 -12 -13 -14 20 17 16 -18 19 -20 -21 24 23 -24 -25 26 -27 -28 -29 -30 -31
leaf_value=4.6058101879575772e-05 0.014768958371422614 0.07341486481921887 0.017724468576888298 0.017082614157418474 -0.039002707276480253 -0.077673384320418121 0.035097584859198651 -0.16671436746299517 0.015879835148693108 -0.24136516675353051 0.31353120058774953 0.12049669909001939 -0.26787671617099218 -0.11630304744246484 0.010015225374121537 -0.0057748640652256784 0.13803127423831912 -0.11219379621924777 -0.12500234053295572 -0.030705364121932227 0.0044097105789439785 0.013671488708963559 0.10264517034630519 -0.015312994153252305 -0.0025773562725922359 -0.037260038808353088 0.01375097176189799 0.020622475673541672 -0.0092066548133132118 -0.022876266324116538
leaf_weight=877850 843 67 1866 281 642 509 484 119 61 8.9999999999999982 5.9999999999999991 290 6.9999999999999991 306 1933 99 297 132 78 648 4217 3264 74 5773 4342 1638 7027 1103 7267 192
leaf_count=877850 843 67 1866 281 642 509 484 119 61 9 6 290 7 306 1933 99 297 132 78 648 4217 3264 74 5773 4342 1638 7027 1103 7267 192
internal_value=5.4948e-12 -9.32475e-05 0.00248069 -0.0436949 -0.0548646 -0.0664681 0.0374498 -0.0945458 0.0601039 0.0937234 -4.19756e-06 0.102315 -6.32028e-06 0.000619356 0.00957847 0.0324922 0.10208 -0.00899226 0.00477834 -0.0444957 -0.00107992 -0.00762145 -0.0736658 -0.00484433 0.00249657 -0.00724786 0.00751493 -4.20445e-06 -2.99087e-05 0.00203302
internal_weight=921424 888043 33381 1810 1529 1270 1687 628 844 360 886233 351 886227 31694 5053 2262 396 2791 2011 780 26641 9417 380 9037 17224 5855 11369 886220 885117 259
internal_count=921424 888043 33381 1810 1529 1270 1687 628 844 360 886233 351 886227 31694 5053 2262 396 2791 2011 780 26641 9417 380 9037 17224 5855 11369 886220 885117 259
is_linear=0
shrinkage=0.05


Tree=180
num_leaves=31
num_cat=0
split_feature=8 6 8 6 2 0 2 8 5 7 7 1 3 5 7 8 5 1 2 5 8 0 0 9 2 7 8 8 0 0
split_gain=85.0194 1214.03 547.47 434.482 441.158 601.347 368.608 313.031 297.456 382.927 295.422 419.655 300.053 292.447 450.329 274.829 438.111 258.913 251.68 243.527 239.3 224.621 185.253 184.076 183.857 222.886 945.333 527.54 208.45 181.455
threshold=6.8660714285714297 6.5000000000000009 6.3809523809523823 6.5000000000000009 -0.95436844760270667 21.500000000000004 -0.95436844760270667 6.5357142857142865 6.5000000000000009 6.5000000000000009 6.5000000000000009 -0.72225394252948527 1.0000000180025095e-35 7.5000000000000009 7.5000000000000009 6.0625000000000009 6.5000000000000009 -0.77836700843141071 -0.9474464830022985 1.0000000180025095e-35 7.3095238095238102 39.500000000000007 16.500000000000004 0.42131438948025418 0.98783682519954519 8.5000000000000018 8.8660714285714306 8.071428571428573 15.500000000000002 26.000000000000004
decision_type=2 10 2 8 2 2 2 2 8 10 10 2 2 10 8 2 10 2 2 8 2 2 2 2 2 8 2 2 2 2
left_child=1 2 10 4 5 -2 23 -8 9 18 15 21 -13 14 20 -1 -17 -15 -4 -5 -6 -12 -19 -3 25 27 -27 -21 -26 -30
right_child=3 6 8 19 13 -7 7 -9 -10 -11 11 12 -14 17 -16 16 -18 22 -20 24 -22 -23 -24 -25 28 26 -28 -29 29 -31
leaf_value=-0.00011403449945457446 0.015439535294819602 -0.052377368458183915 0.14975691633895996 0.10197314953399927 0.042946806808896856 0.16411248116443555 -0.020877492613066338 -0.004654754473013163 0.0073518872101592655 0.016484657822701386 0.0062448779117735857 -0.0054538709044509521 -0.025268102957093648 -0.032998064914407092 0.00014263464028465908 0.025888829938395322 -0.013920016718296464 -0.018666145268358681 0.053355778444831387 0.00054650897811352162 0.11633952148232077 0.15112344835091521 0.024130242339726986 -0.009520451701654678 -0.00044358361208412568 -0.012933625457237849 0.00011934500642899739 0.010308731037101844 0.013642746626882796 -0.0039253774188582414
leaf_weight=478593 157 937 78 59 304 120 5877 6019 2977 1140 2932 4143 3546 419 451 2368 976 349 513 79782 175 27 918 342 8380 14597 278872 16743 7820 1810
leaf_count=478593 157 937 78 59 304 120 5877 6019 2977 1140 2932 4143 3546 419 451 2368 976 349 513 79782 175 27 918 342 8380 14597 278872 16743 7820 1810
internal_value=-2.9505e-12 -0.000430936 -3.40472e-05 0.000535286 0.0198437 0.0798466 -0.0154116 -0.0126693 0.0169354 0.0334171 -0.000196236 -0.00843405 -0.0145918 0.0134902 0.0359995 -1.42286e-05 0.01427 0.00107407 0.0660788 0.000398397 0.0697604 0.00756685 0.0123418 -0.0409176 0.000383709 0.000155619 -0.000529903 0.00223984 0.00532283 0.0103407
internal_weight=921424 510468 497293 410956 2893 277 13175 11896 4708 1731 492585 10648 7689 2616 930 481937 3344 1686 591 408063 479 2959 1267 1279 408004 389994 293469 96525 18010 9630
internal_count=921424 510468 497293 410956 2893 277 13175 11896 4708 1731 492585 10648 7689 2616 930 481937 3344 1686 591 408063 479 2959 1267 1279 408004 389994 293469 96525 18010 9630
is_linear=0
shrinkage=0.05


Tree=181
num_leaves=31
num_cat=0
split_feature=8 7 3 10 0 0 10 3 2 10 5 10 7 10 8 6 2 7 3 0 10 4 9 1 7 8 8 0 3 9
split_gain=83.7684 388.854 715.342 660.159 445.825 600.54 578.324 437.927 415.824 574.154 369.172 329.919 218.004 197.348 184.765 583.376 703.881 548.112 253.59 242.024 610.375 1253.47 395.127 379.031 208.03 917.135 232.987 199.66 158.2 245.89
threshold=37.535714285714292 35.500000000000007 -1.0000000180025095e-35 24.100000000000005 39.500000000000007 40.500000000000007 32.550000000000004 0.6078576107927941 0.60875563403867183 26.600000000000005 28.500000000000004 32.050000000000004 26.500000000000004 25.800000000000004 31.071428571428573 31.500000000000004 -0.9404343180211393 29.500000000000004 1.0000000180025095e-35 37.000000000000007 17.500000000000004 0.81174490092936691 0.42761828162329901 -0.043619387365335778 27.500000000000004 26.071428571428573 23.380952380952383 51.500000000000007 0.87837969732492682 0.39060530122965059
decision_type=2 10 2 2 2 2 2 2 2 2 10 2 8 2 2 10 2 10 2 2 2 2 2 2 10 2 2 2 2 2
left_child=1 14 3 -3 10 6 -6 -7 13 -10 -4 -12 -2 -5 15 24 18 -18 -17 20 21 -16 27 -22 26 -26 -1 -21 -14 -30
right_child=12 2 4 8 5 7 -8 -9 9 -11 11 -13 28 -15 19 16 17 -19 -20 22 23 -23 -24 -25 25 -27 -28 -29 29 -31
leaf_value=-2.9068649022215206e-05 -0.18951596434299764 -0.35887336730957031 0.39197082860129223 -0.16423008396075323 -0.16758579955819775 0.10193093762714037 -0.74350730895996098 -0.077285107243473511 -0.09049540651129917 -0.44578739528854688 0.037620592816767606 -0.21205206470830099 0.024368192228050718 0.055880714469450588 0.0029673403749863299 -0.23161890149116521 0.10978158425282816 -0.14872660904058388 -0.71375719706217433 0.047578233184300545 -0.034026336371122554 -0.88214321136474616 -0.058758936404577793 0.030574241530075597 -0.084815972494677871 -0.0017144210391533609 0.010656509618945464 -0.031274005154740402 -0.10839415270774092 0.021930472519290582
leaf_weight=909829 12.999999999999998 27 6.9999999999999991 12.999999999999998 34 49 4.9999999999999991 112 47 14.999999999999998 241 13.999999999999998 906 47 12.000000000000002 4.9999999999999982 29 70 6 915 408 5.9999999999999991 111 512 390 2233 5130 88 61 89
leaf_count=909829 13 27 7 13 34 49 5 112 47 15 241 14 906 47 12 5 29 70 6 915 408 6 111 512 390 2233 5130 88 61 89
internal_value=2.94494e-12 -1.62477e-05 -0.039891 -0.135156 -0.00916697 -0.0653838 -0.241422 -0.0227411 -0.085645 -0.176453 0.0337467 0.0239131 0.0139884 0.00819004 1.02417e-05 -2.32692e-05 -0.115162 -0.073002 -0.494603 0.014997 -0.0037164 -0.29207 0.0307538 0.00192529 -9.46633e-06 -0.0140704 3.08433e-05 0.04066 0.0164937 -0.0310682
internal_weight=921424 920355 611 149 462 200 39 161 122 62 262 255 1069 60 919744 917692 110 99 11 2052 938 18 1114 920 917582 2623 914959 1003 1056 150
internal_count=921424 920355 611 149 462 200 39 161 122 62 262 255 1069 60 919744 917692 110 99 11 2052 938 18 1114 920 917582 2623 914959 1003 1056 150
is_linear=0
shrinkage=0.05


Tree=182
num_leaves=31
num_cat=0
split_feature=8 6 6 2 7 5 8 0 3 0 8 10 7 3 2 1 2 0 0 5 2 7 5 8 7 5 7 8 6 8
split_gain=81.7807 1126.11 789.281 556.431 324.765 566.825 443.555 259.651 322.6 232.45 189.626 182.244 159.427 377.628 340.455 236.288 169.606 594.119 223.358 154.843 146.614 145.223 453.952 144.07 187.819 183.199 157.888 724.053 634.803 560.796
threshold=3.5857142857142863 3.5000000000000004 3.5000000000000004 -0.99913862891129024 5.5000000000000009 3.5000000000000004 4.6190476190476195 21.500000000000004 0.6078576107927941 17.500000000000004 3.3095238095238098 19.950000000000003 3.5000000000000004 1.0000000180025095e-35 -0.55543802234893469 0.15210021706137414 -0.96591663137137795 44.000000000000007 39.500000000000007 6.5000000000000009 -0.38267978949462711 3.5000000000000004 3.5000000000000004 3.9285714285714293 3.5000000000000004 3.5000000000000004 5.5000000000000009 5.8660714285714297 5.5000000000000009 5.1833333333333345
decision_type=2 10 8 2 10 10 2 2 2 2 2 2 10 2 2 2 2 2 2 10 2 10 8 2 10 10 8 2 10 2
left_child=1 10 3 7 5 6 -5 -2 -9 -7 12 -6 16 15 -15 -14 17 -1 -18 21 -3 22 -12 24 -4 -26 29 28 -28 -25
right_child=2 20 23 4 11 9 -8 8 -10 -11 19 -13 13 14 -16 -17 18 -19 -20 -21 -22 -23 -24 26 25 -27 27 -29 -30 -31
leaf_value=0.0043204410217036558 0.056096499289075535 -0.03163230253602043 0.0033740635223373488 0.047263835451640375 -0.12269696229247047 -0.0010504744024384743 0.16916140925775214 0.15198650548332615 0.49223000136288714 0.024474977015218335 0.042874219947035379 -0.0048402746582137147 0.0080999896555113311 -0.036585699507339961 -0.0072283428271562936 -0.014836851972831465 -0.00058437112308041834 -0.18618277558466284 0.025118675506876933 -0.1454727965872735 -0.015736530942584471 -0.0011297035657584773 0.0020297953959362391 0.00044629045391966754 0.0024063239518935086 -0.021181625602791437 -0.0017780911123613634 0.00020219081527242727 -0.021033411737480634 0.0099746651507032283
leaf_weight=22950 24 2002 2520 830 34 1490 82 19 11.000000000000002 2222 1080 930 4145 1540 2753 1540 258268 41 848 15.999999999999998 5267 1732 1838 107162 1175 2749 9801 462714 7599 18042
leaf_count=22950 24 2002 2520 830 34 1490 82 19 11 2222 1080 930 4145 1540 2753 1540 258268 41 848 16 5267 1732 1838 107162 1175 2749 9801 462714 7599 18042
internal_value=6.65997e-12 -0.000671273 0.000330546 0.0189461 0.0174025 0.0229062 0.0582239 0.178678 0.276742 0.014229 -0.000195006 -0.00899705 -0.000354756 -0.00656604 -0.0177595 0.00188667 -0.000135066 0.00398072 -0.000500254 0.00980512 -0.0201145 0.0103394 0.017147 0.000158863 -0.00727781 -0.0141185 0.000238032 -0.000174341 -0.0101874 0.00181934
internal_weight=921424 304020 617404 5642 5588 4624 912 54 30 3712 296751 964 292085 9978 4293 5685 282107 22991 259116 4666 7269 4650 2918 611762 6444 3924 605318 480114 17400 125204
internal_count=921424 304020 617404 5642 5588 4624 912 54 30 3712 296751 964 292085 9978 4293 5685 282107 22991 259116 4666 7269 4650 2918 611762 6444 3924 605318 480114 17400 125204
is_linear=0
shrinkage=0.05


Tree=183
num_leaves=31
num_cat=0
split_feature=9 0 0 0 2 0 2 8 6 7 8 0 5 6 3 0 2 7 9 1 0 2 5 5 8 6 1 8 7 2
split_gain=79.4857 102.963 141.717 460.368 452.734 408.526 501.649 287.376 190.885 96.4048 379.596 200.156 91.4973 743.428 278.579 80.2412 95.9308 108.224 91.6583 80.7898 485.292 804.983 413.595 405.61 938.143 343.688 323.085 305.836 1053.82 953.043
threshold=0.38850994985953369 17.500000000000004 31.500000000000004 32.500000000000007 0.67719547657430124 30.000000000000004 0.67719547657430124 4.9285714285714297 20.500000000000004 13.500000000000002 16.937500000000004 27.500000000000004 24.500000000000004 24.500000000000004 0.87837969732492682 9.5000000000000018 -0.95990363414299973 3.5000000000000004 0.41652205830590799 -0.55543802234893536 51.500000000000007 0.13052494970477621 33.500000000000007 1.0000000180025095e-35 0.61904761904761918 27.500000000000004 -0.70710005003962695 1.5982142857142858 1.5000000000000002 -0.99913862891129024
decision_type=2 2 2 2 2 2 2 2 10 10 2 2 10 10 2 2 2 10 2 2 2 2 10 10 2 10 2 2 8 2
left_child=1 -1 5 4 -4 9 -7 -8 -6 11 -11 -3 13 -5 -14 16 17 -2 -19 20 23 22 -22 24 -17 -25 -23 -21 29 -29
right_child=15 2 3 12 8 6 7 -9 -10 10 -12 -13 14 -15 -16 19 -18 18 -20 27 21 26 -24 25 -26 -27 -28 28 -30 -31
leaf_value=0.00028731836471336953 -0.0078053571070714175 0.01084690320956092 -0.023314833381410802 0.0010014565493064848 -0.11889714818625224 0.004092474211054512 -0.063100475193932651 0.22542626037602387 -0.32531485855579378 -0.027598550979822101 0.020161905322180165 0.090658852362539621 0.051888874218686411 -0.40104228879014658 -0.058957260758861124 0.002278696425616841 -0.0024278940585279194 -0.063229295952967002 -0.0134837596896994 -0.0021934517535339201 0.11213270256994293 0.19766883530160961 -0.063290924512382066 -0.0012420335517621455 0.037498722754388022 -0.02070903914161934 0.00022356882691383363 0.14032108429703655 0.00052105316920074006 0.017242174718985259
leaf_weight=11025 1015 4348 66 275 21 79 9.9999999999999982 63 24 770 905 80 223 11.999999999999998 76 18269 13264 193 178 103471 48 102 112 228545 2109 2290 26 161 526849 6815
leaf_count=11025 1015 4348 66 275 21 79 10 63 24 770 905 80 223 12 76 18269 13264 193 178 103471 48 102 112 228545 2109 2290 26 161 526849 6815
internal_value=4.51185e-12 0.00329213 0.0080574 -0.0133283 -0.106695 0.0104404 0.0914089 0.185902 -0.228987 0.00842384 -0.00179365 0.0122889 0.00435727 -0.0158087 0.0237139 -6.55077e-05 -0.00373579 -0.0162524 -0.0393622 -5.0105e-06 -0.000763846 0.0641035 -0.0106638 -0.000838213 0.00592376 -0.00143516 0.157563 0.000294455 0.000776684 0.0200827
internal_weight=921424 17977 6952 697 111 6255 152 73 45 6103 1675 4428 586 287 299 903447 14650 1386 371 888797 251501 288 160 251213 20378 230835 128 637296 533825 6976
internal_count=921424 17977 6952 697 111 6255 152 73 45 6103 1675 4428 586 287 299 903447 14650 1386 371 888797 251501 288 160 251213 20378 230835 128 637296 533825 6976
is_linear=0
shrinkage=0.05


Tree=184
num_leaves=31
num_cat=0
split_feature=8 7 6 2 10 7 5 6 7 1 6 8 4 8 10 7 2 0 5 9 0 2 8 0 6 0 2 0 0 1
split_gain=82.5722 829.091 600.829 511.064 697.811 390.519 358.172 332.877 352.889 640.338 305.892 577.363 429.937 369.284 281.24 231.996 227.133 238.184 234.861 278.098 225.784 219.02 185.067 648.873 511.237 181.319 910.478 1218.84 251.06 390.223
threshold=29.226190476190478 29.500000000000004 29.500000000000004 -0.95436844760270667 22.300000000000001 31.500000000000004 25.500000000000004 5.5000000000000009 37.500000000000007 -0.46174861323503386 28.500000000000004 27.690476190476193 -0.56174490092936669 28.690476190476193 32.550000000000004 21.500000000000004 0.49999524036036719 40.500000000000007 31.500000000000004 0.3970344111266742 34.000000000000007 0.21643961393810271 26.071428571428573 32.500000000000007 26.500000000000004 44.000000000000007 0.65918890865109991 47.500000000000007 37.000000000000007 0.55364818547156358
decision_type=2 10 10 2 2 10 10 10 10 2 10 2 2 2 2 10 2 2 10 2 2 2 2 2 10 2 2 2 2 2
left_child=1 10 16 4 -3 -6 -4 -5 14 -10 13 15 -13 22 -9 -12 17 18 -2 -20 -17 -14 24 -24 -1 28 -27 -28 29 -8
right_child=2 3 6 7 5 -7 25 8 9 -11 11 12 21 -15 -16 20 -18 -19 19 -21 -22 -23 23 -25 -26 26 27 -29 -30 -31
leaf_value=2.3338005747538121e-06 0.045334442945257312 -0.033537481295374726 0.3599230615688222 0.36036529779434207 -0.20572630427777763 -0.6091074585914612 -0.02698897035272417 -0.048519926094364701 -0.63166048186165946 0.072256780664126094 0.026075362589429409 0.088494631055578157 -0.078209181759416713 0.11740568928601247 0.20711661035364326 -0.11953668111651126 0.14523311082313781 0.17253865183427419 0.0086993702997763926 -0.3718823999166489 -0.28992217285879729 0.002651479328326749 -0.0092393508000548855 0.050404166769843939 -0.076929385821050453 0.0042795859976980091 -0.31983108638592489 -0.034703317442472327 0.019335157446585718 0.025639402975183585
leaf_weight=913314 93 26 6.9999999999999991 4.9999999999999991 12.000000000000002 11.999999999999998 961 491 7 5.9999999999999982 17 85 166 67 10.999999999999998 59 93 29 12.000000000000002 7.9999999999999991 29 169 1090 784 216 939 53 128 1979 556
leaf_count=913314 93 26 7 5 12 12 961 491 7 6 17 85 166 67 11 59 93 29 12 8 29 169 1090 784 216 939 53 128 1979 556
internal_value=-1.32091e-12 -3.44591e-05 0.00650145 -0.060318 -0.213 -0.407417 0.00253695 -0.045637 -0.0495788 -0.306776 3.05372e-06 -0.0381518 -0.0119347 2.49346e-05 -0.0429183 -0.14302 0.0844925 0.0447117 0.0119065 -0.143533 -0.175686 -0.0374168 1.63433e-05 0.0157129 -1.58564e-05 0.00199498 -0.015513 -0.118194 0.00760394 -0.0077
internal_weight=921424 916566 4858 570 50 24 4623 520 515 13 915996 525 420 915471 502 105 235 142 113 20 88 335 915404 1874 913530 4616 1120 181 3496 1517
internal_count=921424 916566 4858 570 50 24 4623 520 515 13 915996 525 420 915471 502 105 235 142 113 20 88 335 915404 1874 913530 4616 1120 181 3496 1517
is_linear=0
shrinkage=0.05


Tree=185
num_leaves=31
num_cat=0
split_feature=8 6 6 1 8 6 8 8 10 0 6 1 2 5 7 10 6 9 2 0 3 10 5 7 2 9 2 5 7 2
split_gain=78.7837 1376.53 793.789 346.175 246.485 289.343 481.997 462.402 407.624 356.994 254.788 250.63 235.715 549.479 386.104 282.618 236.742 233.96 229.118 193.979 255.879 193.271 186.811 185.056 264.082 235.328 180.575 172.678 304.749 227.65
threshold=16.183333333333337 16.500000000000004 16.500000000000004 -0.94043431802113941 16.937500000000004 17.500000000000004 17.535714285714288 17.535714285714288 31.850000000000005 23.500000000000004 17.500000000000004 -0.99143542353329861 -0.95436844760270667 14.500000000000002 14.500000000000002 29.000000000000004 19.500000000000004 0.3942795392222806 -0.99913862891129024 30.000000000000004 -0.8783796973249266 17.300000000000001 20.500000000000004 26.500000000000004 -0.25881658133175123 0.39806241913767554 -0.9474464830022985 16.500000000000004 15.500000000000002 -0.4999952403603673
decision_type=2 10 8 2 2 8 2 2 2 2 10 2 2 10 10 2 10 2 2 2 2 2 10 10 2 2 2 10 10 2
left_child=1 27 19 -3 10 7 8 26 -7 -9 21 -12 13 16 -15 22 -5 -8 -13 -2 -21 -4 -14 25 -25 -22 -6 -1 29 -29
right_child=2 3 4 12 5 6 17 9 -10 -11 11 18 15 14 -16 -17 -18 -19 -20 20 23 -23 -24 24 -26 -27 -28 28 -30 -31
leaf_value=7.9952312839662717e-06 0.020480448115544558 0.013769094231029453 -0.083249156582581862 -0.018335262738298951 0.030199088382859698 -0.023065858765470831 0.0099381664969372587 0.01632366971674229 -0.15721495846065425 0.075506056516917913 0.085775614498804012 -0.28746367946267126 -0.035137589980794408 0.030286274613304572 -0.19952468893628705 -0.092471696634167516 0.27212204113602639 -0.0008565628159829102 -0.046019856114822261 -0.037715717382840262 0.12333287604463597 -0.0038127864531222848 0.22385558230536329 0.059026910364627844 -0.40418610811233524 0.046588108393904461 0.0019247025259935104 0.032008429543746934 -0.067575423565972598 -0.019383399093135217
leaf_weight=863273 2692 247 79 57 639 1408 5875 598 59 444 36 9.9999999999999982 1300 22 108 243 7.9999999999999991 34469 564 67 150 2491 6.9999999999999991 7.9999999999999991 4.9999999999999991 299 4856 286 250 874
leaf_count=863273 2692 247 79 57 639 1408 5875 598 59 444 36 10 1300 22 108 243 8 34469 564 67 150 2491 7 8 5 299 4856 286 250 874
internal_value=-1.00858e-11 -0.000116203 0.00183949 -0.0416325 0.000334246 0.00122113 -0.000308305 0.0110035 -0.0284611 0.0415415 -0.0131498 -0.0421999 -0.0494745 -0.101285 -0.160634 -0.0429565 0.0174133 0.000715394 -0.0502262 0.0259197 0.0535994 -0.0062546 -0.0337505 0.0668421 -0.119132 0.0722267 0.00521266 -2.05607e-05 -0.0175039 -0.00671266
internal_weight=921424 866675 54749 1992 51528 48348 41811 6537 1467 1042 3180 610 1745 195 130 1550 65 40344 574 3221 529 2570 1307 462 13 449 5495 864683 1410 1160
internal_count=921424 866675 54749 1992 51528 48348 41811 6537 1467 1042 3180 610 1745 195 130 1550 65 40344 574 3221 529 2570 1307 462 13 449 5495 864683 1410 1160
is_linear=0
shrinkage=0.05


Tree=186
num_leaves=31
num_cat=0
split_feature=6 8 8 6 1 7 5 10 0 2 9 9 2 5 2 9 9 5 0 7 8 10 7 1 10 9 1 3 0 0
split_gain=75.0287 801.652 455.789 994.031 518.583 410.539 400.887 385.925 370.912 442.922 353.996 309.218 290.808 269.176 251.93 328.101 231.802 366.212 210.484 210.181 375.536 209.544 208.61 234.489 283.573 192.764 189.537 387.147 353.343 572.784
threshold=22.500000000000004 22.062500000000004 22.773809523809529 23.500000000000004 -0.79334578813923284 21.500000000000004 22.500000000000004 17.300000000000001 27.500000000000004 -0.44024608842882823 0.42385313782111006 0.39269480739299512 0.3007057995042734 15.500000000000002 -0.9914354235332985 0.4119135098331172 0.4116473869872454 26.500000000000004 26.000000000000004 22.500000000000004 21.845238095238098 28.250000000000004 26.500000000000004 -0.97167097301693806 26.600000000000005 0.39527678915676451 0.60875563403867206 -0.60785761079279388 27.500000000000004 26.000000000000004
decision_type=8 2 2 10 2 10 10 2 2 2 2 2 2 8 2 2 2 10 2 10 2 2 10 2 2 2 2 2 2 2
left_child=1 22 3 7 12 18 -7 10 14 16 -2 -11 -5 -4 15 -3 17 -10 -6 -9 -21 -14 -1 -24 -25 -13 28 -28 29 -15
right_child=2 8 13 4 5 6 -8 19 9 11 -12 25 21 26 -16 -17 -18 -19 -20 20 -22 -23 23 24 -26 -27 27 -29 -30 -31
leaf_value=1.5474490014278209e-05 -0.37283505073615475 -0.52485238075256357 0.31128780841827397 0.041993698053344901 -0.27893127873539925 -0.13592862467304237 -0.31034083611228402 -0.0041569559070464938 0.22732529654560318 0.17220530067456932 -0.023245477055509889 -0.14759874204794565 -0.24951320456133949 0.011927151526635957 0.015893328647488204 0.023562745253245032 0.069023550232538047 -0.027400532397715484 -0.0061630310353319173 -0.10885306357694187 -0.012206390839116264 0.0084052228501864858 0.21273776292800906 -0.0006732800500650032 -0.16364611706563406 0.034860510542760452 -0.012254525275782177 0.022073640689496982 0.0014542336631267897 -0.053031977250489061
leaf_weight=903180 14.000000000000002 4.9999999999999982 6.9999999999999991 79 7.9999999999999991 123 45 3184 83 41 14.999999999999998 14.999999999999998 18 583 563 6 78 17 61 139 363 13.999999999999998 6.9999999999999991 51 56 414 1229 2476 7738 812
leaf_count=903180 14 5 7 79 8 123 45 3184 83 41 15 15 18 583 563 6 78 17 61 139 363 14 7 51 56 414 1229 2476 7738 812
internal_value=-3.05265e-12 6.16868e-05 -0.00330002 -0.0178965 -0.0987012 -0.140472 -0.182646 -0.0103272 0.0405317 0.0664579 -0.192013 0.0410185 -0.00951408 0.00131701 0.0112632 -0.225717 0.133629 0.184022 -0.0377883 -0.00889779 -0.0389671 -0.136674 6.93782e-06 -0.0676259 -0.0859675 0.0284808 0.00114799 0.0106865 -0.00272151 -0.0258842
internal_weight=921424 904516 16908 4063 348 237 168 3715 1222 648 29 470 111 12845 574 11 178 100 69 3686 502 32 903294 114 107 429 12838 3705 9133 1395
internal_count=921424 904516 16908 4063 348 237 168 3715 1222 648 29 470 111 12845 574 11 178 100 69 3686 502 32 903294 114 107 429 12838 3705 9133 1395
is_linear=0
shrinkage=0.05


Tree=187
num_leaves=31
num_cat=0
split_feature=8 6 6 8 0 3 9 5 7 0 7 5 1 2 10 1 0 5 1 6 7 7 2 0 0 7 8 10 2 9
split_gain=74.4236 1200.93 978.083 437.09 334.392 474.277 323.821 294.367 299.51 292.479 271 358.858 270.161 261.287 286.113 254.918 266.576 253.422 421.071 236.976 236.252 230.403 217.215 201.581 197.675 190.041 487.151 556.565 351.31 717.669
threshold=11.183333333333335 11.500000000000002 11.500000000000002 11.866071428571431 20.500000000000004 -0.60785761079279388 0.41475552918820796 12.500000000000002 11.500000000000002 37.000000000000007 11.500000000000002 11.500000000000002 -0.043619387365335778 -0.9959998128332036 31.100000000000005 -0.48091551200015953 37.000000000000007 11.500000000000002 -0.70710005003962695 12.500000000000002 3.5000000000000004 8.5000000000000018 -0.9914354235332985 17.500000000000004 39.500000000000007 12.500000000000002 12.928571428571431 17.100000000000005 -0.89673614347005204 0.40054261783701489
decision_type=2 8 10 2 2 2 2 10 8 2 8 8 2 2 2 2 2 10 2 10 8 8 2 2 2 10 2 2 2 2
left_child=2 4 17 10 7 9 12 8 -2 -6 15 -12 -7 -4 20 16 -3 -1 24 -13 -15 23 -10 -20 -19 28 27 -27 29 -5
right_child=1 3 13 25 5 6 -8 -9 22 -11 11 19 -14 14 -16 -17 -18 18 21 -21 -22 -23 -24 -25 -26 26 -28 -29 -30 -31
leaf_value=-4.4223396537860734e-05 0.033932521879655599 -0.016582280743340127 -0.1006601633851306 0.055873485577971851 0.015584485844932043 0.057644956413820517 0.012234570249990914 -0.0096602658148844164 -0.079111128041168322 -0.095835392407025211 -0.0058569619102478944 -0.030131405033079872 0.12764574403955062 0.070743776587904358 -0.079440733235780436 0.01220458828759576 -0.25358864516019824 -0.044992574235376448 -0.027350049935417571 -0.088454105353846652 -0.022896371777934632 -0.020680302684094636 0.008646063123444311 0.029504308705846152 -0.31195325255393985 -0.1061481581182237 0.00052769435227917945 -0.010925188377692121 0.0019996515232604123 0.0065516900016083547
leaf_weight=741719 1926 1049 118 949 739 924 341 1033 74 64 2019 1785 162 69 223 1636 11.999999999999998 738 205 193 2831 867 1496 651 6.9999999999999991 157 124484 6790 24853 3310
leaf_count=741719 1926 1049 118 949 739 924 341 1033 74 64 2019 1785 162 69 223 1636 12 738 205 193 2831 867 1496 651 7 157 124484 6790 24853 3310
internal_value=-8.2642e-12 0.000931345 -0.000216811 9.62527e-05 0.0215939 0.0374431 0.0547404 0.0137901 0.0207192 0.0067042 -0.012422 -0.0206859 0.0680871 -0.0276247 -0.0248651 -0.000174701 -0.0192628 -9.7447e-05 -0.016093 -0.0358221 -0.0206684 -0.00251264 0.00450974 0.0158885 -0.0475009 0.000618212 -0.000191414 -0.0130772 0.00427341 0.0175417
internal_weight=921424 173996 747428 167237 6759 2230 1427 4529 3496 803 6694 3997 1086 3241 3123 2697 1061 744187 2468 1978 2900 1723 1570 856 745 160543 131431 6947 29112 4259
internal_count=921424 173996 747428 167237 6759 2230 1427 4529 3496 803 6694 3997 1086 3241 3123 2697 1061 744187 2468 1978 2900 1723 1570 856 745 160543 131431 6947 29112 4259
is_linear=0
shrinkage=0.05


Tree=188
num_leaves=31
num_cat=0
split_feature=9 7 8 7 3 8 0 5 3 0 6 0 6 8 7 3 10 0 0 2 5 7 8 6 2 10 3 0 7 9
split_gain=73.8595 374.106 449.223 240.404 187.802 165.271 144.456 200.245 123.883 122.875 111.322 285.547 248.133 87.1124 350.639 608.494 611.75 469.138 509.726 354.707 306.753 201.063 160.656 479.715 653.82 217.792 422.985 175.518 150.328 147.564
threshold=0.38565403768030093 24.500000000000004 19.071428571428573 20.500000000000004 0.87837969732492682 21.071428571428573 27.500000000000004 5.5000000000000009 0.87837969732492682 26.000000000000004 26.500000000000004 37.000000000000007 30.500000000000004 37.535714285714292 35.500000000000007 -1.0000000180025095e-35 24.100000000000005 39.500000000000007 40.500000000000007 0.60875563403867183 28.500000000000004 26.500000000000004 31.071428571428573 31.500000000000004 -0.9404343180211393 17.500000000000004 0.6078576107927941 47.500000000000007 27.500000000000004 0.43143687783917956
decision_type=2 10 2 10 2 2 2 10 2 2 10 2 10 2 10 2 2 2 2 2 10 8 2 10 2 2 2 2 10 2
left_child=1 2 3 6 -4 -3 9 -8 -5 -1 -7 -12 -13 14 22 16 -16 20 -19 -18 -17 -15 23 28 -25 26 -24 -27 -2 -23
right_child=13 5 4 8 -6 10 7 -9 -10 -11 11 12 -14 21 15 17 19 18 -20 -21 -22 29 25 24 -26 27 -28 -29 -30 -31
leaf_value=0.0070273023599564588 -4.9524812006640095e-06 -0.3436967198337828 0.23695950444255556 0.003365325395550046 0.065327906940837163 0.048906844481825834 -0.041203797745207944 0.11319410251386997 -0.25753186178895143 -0.073515225970186296 -0.34308835430578755 0.1587307831645012 -0.14165252968668937 -0.18113862379239157 -0.34119392142251687 0.36102246216365269 0.0084912163888414705 -0.2298010328832345 -0.02757304029839654 -0.16204373283732323 0.025484147666412382 0.01430476787685264 -0.28259997284039856 -0.47045177708972585 -0.063911941684592452 0.021414119725073264 0.006086712226618168 -0.031155488960412814 -0.012054087297572702 0.16282527586993051
leaf_weight=3516 911194 6.9999999999999991 28 7.0000000000000009 37 11.999999999999998 30 70 13 48 10.999999999999998 9.9999999999999982 22 12.999999999999998 27 6.9999999999999991 60 39 155 62 253 1031 18 10.999999999999998 98 1815 43 174 2596 17
leaf_count=3516 911194 7 28 7 37 12 30 70 13 48 11 10 22 13 27 7 60 39 155 62 253 1031 18 11 98 1815 43 174 2596 17
internal_value=-1.79413e-12 0.0069463 0.00896089 0.00666188 0.139262 -0.114871 0.00760555 0.0668747 -0.166218 0.00594255 -0.085748 -0.123326 -0.0477827 -2.88492e-05 -4.54244e-05 -0.0381607 -0.125835 -0.00938638 -0.0682271 -0.0781741 0.0345179 0.0142898 -2.03318e-05 -5.16944e-05 -0.104939 0.0139612 -0.0790995 0.0168153 -3.91831e-05 0.016714
internal_weight=921424 3811 3749 3684 65 62 3664 100 20 3564 55 43 32 917613 916552 603 149 454 194 122 260 1061 915949 913899 109 2050 61 1989 913790 1048
internal_count=921424 3811 3749 3684 65 62 3664 100 20 3564 55 43 32 917613 916552 603 149 454 194 122 260 1061 915949 913899 109 2050 61 1989 913790 1048
is_linear=0
shrinkage=0.05


Tree=189
num_leaves=31
num_cat=0
split_feature=8 6 7 5 0 10 2 8 2 7 2 3 9 2 1 5 5 7 1 6 2 0 10 8 6 8 6 2 7 9
split_gain=73.4622 1299.7 487.881 551.982 1071.9 911.661 423.174 421.672 343.329 314.117 491.082 432.077 421.983 290.984 361.836 280.678 235.469 228.253 208.998 261.415 252.27 376.982 857.866 186.197 701.367 489.48 396.531 515.778 358.864 159.238
threshold=0.69047619047619058 1.0000000180025095e-35 2.5000000000000004 1.0000000180025095e-35 44.000000000000007 27.350000000000005 -0.96591663137137795 1.3541666666666667 0.34202014332566844 1.0000000180025095e-35 -0.90538146624550886 -0.8783796973249266 0.39750427534808258 0.19504389580251666 -0.46174861323503386 2.5000000000000004 5.5000000000000009 27.500000000000004 -0.62750244486049411 1.0000000180025095e-35 -0.90538146624550886 26.000000000000004 23.300000000000001 2.9285714285714293 2.5000000000000004 2.4642857142857149 2.5000000000000004 -0.96759678964602525 2.5000000000000004 0.4333230916593106
decision_type=2 8 10 10 2 2 2 2 2 8 2 2 2 2 2 10 10 8 2 10 2 2 2 2 10 2 8 2 8 2
left_child=18 2 3 4 7 -6 16 -2 -8 10 11 -3 -13 15 -15 -12 -5 29 -1 20 21 -20 -23 24 25 -11 27 -25 -26 -4
right_child=1 9 17 6 5 -7 8 -9 -10 23 13 12 -14 14 -16 -17 -18 -19 19 -21 -22 22 -24 26 28 -27 -28 -29 -30 -31
leaf_value=0.0027325890402524981 0.048441399062402524 -0.050614341245941122 -0.0058658676217454523 0.1122721346535466 1.0642727535963059 0.10946316927671432 -0.00067201286428549695 0.14176567194470824 0.036983992337764275 -0.0011692784657547216 0.0014991975514191476 -0.0077923883683979518 0.081022413014777042 0.031982494148955952 0.0015182663160100466 -0.037526949122311727 -0.206600687901179 0.33413740038871764 0.0028115673632503335 -0.017941222380427373 -0.003976544891503001 0.014578527316916735 0.18492613426780191 0.097078785990473593 -0.0020671299452978326 0.016418905884989451 0.00017885101806457509 0.013150087800060151 -0.019553410088807663 0.27698550343513489
leaf_weight=21100 645 101 1032 165 4.9999999999999982 5 1118 149 1320 138610 2090 176 557 1667 2347 591 5.9999999999999991 4.9999999999999991 9057 2824 42203 360 93 197 4690 4072 675811 2586 7837 4.9999999999999991
leaf_count=21100 645 101 1032 165 5 5 1118 149 1320 138610 2090 176 557 1667 2347 591 6 5 9057 2824 42203 360 93 197 4690 4072 675811 2586 7837 5
internal_value=-2.14263e-12 0.000133508 0.0270688 0.0362113 0.0724334 0.586868 0.025049 0.0659544 0.019716 -9.11843e-06 0.0101579 0.0463381 0.0596972 0.00565095 0.01417 -0.00710373 0.101084 -0.00287712 -0.00149292 -0.00312774 -0.00231879 0.00503794 0.0495506 -0.000100924 -0.00166325 -0.000667329 0.000256413 0.0190911 -0.0130067 -0.00450207
internal_weight=921424 845787 4455 3413 804 10 2609 794 2438 841332 7529 834 733 6695 4014 2681 171 1042 75637 54537 51713 9510 453 833803 155209 142682 678594 2783 12527 1037
internal_count=921424 845787 4455 3413 804 10 2609 794 2438 841332 7529 834 733 6695 4014 2681 171 1042 75637 54537 51713 9510 453 833803 155209 142682 678594 2783 12527 1037
is_linear=0
shrinkage=0.05


Tree=190
num_leaves=31
num_cat=0
split_feature=7 8 3 2 3 0 1 0 6 4 2 0 0 5 2 9 8 2 9 5 0 2 1 6 8 2 8 0 8 1
split_gain=71.4161 568.452 647.547 452.396 1350.11 1881 1234.03 1185.12 865.504 541.043 531.21 513.068 440.298 390.52 373.376 752.72 483.821 479.723 402.82 600.72 353.98 352.466 347.146 337.723 336.822 329.746 327.638 479.358 272.079 269.994
threshold=18.500000000000004 18.071428571428573 1.0000000180025095e-35 -0.87659322597609213 1.0000000180025095e-35 39.500000000000007 -0.28186850698112392 51.500000000000007 33.500000000000007 -0.56174490092936669 -0.98518190603514266 40.500000000000007 22.500000000000004 22.500000000000004 0.043619387365335889 0.40788394466998051 14.183333333333335 0.79334578813923262 0.4044658877702984 14.500000000000002 37.000000000000007 -0.98518190603514266 -0.23552078107181532 19.500000000000004 22.062500000000004 -0.98518190603514266 22.535714285714288 30.000000000000004 19.928571428571434 -0.0065449223915601653
decision_type=8 2 2 2 2 2 2 2 10 2 2 2 2 10 2 2 2 2 2 10 2 2 2 10 2 2 2 2 2 2
left_child=1 -1 13 4 9 6 28 10 -8 11 -7 21 -4 -3 18 16 -16 -18 19 -5 22 -2 -11 -14 -22 -25 27 -17 -6 -13
right_child=3 2 12 14 5 7 8 -9 -10 20 -12 29 23 -15 15 26 17 -19 -20 -21 24 -23 -24 25 -26 -27 -28 -29 -30 -31
leaf_value=7.9229675590063531e-07 -0.096076573758059503 0.0077515352192357809 -0.00094983884830485046 0.15994879033875764 -0.025566959666618469 0.22763626838431641 -0.10028915824543219 -0.22902086392558854 0.091137908735582918 -0.018194741923804335 0.062282983001102424 0.21782941571597397 0.076500436005881065 -0.058330694084411598 -0.090511573648383456 0.0025250845189881931 -0.025268565556036588 0.00019929041095298147 -0.00046626412304366584 0.015481818670995382 -0.13738360074659189 -0.018783048904208722 0.035209118474102664 -0.14664067124518065 -0.0077174400428937076 0.034937736267213956 0.017639642216654275 -0.0314278284551315 0.07320072286250727 -0.0088856882881373171
leaf_weight=877385 231 2452 497 73 137 68 1240 29 62 379 170 29 761 246 215 9654 4352 3215 7906 5038 60 408 1544 26 303 652 2961 1165 142 24
leaf_count=877385 231 2452 497 73 137 68 1240 29 62 379 170 29 761 246 215 9654 4352 3215 7906 5038 60 408 1544 26 303 652 2961 1165 142 24
internal_value=-2.35888e-12 9.30412e-05 0.0175591 -0.00208258 -0.0164231 -0.0499948 -0.070725 0.0727557 -0.0911736 0.00440977 0.109527 -0.0343257 0.0396237 0.00172625 -8.11464e-05 -0.00411805 -0.0165495 -0.014448 0.00660578 0.0175452 0.0161355 -0.0467248 0.0246839 0.053637 -0.0291499 0.0279746 0.00290237 -0.001131 0.0247019 0.115166
internal_weight=921424 882019 4634 39405 4826 1848 1581 267 1302 2978 238 692 1936 2698 34579 21562 7782 7567 13017 5111 2286 639 1923 1439 363 678 13780 10819 279 53
internal_count=921424 882019 4634 39405 4826 1848 1581 267 1302 2978 238 692 1936 2698 34579 21562 7782 7567 13017 5111 2286 639 1923 1439 363 678 13780 10819 279 53
is_linear=0
shrinkage=0.05


Tree=191
num_leaves=31
num_cat=0
split_feature=7 2 3 0 6 6 3 8 9 0 6 6 8 8 3 3 4 8 2 7 5 8 3 3 9 2 9 0 0 2
split_gain=70.2893 446.876 1964.72 1451.58 1600.51 806.023 737.827 439.278 716.895 703.012 413.553 388.498 586.15 382.144 358.956 331.601 313.451 424.928 309.188 299.17 282.551 274.036 270.782 270.023 261.963 273.036 244.943 230.321 228.73 224.129
threshold=21.500000000000004 -0.9404343180211393 1.0000000180025095e-35 39.500000000000007 33.500000000000007 35.500000000000007 0.87837969732492682 20.309523809523814 0.39310637691736899 30.000000000000004 22.500000000000004 19.500000000000004 19.226190476190478 19.690476190476193 0.6078576107927941 1.0000000180025095e-35 0.81174490092936691 38.773809523809533 -0.25881658133175123 26.500000000000004 37.500000000000007 21.845238095238098 0.6078576107927941 -0.60785761079279388 0.39688767247340251 0.67719547657430124 0.39857950243638246 26.000000000000004 31.500000000000004 0.043619387365335889
decision_type=8 2 2 2 10 10 2 2 2 2 10 10 2 2 2 2 2 2 2 10 10 2 2 2 2 2 2 2 2 2
left_child=7 2 21 4 6 22 -4 11 9 -9 -10 12 -1 -13 -6 -11 29 18 -18 -20 -12 23 -5 -2 25 -15 27 -14 -26 -3
right_child=1 16 3 5 14 -7 -8 8 10 15 20 13 26 24 -16 -17 17 -19 19 -21 -22 -23 -24 -25 28 -27 -28 -29 -30 -31
leaf_value=1.1254427391161452e-05 0.021758777952886055 0.0044364787094543249 -0.11934172920540605 -0.00032294565439224248 -0.17926838397979739 -0.16503682953530346 -0.25738863204467904 0.033413185766050672 0.014042567536669069 0.46386811137199402 -0.022677174937610907 -0.034466307609356081 0.042953824481289642 0.021485085857434656 0.20958703556695046 0.1341065491061014 -0.011129111300384888 -0.44232668876647951 0.012473986593221187 0.059395968078642038 -0.30445323768589233 0.030961772872517442 0.19415981783162034 -0.11976560484331387 -0.0031079433386592987 0.15731593827868617 0.022152100860318991 0.13413026086097465 -0.059162874349503694 -0.0065570182337705285
leaf_weight=887478 70 7107 342 25 6.9999999999999991 29 135 555 3724 7.9999999999999991 775 1611 190 265 39 162 591 4.9999999999999991 816 582 8.9999999999999982 755 63 65 1621 43 702 109 205 13336
leaf_count=887478 70 7107 342 25 7 29 135 555 3724 8 775 1611 190 265 39 162 591 5 816 582 9 755 63 65 1621 43 702 109 205 13336
internal_value=2.57846e-13 -0.0026723 -0.0288176 -0.0956334 -0.131249 0.063572 -0.158412 7.13649e-05 0.0145156 0.0606628 0.00709397 -1.33522e-05 5.43854e-05 -0.0160837 0.150413 0.149625 -0.000889426 0.0180332 0.0191905 0.032008 -0.0259118 0.0192298 0.138909 -0.0463826 -0.00220629 0.0404485 0.0382939 0.0761921 -0.00940108 -0.00273513
internal_weight=921424 23967 1530 640 523 117 477 897457 5233 725 4508 892224 888479 3745 46 170 22437 1994 1989 1398 784 890 88 135 2134 308 1001 299 1826 20443
internal_count=921424 23967 1530 640 523 117 477 897457 5233 725 4508 892224 888479 3745 46 170 22437 1994 1989 1398 784 890 88 135 2134 308 1001 299 1826 20443
is_linear=0
shrinkage=0.05


Tree=192
num_leaves=31
num_cat=0
split_feature=7 8 0 0 6 1 9 5 2 8 6 2 10 0 6 1 7 10 10 10 2 5 2 3 6 8 5 4 10 2
split_gain=70.3978 837.624 879.445 558.199 492.351 484.383 375.115 309.346 372.011 300.101 556.281 347.582 509.117 341.812 376.336 440.005 337.493 335.172 278.162 275.984 391.498 264.32 258.865 258.206 251.653 297.905 262.277 212.446 203.751 202.749
threshold=24.500000000000004 24.071428571428573 31.500000000000004 39.500000000000007 26.500000000000004 -0.96591663137137795 0.39791423617225324 23.500000000000004 0.97167097301693828 23.380952380952383 23.500000000000004 0.17364817766693066 26.250000000000004 31.500000000000004 28.500000000000004 0.21430864304727468 13.500000000000002 31.100000000000005 21.750000000000004 24.750000000000004 -0.21856852447980174 24.500000000000004 0.045798757943340172 0.6078576107927941 24.500000000000004 24.535714285714288 20.500000000000004 0.81174490092936691 23.300000000000001 0.69140773499445529
decision_type=10 2 2 2 10 2 2 10 2 2 10 2 2 2 10 2 10 2 2 2 2 10 2 2 10 2 10 2 2 2
left_child=9 2 4 5 7 22 -7 23 -9 10 -1 -12 -13 21 15 16 -15 -14 -16 28 -21 -11 -4 -2 -3 -26 -27 -28 -5 -17
right_child=1 24 3 19 -6 6 -8 8 -10 13 11 12 17 14 18 29 -18 -19 -20 20 -22 -23 -24 -25 25 26 27 -29 -30 -31
leaf_value=2.9709547275087918e-05 -0.001022828252314918 0.048292420655907546 0.10245678252230089 0.012502410084009173 -0.33172902907244861 -0.20918139386102089 -0.091799055802549767 -0.037643752678790519 -0.34665754654190761 0.022982363209416143 -0.002772348528906433 -0.025773413666230562 -0.1978717685173001 -0.089173854156224822 -0.28000122261318294 0.026799234226988308 0.092555600632447763 0.012173818400048692 -0.015099723960272968 -0.37330794665548539 -0.027782131721387094 -0.02169847492901452 -0.1579238248722894 0.089410632141416202 -0.083127200761553624 0.33051475286483767 -0.0032230633795690827 0.019946967850948658 0.25074458069034983 -0.084503044972294258
leaf_weight=908816 247 267 30 25 10.999999999999998 159 119 85 10.999999999999998 746 193 146 109 27 10.999999999999998 145 475 23 100 8.9999999999999982 92 595 13.999999999999998 116 109 5.9999999999999991 7528 1139 13.999999999999998 57
leaf_count=908816 247 267 30 25 11 159 119 85 11 746 193 146 109 27 11 145 475 23 100 9 92 595 14 116 109 6 7528 1139 14 57
internal_value=-2.67899e-12 -0.00417636 -0.04931 -0.0982985 -0.00115527 -0.134538 -0.158935 0.00676698 -0.0730516 4.57343e-05 1.55562e-06 -0.0543227 -0.0901113 0.018678 0.0442153 0.0577066 0.0827813 -0.161273 -0.0413512 -0.0149482 -0.0585716 0.00315753 0.0196084 0.027876 0.000472171 -0.000981713 5.06703e-05 -0.000178104 0.0980252 -0.00460784
internal_weight=921424 9981 932 462 470 322 278 459 96 911443 909287 471 278 2156 815 704 502 132 111 140 101 1341 44 363 9049 8782 8673 8667 39 202
internal_count=921424 9981 932 462 470 322 278 459 96 911443 909287 471 278 2156 815 704 502 132 111 140 101 1341 44 363 9049 8782 8673 8667 39 202
is_linear=0
shrinkage=0.05


Tree=193
num_leaves=31
num_cat=0
split_feature=8 6 6 5 7 2 8 7 5 0 8 3 5 5 5 8 7 1 10 0 2 9 1 7 8 7 8 8 7 9
split_gain=70.1427 1217.15 982.557 493.683 273.15 261.991 244.662 355.119 232.167 226.509 297.944 223.412 229.533 215.964 201.668 286.686 355.123 201.853 199.158 197.998 228.061 187.17 170.535 170.296 164.855 164.39 630.733 478.577 156.888 463.636
threshold=9.4642857142857171 9.5000000000000018 9.5000000000000018 9.5000000000000018 17.500000000000004 -0.98101942973744338 9.8660714285714306 9.5000000000000018 9.5000000000000018 27.500000000000004 11.062500000000002 1.0000000180025095e-35 14.500000000000002 4.5000000000000009 10.500000000000002 9.0625000000000018 9.5000000000000018 -0.88599923532063174 24.450000000000003 20.500000000000004 -0.93894197835419624 0.4145328561800587 -0.64445579466475145 8.5000000000000018 12.690476190476192 11.500000000000002 11.866071428571431 11.062500000000002 9.5000000000000018 0.39527678915676451
decision_type=2 10 8 10 8 2 2 10 10 2 2 2 10 8 10 2 8 2 2 2 2 2 2 10 2 8 2 2 10 2
left_child=1 14 3 4 9 21 7 -4 -9 23 -11 12 24 22 15 28 -17 -16 -14 -13 -21 -3 -8 -2 -5 27 -27 -15 -1 -30
right_child=2 5 6 11 -6 -7 13 8 -10 10 -12 19 18 25 17 16 -18 -19 -20 20 -22 -23 -24 -25 -26 26 -28 -29 29 -31
leaf_value=-5.7023995337396982e-05 0.088131996917848787 -0.084871455634616025 0.0052527526219700946 0.0058457524953920313 -0.076237167621200738 -0.021184781706696743 0.34082472643681938 -0.0046174797885640204 -0.028870585860838863 0.088673681176578006 0.37054575249552729 0.015372004547957183 0.020119981252484851 0.00054464830001067039 -0.076656176082446792 0.023016457749119555 -0.0035879587647964363 -0.013047721891784573 -0.11228298094220364 0.11326503158154444 0.034319454687461261 -0.0020198038004390485 0.069117834531899666 0.035584251506351541 0.17791834984506882 -0.011612394969266264 0.00043262064308024806 0.010731576894928478 -0.030111936293253039 -0.00068163977908288376
leaf_weight=644670 180 281 2575 2416 44 4871 6.9999999999999991 1722 2311 150 9.9999999999999982 1072 45 64644 152 2954 2180 695 77 121 375 90 33 1075 13.999999999999998 11687 155192 14032 1720 6029
leaf_count=644670 180 281 2575 2416 44 4871 7 1722 2311 150 10 1072 45 64644 152 2954 2180 695 77 121 375 90 33 1075 14 11687 155192 14032 1720 6029
internal_value=4.06026e-12 -0.000271888 0.000699958 0.0214548 0.0464489 -0.0242697 0.000240839 -0.00925324 -0.0185151 0.0502638 0.106291 0.0126038 0.0034772 0.000496287 -8.08245e-05 -4.9418e-05 0.0117197 -0.0244627 -0.0634458 0.0274577 0.0535784 -0.0647727 0.116667 0.043121 0.00683712 0.000477363 -0.000410925 0.0023615 -0.000142031 -0.00721411
internal_weight=921424 663642 257782 5579 1459 5242 252203 6608 4033 1415 160 4120 2552 245595 658400 657553 5134 847 122 1568 496 371 40 1255 2430 245555 166879 78676 652419 7749
internal_count=921424 663642 257782 5579 1459 5242 252203 6608 4033 1415 160 4120 2552 245595 658400 657553 5134 847 122 1568 496 371 40 1255 2430 245555 166879 78676 652419 7749
is_linear=0
shrinkage=0.05


Tree=194
num_leaves=31
num_cat=0
split_feature=0 2 0 7 4 8 0 3 3 10 7 0 10 10 9 9 7 2 9 8 2 10 1 1 9 1 9 9 8 9
split_gain=69.2777 127.596 914.289 326.591 476.751 337.898 727.108 462.036 323.027 428.361 293.263 274.03 461.909 463.913 406.606 240.874 185.52 675.64 1507.31 463.051 545.243 374.654 281.735 166.45 221.555 164.294 163.454 147.252 144.297 69.7325
threshold=12.500000000000002 0.79334578813923262 51.500000000000007 39.500000000000007 -0.22252093395631442 24.928571428571434 31.500000000000004 -1.0000000180025095e-35 -1.0000000180025095e-35 22.950000000000003 20.500000000000004 51.500000000000007 17.300000000000001 31.600000000000005 0.39507225004483176 0.43095328033437574 4.5000000000000009 -0.98821097822247983 0.41139506112120555 4.9285714285714297 -0.69140773499445485 31.850000000000005 0.60875563403867206 -0.13052494970477649 0.41888841656062287 -0.96591663137137795 0.43496571750586377 0.41303314382016426 11.598214285714286 0.41586243091809411
decision_type=2 2 2 10 2 2 2 2 2 2 8 2 2 2 2 2 8 2 2 2 2 2 2 2 2 2 2 2 2 2
left_child=29 11 3 5 -5 6 -3 -7 9 10 -4 16 15 14 -14 28 17 18 -2 20 -18 -19 -21 -10 -25 -15 -17 -11 -13 -1
right_child=1 2 8 4 -6 7 -8 -9 23 27 -12 12 13 25 -16 26 19 21 -20 22 -22 -23 -24 24 -26 -27 -28 -29 -30 -31
leaf_value=-0.0014879243532636213 0.035265015577853935 0.0023340679656345602 -0.60156252861022974 0.056134788443644834 -0.57417695522308365 -0.010265435231099219 -0.016765768328155597 0.050356846121059742 -0.2284254047398766 -0.017500967648106092 -0.10019630811044145 0.48528151247236462 -0.092577202636294265 -0.032506211350361511 0.025076932054785363 0.0072310647120078387 -0.024575718373683442 -0.0001004841384290439 -0.0013161163142827986 -0.0016509781325099759 -0.0031574101782737593 0.011399871644392429 0.0013298510059811708 -0.065130384086534904 -0.28674543074199133 0.25674842855444663 0.29983821170670644 0.17290683587392172 0.15027241945266723 0.00020340257195714976
leaf_weight=134017 4550 126615 4.9999999999999973 6 5.9999999999999982 512 5187 814 48 66 7.0000000000000009 8.9999999999999982 82 5.9999999999999991 703 15.000000000000002 4293 178758 7389 196591 9652 7374 132829 58 13.999999999999998 27 6.9999999999999991 11.999999999999998 4.9999999999999991 111767
leaf_count=134017 4550 126615 5 6 6 512 5187 814 48 66 7 9 82 6 703 15 4293 178758 7389 196591 9652 7374 132829 58 14 27 7 12 5 111767
internal_value=-2.7079e-12 0.000261491 0.00164713 0.00181155 -0.259021 0.00183507 0.0015824 0.0269491 -0.102599 -0.030993 -0.309099 -7.924e-05 0.0282215 0.0205072 0.0127869 0.203506 -0.000123878 0.00109472 0.0126251 -0.000826827 -0.00975109 0.000355126 -0.000449046 -0.156303 -0.108222 0.204157 0.100333 0.0117925 0.365635 -0.000718816
internal_weight=921424 675640 133350 133140 12 133128 131802 1326 210 90 12 542290 854 818 785 36 541436 198071 11939 343365 13945 186132 329420 120 72 33 22 78 14 245784
internal_count=921424 675640 133350 133140 12 133128 131802 1326 210 90 12 542290 854 818 785 36 541436 198071 11939 343365 13945 186132 329420 120 72 33 22 78 14 245784
is_linear=0
shrinkage=0.05


Tree=195
num_leaves=31
num_cat=0
split_feature=8 6 6 2 7 5 8 1 3 0 5 5 8 9 5 2 7 5 7 3 2 1 2 2 0 10 8 7 5 6
split_gain=71.2299 1004.23 684.975 480.351 295.154 459.685 502.842 245.386 235.469 280.535 224.755 194.123 163.743 148.692 147.661 303.983 160.205 334.252 136.69 335.324 294.479 213.465 136.59 130.184 456.851 136.848 129.694 166.048 168.012 150.61
threshold=3.5857142857142863 3.5000000000000004 3.5000000000000004 -0.99913862891129024 6.5000000000000009 3.5000000000000004 4.6190476190476195 -0.72225394252948527 0.87837969732492682 26.000000000000004 5.5000000000000009 6.5000000000000009 3.3095238095238098 0.41680627036664153 4.5000000000000009 0.30278504926614219 3.5000000000000004 3.5000000000000004 3.5000000000000004 1.0000000180025095e-35 -0.55543802234893469 0.15210021706137414 -0.99913862891129024 -0.9914354235332985 21.500000000000004 17.300000000000001 3.9285714285714293 3.5000000000000004 3.5000000000000004 4.5000000000000009
decision_type=2 10 8 2 10 10 2 2 2 2 10 10 2 2 8 2 10 10 10 2 2 2 2 2 2 2 2 10 10 10
left_child=1 12 3 8 5 6 -5 13 -2 -10 -9 -7 18 -6 16 -16 17 -14 23 21 -21 -20 -3 24 -1 -25 27 -4 29 -29
right_child=2 22 26 4 7 11 -8 10 9 -11 -12 -13 14 -15 15 -17 -18 -19 19 20 -22 -23 -24 25 -26 -27 -28 28 -30 -31
leaf_value=0.0017550294813195848 0.092232068835033321 -0.096083641692734603 0.0031081795565749797 0.038982519230415999 0.04733361178169064 0.017071983424891465 0.16195588201939404 -0.052575657069886643 0.17414166331291195 0.59287116527557371 0.034100447335538075 -0.014091751899104566 0.040411794557143436 -0.18832235336303713 -0.094835644276520498 0.015093638695401663 -0.00076710402531533924 0.00453676201928467 0.0077943057478965854 -0.034133300338369081 -0.0068300677755338615 -0.014006666839281756 -0.018378064966138041 0.0059333376354030231 0.034689806094608241 -0.00054745989675783599 0.00022366574918640148 0.015763031371777307 -0.020103395309611929 -0.021649173358751227
leaf_weight=10606 36 57 2520 961 153 3328 91 366 12.000000000000002 5.9999999999999991 94 588 1080 6.9999999999999991 102 164 1692 1628 4145 1540 2753 1540 7212 8407 1169 261925 605318 758 2749 417
leaf_count=10606 36 57 2520 961 153 3328 91 366 12 6 94 588 1080 7 102 164 1692 1628 4145 1540 2753 1540 7212 8407 1169 261925 605318 758 2749 417
internal_value=2.65866e-13 -0.000626477 0.000308488 0.0176504 0.0162162 0.0202757 0.0496199 -0.016312 0.166061 0.313718 -0.0348636 0.0123926 -0.000176721 0.0370237 0.0091159 -0.0270597 0.0113029 0.0188444 -0.000325169 -0.0060765 -0.0166244 0.00188868 -0.0189874 -0.000121747 0.00502473 -0.000345915 0.000148551 -0.00690735 -0.0133393 0.00248568
internal_weight=921424 304020 617404 5642 5588 4968 1052 620 54 18 460 3916 296751 160 4666 266 4400 2708 292085 9978 4293 5685 7269 282107 11775 270332 611762 6444 3924 1175
internal_count=921424 304020 617404 5642 5588 4968 1052 620 54 18 460 3916 296751 160 4666 266 4400 2708 292085 9978 4293 5685 7269 282107 11775 270332 611762 6444 3924 1175
is_linear=0
shrinkage=0.05


Tree=196
num_leaves=31
num_cat=0
split_feature=9 6 3 9 7 0 1 7 5 9 5 7 8 6 6 0 0 1 8 6 10 0 0 10 7 7 7 2 0 7
split_gain=70.3582 136.501 433.956 263.948 138.077 127.973 179.909 892.742 85.0731 408.062 688.261 136.664 627.236 204.544 235.894 155.434 380.131 370.029 145.765 353.537 291.839 245.342 406.995 392.408 141.745 126.292 96.0991 202.604 138.599 69.6517
threshold=0.39019162959296555 46.500000000000007 0.87837969732492682 0.38850994985953369 46.500000000000007 18.500000000000004 -0.72225394252948527 12.500000000000002 44.500000000000007 0.39060530122965059 46.500000000000007 35.500000000000007 34.071428571428577 31.500000000000004 33.500000000000007 51.500000000000007 44.000000000000007 -0.77836700843141071 32.226190476190482 32.500000000000007 22.600000000000005 37.000000000000007 39.500000000000007 17.500000000000004 36.500000000000007 29.500000000000004 44.500000000000007 -0.9404343180211393 51.500000000000007 32.500000000000007
decision_type=2 10 2 2 10 2 2 10 10 2 10 10 2 10 10 2 2 2 2 10 2 2 2 2 10 10 8 2 2 10
left_child=1 4 -3 -4 5 -1 29 -8 11 10 -10 18 13 24 -15 16 -14 -17 19 25 -21 23 -23 -20 -13 -2 27 -11 -29 -7
right_child=8 2 3 -5 -6 6 7 -9 9 26 -12 12 15 14 -16 17 -18 -19 21 20 -22 22 -24 -25 -26 -27 -28 28 -30 -31
leaf_value=-0.0001886298232816314 -6.8069632452146984e-05 0.13706582354174718 -0.044766452312469479 -0.52041457785027367 0.17924422404982829 0.00086224636538060045 0.026287865338298938 -0.01676440123097489 0.05223244263066186 -0.18597908243536951 -0.63911319176356007 -0.46533354123433401 0.0065165601830220734 -0.0075347136615253087 -0.17714474944443237 0.12166335129241149 -0.072407588865563421 -0.02346219556617006 -0.24340943247079849 -0.27536516173018349 -0.053967701140141426 0.079653471584761867 0.0033390095875603129 0.00016511447614632271 -0.1897708895128398 -0.014062993345589699 0.023662581657394877 0.075367286287248147 0.2406313892673044 0.026248373146497195
leaf_weight=24339 877183 9 5 7 10.999999999999998 9625 3841 1754 8.9999999999999982 5.9999999999999991 5.9999999999999991 6.0000000000000027 565 41 41 75 209 106 17 18 86 309 402 605 21 1615 168 50 17 278
leaf_count=24339 877183 9 5 7 11 9625 3841 1754 9 6 6 6 565 41 41 75 209 106 17 18 86 309 402 605 21 1615 168 50 17 278
internal_value=-1.03759e-12 0.00205449 -0.125388 -0.322228 0.00212166 0.00207275 0.00562415 0.0127912 -9.2916e-05 0.0287264 -0.224306 -0.000101287 -0.01801 -0.131643 -0.0923397 -0.00504039 -0.014795 0.0366727 -7.964e-05 -0.000104698 -0.0922865 0.016442 0.0365052 -0.00649207 -0.251007 -9.37886e-05 0.0444753 0.0923729 0.1173 0.00157489
internal_weight=921424 39869 21 12 39848 39837 15498 5595 881555 256 15 881299 1064 109 82 955 774 181 880235 878902 104 1333 711 622 27 878798 241 73 67 9903
internal_count=921424 39869 21 12 39848 39837 15498 5595 881555 256 15 881299 1064 109 82 955 774 181 880235 878902 104 1333 711 622 27 878798 241 73 67 9903
is_linear=0
shrinkage=0.05


Tree=197
num_leaves=31
num_cat=0
split_feature=8 6 6 5 2 9 10 2 7 9 10 10 3 0 10 8 5 0 1 7 7 8 7 1 10 8 6 8 8 0
split_gain=68.3909 1334.21 736.068 424.185 343.375 348.929 321.852 409.015 295.317 314.903 281.551 248.327 297.426 222.234 229.192 258.177 206.783 297.494 550.888 223.133 202.308 199.132 210.001 329.523 197.581 195.673 191.768 1212.46 549.747 367.794
threshold=15.380952380952383 15.500000000000002 15.500000000000002 12.500000000000002 -0.96591663137137795 0.42041410240134919 29.000000000000004 0.64111330583356219 10.500000000000002 0.40054261783701489 28.050000000000004 17.300000000000001 0.87837969732492682 21.500000000000004 32.350000000000009 15.937500000000002 16.500000000000004 39.500000000000007 -0.23552078107181532 18.500000000000004 18.500000000000004 15.071428571428573 20.500000000000004 -0.93894197835419624 24.350000000000005 14.309523809523812 17.500000000000004 17.380952380952383 17.535714285714288 23.500000000000004
decision_type=2 10 8 10 2 2 2 2 8 2 2 2 2 2 2 2 10 2 2 10 8 2 10 2 2 2 10 2 2 2
left_child=1 16 13 8 5 -5 10 -8 9 -3 -6 12 -4 -2 24 -16 21 19 -19 -18 25 22 -1 -24 -15 -10 28 -28 -13 -30
right_child=2 3 11 4 6 -7 7 -9 20 -11 -12 26 -14 14 15 -17 17 18 -20 -21 -22 -23 23 -25 -26 -27 27 -29 29 -31
leaf_value=-1.380955811116876e-05 0.012214066173843068 0.094011477061680337 -0.0070314558276229544 -0.13120629220626298 -0.036347634978774877 0.031422339938580991 -0.026257857010384751 -0.13627989308280483 0.024592269377439822 -0.32194949090480807 0.027413964962709675 0.0027362046200724664 -0.054046060883765269 0.01727755798916766 0.0080035217106342316 -0.4068674842516582 -0.021515272916095507 -0.67907269477844245 -0.04610657637769526 -0.35721745133399962 -0.035976598039269447 0.017226332879271292 0.28284857102802824 -0.066962079635810703 0.056547274566350718 0.13663555231896488 -0.040871591039015415 0.00092524687464631155 0.010353188472096778 0.060865811950108178
leaf_weight=850562 1340 7.0000000000000027 1674 188 1429 40 166 172 228 12.999999999999998 197 18372 421 494 9.9999999999999982 5.9999999999999991 494 4.9999999999999991 10.999999999999998 4.9999999999999991 112 1676 6.9999999999999991 176 911 47 1815 39403 745 698
leaf_count=850562 1340 7 1674 188 1429 40 166 172 228 13 197 18372 421 494 10 6 494 5 11 5 112 1676 7 176 911 47 1815 39403 745 698
internal_value=-4.49521e-12 -0.000119544 0.00155221 -0.0358895 -0.0445935 -0.102675 -0.0378509 -0.0822454 0.0109884 -0.176363 -0.0286225 0.000447005 -0.0164793 0.0268219 0.0405971 -0.147573 -1.05484e-05 -0.0316838 -0.243908 -0.024879 0.0206706 8.58738e-06 -2.53322e-05 -0.0535813 0.04274 0.0437415 0.00102801 -0.000915242 0.00507025 0.0347869
internal_weight=921424 855535 65889 2599 2192 228 1964 338 407 20 1626 63128 2095 2761 1421 16 852936 515 16 499 387 852421 850745 183 1405 275 61033 41218 19815 1443
internal_count=921424 855535 65889 2599 2192 228 1964 338 407 20 1626 63128 2095 2761 1421 16 852936 515 16 499 387 852421 850745 183 1405 275 61033 41218 19815 1443
is_linear=0
shrinkage=0.05


Tree=198
num_leaves=31
num_cat=0
split_feature=8 6 7 8 5 0 2 7 2 3 5 10 5 8 6 7 6 7 0 3 9 8 1 1 6 2 0 0 9 1
split_gain=68.2249 981.009 275.304 448.115 652.551 1039.86 343.552 254.756 432.551 627.031 398.057 276.973 225.045 212.542 405.847 293.596 268.103 183.358 177.439 165.376 225.574 155.882 152.191 143.898 143.502 129.328 702.337 588.505 917.286 164.917
threshold=0.46428571428571436 1.0000000180025095e-35 2.5000000000000004 0.73214285714285732 1.0000000180025095e-35 44.000000000000007 -0.96591663137137795 1.0000000180025095e-35 -0.9914354235332985 1.0000000180025095e-35 5.5000000000000009 17.100000000000005 30.500000000000004 1.7738095238095239 1.5000000000000002 3.5000000000000004 1.5000000000000002 27.500000000000004 22.500000000000004 1.0000000180025095e-35 0.43283367694196617 0.73214285714285732 -0.55543802234893536 -0.34406860020158053 1.0000000180025095e-35 -0.9404343180211393 44.000000000000007 26.000000000000004 0.42023405598142266 -0.60875563403867206
decision_type=2 8 10 2 10 2 2 8 2 2 10 2 10 2 8 8 10 8 2 2 2 2 2 2 10 2 2 2 2 2
left_child=24 2 3 -2 5 -5 -6 8 9 -3 -11 18 -13 16 15 -15 21 19 -10 20 -4 -9 -16 -18 25 26 27 -1 -29 -27
right_child=1 7 17 4 6 -7 -8 13 11 10 -12 12 -14 14 22 -17 23 -19 -20 -21 -22 -23 -24 -25 -26 29 -28 28 -30 -31
leaf_value=0.0037848120361054661 0.0097452978769597409 -0.035166279699963825 0.012072562364384696 0.074293500998254297 0.096360012096983777 0.6156600420673688 0.019285671843492058 -0.013300815779355941 0.047373234559046601 0.13955233438387929 -0.17032999348911373 0.0055610249017351921 0.23186742060563784 0.027069622684985969 -0.0010511189195038005 -0.010237178639767485 -0.0052008600117286075 0.29934069752693176 0.27741735637187959 -0.020845635903069933 0.32019897742817799 -0.0011592107732545807 0.00051399386223724408 -0.018843450609549291 -0.016480606951838055 0.0020701813956025546 -0.20609329281709132 0.010324830197652055 0.21198230297728018 -0.0035837874628399675
leaf_weight=6357 3234 96 592 615 155 8.9999999999999982 2151 2750 19 179 10.999999999999998 8262 10.999999999999998 2303 218818 684 4256 4.9999999999999991 14.999999999999998 683 5.9999999999999991 68275 535285 3541 1564 18459 39 157 88 42805
leaf_count=6357 3234 96 592 615 155 9 2151 2750 19 179 11 8262 11 2303 218818 684 4256 5 15 683 6 68275 535285 3541 1564 18459 39 157 88 42805
internal_value=-2.81529e-12 0.000122857 0.0181872 0.0225774 0.0367409 0.0821017 0.0244663 -3.65018e-05 0.00852873 0.068987 0.121612 0.00644722 0.00586193 -0.000124551 0.000132704 0.0185267 -0.00259549 -0.00285592 0.148863 -0.00403546 0.0151641 -0.00162932 5.98452e-05 -0.0113966 -0.00150669 -0.00116181 0.00546572 0.00671546 0.0827569 -0.00188023
internal_weight=921424 851955 7450 6164 2930 624 2306 844505 8593 286 190 8307 8273 835912 757090 2987 78822 1286 34 1281 598 71025 754103 7797 69469 67905 6641 6602 245 61264
internal_count=921424 851955 7450 6164 2930 624 2306 844505 8593 286 190 8307 8273 835912 757090 2987 78822 1286 34 1281 598 71025 754103 7797 69469 67905 6641 6602 245 61264
is_linear=0
shrinkage=0.05


Tree=199
num_leaves=31
num_cat=0
split_feature=6 8 8 6 1 7 9 0 2 10 9 9 2 2 9 5 9 7 7 7 7 10 0 7 7 1 10 8 8 6
split_gain=67.6515 697.173 363.627 814.434 449.518 360.829 376.052 331.027 383.292 323.692 307.494 283.551 238.166 221.633 291.086 218.654 199.703 199.229 332.26 191.776 213.541 182.852 182.324 169.364 164.909 173.919 227.985 187.74 166.469 917.539
threshold=22.500000000000004 22.062500000000004 22.773809523809529 23.500000000000004 -0.79334578813923284 21.500000000000004 0.3897279410207104 27.500000000000004 -0.30070579950427329 17.300000000000001 0.42385313782111006 0.39269480739299512 0.3007057995042734 -0.9914354235332985 0.4119135098331172 15.500000000000002 0.39527678915676451 22.500000000000004 17.500000000000004 28.500000000000004 22.500000000000004 28.250000000000004 26.000000000000004 23.500000000000004 26.500000000000004 -0.97167097301693806 26.600000000000005 15.380952380952383 20.309523809523814 20.500000000000004
decision_type=8 2 2 10 2 10 2 2 2 2 2 2 2 2 2 8 2 10 10 10 10 2 2 10 10 2 2 2 2 10
left_child=1 24 3 9 12 22 -7 13 17 10 -2 23 -5 14 -3 -4 -13 18 -9 20 -11 -14 -6 -10 28 -26 -27 -28 29 -1
right_child=2 7 15 4 5 6 -8 8 11 19 -12 16 21 -15 -16 -17 -18 -19 -20 -21 -22 -23 -24 -25 25 26 27 -29 -30 -31
leaf_value=1.2367777107356335e-05 -0.34424009621143337 -0.49388246774673478 0.28036103589194167 0.04033663875660623 -0.25636964216828345 -0.39068915914086738 -0.14264104917324735 0.030016649011522536 0.24670265236248576 -0.003672908884412086 -0.018420254345983267 -0.16964954624955472 -0.22676089472240873 0.014492064790722054 0.022672508160273233 0.00083799196697988967 0.029585214007618172 0.046723607360300699 0.20028266052318977 0.30143698215484621 -0.038912299984067748 0.014171082632882255 -0.0025022730964129091 0.04042986333370209 0.18132872496332442 0.00055728123030241794 0.11870773037274679 -0.17728513580560687 0.0080102414364476553 -0.046644072394171218
leaf_weight=895661 14.000000000000002 4.9999999999999982 6.9999999999999991 79 7.9999999999999991 17 151 40 24 3184 14.999999999999998 12.999999999999998 18 563 6 12838 387 66 101 4.9999999999999991 497 13.999999999999998 61 17 6.9999999999999991 51 5.9999999999999991 50 6464 1055
leaf_count=895661 14 5 7 79 8 17 151 40 24 3184 15 13 18 563 6 12838 387 66 101 5 497 14 61 17 7 51 6 50 6464 1055
internal_value=1.48559e-12 5.85756e-05 -0.00313358 -0.0161711 -0.0893127 -0.128203 -0.167741 0.0377994 0.0622919 -0.00931963 -0.175713 0.035946 -0.00627664 0.0101492 -0.212125 0.000990321 0.0231101 0.11842 0.15198 -0.00801052 -0.00843085 -0.121353 -0.0319362 0.161175 7.51887e-06 -0.0601253 -0.0759214 -0.145572 1.51089e-05 -4.25242e-05
internal_weight=921424 904516 16908 4063 348 237 168 1222 648 3715 29 441 111 574 11 12845 400 207 141 3686 3681 32 69 41 903294 114 107 56 903180 896716
internal_count=921424 904516 16908 4063 348 237 168 1222 648 3715 29 441 111 574 11 12845 400 207 141 3686 3681 32 69 41 903294 114 107 56 903180 896716
is_linear=0
shrinkage=0.05


end of trees

feature_importances:
rolling_mean_60m=1185
lag_60m=942
hour_cos=871
capacity=778
lag_30m=585
lag_15m=447
hour_sin=325
dow_sin=309
forecast_temp_c=271
neighbor_avg_bikes_ratio=239
dow_cos=48

parameters:
[boosting: gbdt]
[objective: regression]
[metric: l2]
[tree_learner: serial]
[device_type: cpu]
[data_sample_strategy: bagging]
[data: ]
[valid: ]
[num_iterations: 200]
[learning_rate: 0.05]
[num_leaves: 31]
[num_threads: 10]
[seed: 0]
[deterministic: 0]
[force_col_wise: 0]
[force_row_wise: 0]
[histogram_pool_size: -1]
[max_depth: 6]
[min_data_in_leaf: 5]
[min_sum_hessian_in_leaf: 0.001]
[bagging_fraction: 1]
[pos_bagging_fraction: 1]
[neg_bagging_fraction: 1]
[bagging_freq: 0]
[bagging_seed: 3]
[bagging_by_query: 0]
[feature_fraction: 1]
[feature_fraction_bynode: 1]
[feature_fraction_seed: 2]
[extra_trees: 0]
[extra_seed: 6]
[early_stopping_round: 0]
[early_stopping_min_delta: 0]
[first_metric_only: 0]
[max_delta_step: 0]
[lambda_l1: 0]
[lambda_l2: 0]
[linear_lambda: 0]
[min_gain_to_split: 0]
[drop_rate: 0.1]
[max_drop: 50]
[skip_drop: 0.5]
[xgboost_dart_mode: 0]
[uniform_drop: 0]
[drop_seed: 4]
[top_rate: 0.2]
[other_rate: 0.1]
[min_data_per_group: 100]
[max_cat_threshold: 32]
[cat_l2: 10]
[cat_smooth: 10]
[max_cat_to_onehot: 4]
[top_k: 20]
[monotone_constraints: ]
[monotone_constraints_method: basic]
[monotone_penalty: 0]
[feature_contri: ]
[forcedsplits_filename: ]
[refit_decay_rate: 0.9]
[cegb_tradeoff: 1]
[cegb_penalty_split: 0]
[cegb_penalty_feature_lazy: ]
[cegb_penalty_feature_coupled: ]
[path_smooth: 0]
[interaction_constraints: ]
[verbosity: -1]
[saved_feature_importance_type: 0]
[use_quantized_grad: 0]
[num_grad_quant_bins: 4]
[quant_train_renew_leaf: 0]
[stochastic_rounding: 1]
[linear_tree: 0]
[max_bin: 255]
[max_bin_by_feature: ]
[min_data_in_bin: 3]
[bin_construct_sample_cnt: 200000]
[data_random_seed: 1]
[is_enable_sparse: 1]
[enable_bundle: 1]
[use_missing: 1]
[zero_as_missing: 0]
[feature_pre_filter: 1]
[pre_partition: 0]
[two_round: 0]
[header: 0]
[label_column: ]
[weight_column: ]
[group_column: ]
[ignore_column: ]
[categorical_feature: ]
[forcedbins_filename: ]
[precise_float_parser: 0]
[parser_config_file: ]
[objective_seed: 5]
[num_class: 1]
[is_unbalance: 0]
[scale_pos_weight: 1]
[sigmoid: 1]
[boost_from_average: 1]
[reg_sqrt: 0]
[alpha: 0.9]
[fair_c: 1]
[poisson_max_delta_step: 0.7]
[tweedie_variance_power: 1.5]
[lambdarank_truncation_level: 30]
[lambdarank_norm: 1]
[label_gain: ]
[lambdarank_position_bias_regularization: 0]
[eval_at: ]
[multi_error_top_k: 1]
[auc_mu_weights: ]
[num_machines: 1]
[local_listen_port: 12400]
[time_out: 120]
[machine_list_filename: ]
[machines: ]
[gpu_platform_id: -1]
[gpu_device_id: -1]
[gpu_device_id_list: ]
[gpu_use_dp: 0]
[num_gpu: 1]

end of parameters

pandas_categorical:[]
